[0] MPI startup(): ===== GPU topology on compute11 =====
[0] MPI startup(): NUMA nodes     : 2
[0] MPI startup(): GPUs           : 4
[0] MPI startup(): Stacks (Tiles) : 8
[0] MPI startup(): Hierarchy mode : flat
[0] MPI startup(): Backend        : level zero
[0] MPI startup(): Device name    : Intel(R) Data Center GPU Max 1550
[0] MPI startup(): NUMA Id	GPU Id         Stacks (tiles)                 Ranks on this NUMA
[0] MPI startup(): 0      	0,1            (0,1)(2,3)                     0,1,2,3
[0] MPI startup(): 1      	2,3            (4,5)(6,7)                     4,5,6,7
[0] MPI startup(): ===== GPU pinning on compute11 =====
[0] MPI startup(): Rank	 Pin stack (tile)
[0] MPI startup(): 0	 {0}
[0] MPI startup(): 1	 {1}
[0] MPI startup(): 2	 {2}
[0] MPI startup(): 3	 {3}
[0] MPI startup(): 4	 {4}
[0] MPI startup(): 5	 {5}
[0] MPI startup(): 6	 {6}
[0] MPI startup(): 7	 {7}
[0] MPI startup(): Intel(R) MPI Library, Version 2021.16  Build 20250513 (id: a7c135c)
[0] MPI startup(): Copyright (C) 2003-2025 Intel Corporation.  All rights reserved.
[0] MPI startup(): library kind: release
[0] MPI startup(): libfabric version: 2.1.0-impi
[0] MPI startup(): libfabric provider: psm3
[0] MPI startup(): File "/install/software/oneAPI/2025.2/mpi/2021.16/opt/mpi/etc/tuning_spr_shm-ofi_psm3_200_x1.dat" not found
[0] MPI startup(): File "/install/software/oneAPI/2025.2/mpi/2021.16/opt/mpi/etc/tuning_spr_shm-ofi_psm3_200.dat" not found
[0] MPI startup(): File "/install/software/oneAPI/2025.2/mpi/2021.16/opt/mpi/etc/tuning_spr_shm-ofi_psm3.dat" not found
[0] MPI startup(): Load tuning file: "/install/software/oneAPI/2025.2/mpi/2021.16/opt/mpi/etc/tuning_spr_shm-ofi.dat"
[0] MPI startup(): Number of NICs:  1 
[0] MPI startup(): ===== NIC pinning on compute11 =====
[0] MPI startup(): Rank    Thread id  Pin nic
[0] MPI startup(): 0       0          autoselect_one:mlx5_0;mlx5_1
[0] MPI startup(): 1       0          autoselect_one:mlx5_0;mlx5_1
[0] MPI startup(): 2       0          autoselect_one:mlx5_0;mlx5_1
[0] MPI startup(): 3       0          autoselect_one:mlx5_0;mlx5_1
[0] MPI startup(): 4       0          autoselect_one:mlx5_0;mlx5_1
[0] MPI startup(): 5       0          autoselect_one:mlx5_0;mlx5_1
[0] MPI startup(): 6       0          autoselect_one:mlx5_0;mlx5_1
[0] MPI startup(): 7       0          autoselect_one:mlx5_0;mlx5_1
[0] MPI startup(): ===== CPU pinning =====
[0] MPI startup(): Rank    Pid      Node name  Pin cpu
[0] MPI startup(): 0       200465   compute11  {0-13,112-125}
[0] MPI startup(): 1       200466   compute11  {14-27,126-139}
[0] MPI startup(): 2       200467   compute11  {28-41,140-153}
[0] MPI startup(): 3       200468   compute11  {42-55,154-167}
[0] MPI startup(): 4       200469   compute11  {56-69,168-181}
[0] MPI startup(): 5       200470   compute11  {70-83,182-195}
[0] MPI startup(): 6       200471   compute11  {84-97,196-209}
[0] MPI startup(): 7       200472   compute11  {98-111,210-223}
[0] MPI startup(): 8       97286    compute12  {0-13,112-125}
[0] MPI startup(): 9       97287    compute12  {14-27,126-139}
[0] MPI startup(): 10      97288    compute12  {28-41,140-153}
[0] MPI startup(): 11      97289    compute12  {42-55,154-167}
[0] MPI startup(): 12      97290    compute12  {56-69,168-181}
[0] MPI startup(): 13      97291    compute12  {70-83,182-195}
[0] MPI startup(): 14      97292    compute12  {84-97,196-209}
[0] MPI startup(): 15      97293    compute12  {98-111,210-223}
[0] MPI startup(): 16      192339   compute13  {0-13,112-125}
[0] MPI startup(): 17      192340   compute13  {14-27,126-139}
[0] MPI startup(): 18      192341   compute13  {28-41,140-153}
[0] MPI startup(): 19      192342   compute13  {42-55,154-167}
[0] MPI startup(): 20      192343   compute13  {56-69,168-181}
[0] MPI startup(): 21      192344   compute13  {70-83,182-195}
[0] MPI startup(): 22      192345   compute13  {84-97,196-209}
[0] MPI startup(): 23      192346   compute13  {98-111,210-223}
[0] MPI startup(): 24      102177   compute14  {0-13,112-125}
[0] MPI startup(): 25      102178   compute14  {14-27,126-139}
[0] MPI startup(): 26      102179   compute14  {28-41,140-153}
[0] MPI startup(): 27      102180   compute14  {42-55,154-167}
[0] MPI startup(): 28      102181   compute14  {56-69,168-181}
[0] MPI startup(): 29      102182   compute14  {70-83,182-195}
[0] MPI startup(): 30      102183   compute14  {84-97,196-209}
[0] MPI startup(): 31      102184   compute14  {98-111,210-223}
[0] MPI startup(): 32      183273   compute21  {0-13,112-125}
[0] MPI startup(): 33      183274   compute21  {14-27,126-139}
[0] MPI startup(): 34      183275   compute21  {28-41,140-153}
[0] MPI startup(): 35      183276   compute21  {42-55,154-167}
[0] MPI startup(): 36      183277   compute21  {56-69,168-181}
[0] MPI startup(): 37      183278   compute21  {70-83,182-195}
[0] MPI startup(): 38      183279   compute21  {84-97,196-209}
[0] MPI startup(): 39      183280   compute21  {98-111,210-223}
[0] MPI startup(): 40      193546   compute22  {0-13,112-125}
[0] MPI startup(): 41      193547   compute22  {14-27,126-139}
[0] MPI startup(): 42      193548   compute22  {28-41,140-153}
[0] MPI startup(): 43      193549   compute22  {42-55,154-167}
[0] MPI startup(): 44      193550   compute22  {56-69,168-181}
[0] MPI startup(): 45      193551   compute22  {70-83,182-195}
[0] MPI startup(): 46      193552   compute22  {84-97,196-209}
[0] MPI startup(): 47      193553   compute22  {98-111,210-223}
[0] MPI startup(): 48      46271    compute23  {0-13,112-125}
[0] MPI startup(): 49      46272    compute23  {14-27,126-139}
[0] MPI startup(): 50      46273    compute23  {28-41,140-153}
[0] MPI startup(): 51      46274    compute23  {42-55,154-167}
[0] MPI startup(): 52      46275    compute23  {56-69,168-181}
[0] MPI startup(): 53      46276    compute23  {70-83,182-195}
[0] MPI startup(): 54      46277    compute23  {84-97,196-209}
[0] MPI startup(): 55      46278    compute23  {98-111,210-223}
[0] MPI startup(): 56      138858   compute31  {0-13,112-125}
[0] MPI startup(): 57      138859   compute31  {14-27,126-139}
[0] MPI startup(): 58      138860   compute31  {28-41,140-153}
[0] MPI startup(): 59      138861   compute31  {42-55,154-167}
[0] MPI startup(): 60      138862   compute31  {56-69,168-181}
[0] MPI startup(): 61      138863   compute31  {70-83,182-195}
[0] MPI startup(): 62      138864   compute31  {84-97,196-209}
[0] MPI startup(): 63      138865   compute31  {98-111,210-223}
[0] MPI startup(): I_MPI_ROOT=/install/software/oneAPI/2025.2/mpi/2021.16
[0] MPI startup(): ONEAPI_ROOT=/install/software/oneAPI/2025.2
[0] MPI startup(): I_MPI_MPIRUN=mpirun
[0] MPI startup(): I_MPI_BIND_WIN_ALLOCATE=localalloc
[0] MPI startup(): I_MPI_HYDRA_TOPOLIB=ipl2
[0] MPI startup(): I_MPI_HYDRA_BOOTSTRAP=slurm
[0] MPI startup(): I_MPI_OFFLOAD_DOMAIN_SIZE=1
[0] MPI startup(): I_MPI_OFFLOAD_CELL=tile
[0] MPI startup(): I_MPI_RETURN_WIN_MEM_NUMA=0
[0] MPI startup(): I_MPI_INTERNAL_MEM_POLICY=default
[0] MPI startup(): I_MPI_OFFLOAD_TOPOLIB=level_zero
[0] MPI startup(): I_MPI_OFFLOAD=1
[0] MPI startup(): I_MPI_OFFLOAD_CBWR=0
[0] MPI startup(): I_MPI_OFFLOAD_PIPELINE=0
[0] MPI startup(): I_MPI_OFFLOAD_FAST_MEMCPY_COLL=1
[0] MPI startup(): I_MPI_OFFLOAD_RDMA=1
[0] MPI startup(): I_MPI_OFFLOAD_RDMA_THRESHOLD=0
[0] MPI startup(): I_MPI_INFO_GPU_ID_LOCAL_MAP=0,0,1,1,2,2,3,3
[0] MPI startup(): I_MPI_INFO_GPU_TILE_ID_LOCAL_MAP=0,1,2,3,4,5,6,7
[0] MPI startup(): I_MPI_OFI_PROVIDER=psm3
[0] MPI startup(): I_MPI_DEBUG=5
---
 Reference Paper             : The Journal of Chemical Physics 137, 134108 (2012)
 Version Number              : PSolver 1.10
 Timestamp of this run       : 2025-11-27 01:28:01.150
 Root process Hostname       : compute11
  #------------------------------------------------------------------- Kernel Initialization
 Poisson Kernel Initialization:
    #---------------------------------------------------------------------- Input parameters
   setup:
  #------------------------------------------------------------------- Kernel Initialization
 Poisson Kernel Initialization:
    #---------------------------------------------------------------------- Input parameters
   setup:
  #------------------------------------------------------------------- Kernel Initialization
 Poisson Kernel Initialization:
    #---------------------------------------------------------------------- Input parameters
   setup:
     accel                             : ONEMATH # Material Acceleration
  #------------------------------------------------------------------- Kernel Initialization
 Poisson Kernel Initialization:
    #---------------------------------------------------------------------- Input parameters
   setup:
     accel                             : ONEMATH # Material Acceleration
     use_gpu_direct                    : Yes #    Force (or not) the usage of GPUdirect communication, if available
  #------------------------------------------------------------------- Kernel Initialization
 Poisson Kernel Initialization:
    #---------------------------------------------------------------------- Input parameters
   setup:
     accel                             : ONEMATH # Material Acceleration
     use_gpu_direct                    : Yes #    Force (or not) the usage of GPUdirect communication, if available
     verbose                           : Yes #    Verbosity switch
  #------------------------------------------------------------------- Kernel Initialization
 Poisson Kernel Initialization:
    #---------------------------------------------------------------------- Input parameters
   setup:
     accel                             : ONEMATH # Material Acceleration
     use_gpu_direct                    : Yes #    Force (or not) the usage of GPUdirect communication, if available
     verbose                           : Yes #    Verbosity switch
     keep_gpu_memory                   : Yes #    Do not deallocate GPU memory at each call of the (G)PS routine
     taskgroup_size                    : 0 #      Size of the taskgroups of the Poisson Solver
  #------------------------------------------------------------------- Kernel Initialization
 Poisson Kernel Initialization:
    #---------------------------------------------------------------------- Input parameters
   setup:
  #------------------------------------------------------------------- Kernel Initialization
 Poisson Kernel Initialization:
    #---------------------------------------------------------------------- Input parameters
   setup:
     accel                             : ONEMATH # Material Acceleration
     use_gpu_direct                    : Yes #    Force (or not) the usage of GPUdirect communication, if available
     verbose                           : Yes #    Verbosity switch
     keep_gpu_memory                   : Yes #    Do not deallocate GPU memory at each call of the (G)PS routine
     taskgroup_size                    : 0 #      Size of the taskgroups of the Poisson Solver
     global_data                       : No #     Charge density and Electrostatic potential are given by global arrays
  #------------------------------------------------------------------- Kernel Initialization
 Poisson Kernel Initialization:
    #---------------------------------------------------------------------- Input parameters
   setup:
     accel                             : ONEMATH # Material Acceleration
     use_gpu_direct                    : Yes #    Force (or not) the usage of GPUdirect communication, if available
     accel                             : ONEMATH # Material Acceleration
     use_gpu_direct                    : Yes #    Force (or not) the usage of GPUdirect communication, if available
     verbose                           : Yes #    Verbosity switch
     keep_gpu_memory                   : Yes #    Do not deallocate GPU memory at each call of the (G)PS routine
     taskgroup_size                    : 0 #      Size of the taskgroups of the Poisson Solver
     global_data                       : No #     Charge density and Electrostatic potential are given by global arrays
     output                            : none #   Quantities to be plotted after the main solver routine
   kernel:
     screening                         : 0 #      Mu screening parameter
  #------------------------------------------------------------------- Kernel Initialization
 Poisson Kernel Initialization:
    #---------------------------------------------------------------------- Input parameters
   setup:
     accel                             : ONEMATH # Material Acceleration
     use_gpu_direct                    : Yes #    Force (or not) the usage of GPUdirect communication, if available
  #------------------------------------------------------------------- Kernel Initialization
 Poisson Kernel Initialization:
    #---------------------------------------------------------------------- Input parameters
   setup:
     accel                             : ONEMATH # Material Acceleration
     accel                             : ONEMATH # Material Acceleration
     use_gpu_direct                    : Yes #    Force (or not) the usage of GPUdirect communication, if available
     verbose                           : Yes #    Verbosity switch
     keep_gpu_memory                   : Yes #    Do not deallocate GPU memory at each call of the (G)PS routine
     taskgroup_size                    : 0 #      Size of the taskgroups of the Poisson Solver
     global_data                       : No #     Charge density and Electrostatic potential are given by global arrays
     output                            : none #   Quantities to be plotted after the main solver routine
   kernel:
     screening                         : 0 #      Mu screening parameter
  #------------------------------------------------------------------- Kernel Initialization
 Poisson Kernel Initialization:
    #---------------------------------------------------------------------- Input parameters
   setup:
  #------------------------------------------------------------------- Kernel Initialization
 Poisson Kernel Initialization:
    #---------------------------------------------------------------------- Input parameters
   setup:
     accel                             : ONEMATH # Material Acceleration
     use_gpu_direct                    : Yes #    Force (or not) the usage of GPUdirect communication, if available
     verbose                           : Yes #    Verbosity switch
  #------------------------------------------------------------------- Kernel Initialization
 Poisson Kernel Initialization:
    #---------------------------------------------------------------------- Input parameters
   setup:
     accel                             : ONEMATH # Material Acceleration
     use_gpu_direct                    : Yes #    Force (or not) the usage of GPUdirect communication, if available
     verbose                           : Yes #    Verbosity switch
     keep_gpu_memory                   : Yes #    Do not deallocate GPU memory at each call of the (G)PS routine
  #------------------------------------------------------------------- Kernel Initialization
 Poisson Kernel Initialization:
    #---------------------------------------------------------------------- Input parameters
   setup:
     accel                             : ONEMATH # Material Acceleration
     use_gpu_direct                    : Yes #    Force (or not) the usage of GPUdirect communication, if available
     use_gpu_direct                    : Yes #    Force (or not) the usage of GPUdirect communication, if available
     verbose                           : Yes #    Verbosity switch
     keep_gpu_memory                   : Yes #    Do not deallocate GPU memory at each call of the (G)PS routine
     taskgroup_size                    : 0 #      Size of the taskgroups of the Poisson Solver
     global_data                       : No #     Charge density and Electrostatic potential are given by global arrays
     output                            : none #   Quantities to be plotted after the main solver routine
   kernel:
     screening                         : 0 #      Mu screening parameter
     isf_order                         : 16 #     Order of the Interpolating Scaling Function family
     stress_tensor                     : Yes #    Triggers the calculation of the stress tensor
  #------------------------------------------------------------------- Kernel Initialization
 Poisson Kernel Initialization:
    #---------------------------------------------------------------------- Input parameters
   setup:
  #------------------------------------------------------------------- Kernel Initialization
 Poisson Kernel Initialization:
    #---------------------------------------------------------------------- Input parameters
   setup:
     accel                             : ONEMATH # Material Acceleration
     use_gpu_direct                    : Yes #    Force (or not) the usage of GPUdirect communication, if available
     verbose                           : Yes #    Verbosity switch
     keep_gpu_memory                   : Yes #    Do not deallocate GPU memory at each call of the (G)PS routine
  #------------------------------------------------------------------- Kernel Initialization
 Poisson Kernel Initialization:
    #---------------------------------------------------------------------- Input parameters
   setup:
     accel                             : ONEMATH # Material Acceleration
  #------------------------------------------------------------------- Kernel Initialization
 Poisson Kernel Initialization:
    #---------------------------------------------------------------------- Input parameters
   setup:
     accel                             : ONEMATH # Material Acceleration
     use_gpu_direct                    : Yes #    Force (or not) the usage of GPUdirect communication, if available
     verbose                           : Yes #    Verbosity switch
     keep_gpu_memory                   : Yes #    Do not deallocate GPU memory at each call of the (G)PS routine
     taskgroup_size                    : 0 #      Size of the taskgroups of the Poisson Solver
     global_data                       : No #     Charge density and Electrostatic potential are given by global arrays
     output                            : none #   Quantities to be plotted after the main solver routine
   kernel:
  #------------------------------------------------------------------- Kernel Initialization
 Poisson Kernel Initialization:
    #---------------------------------------------------------------------- Input parameters
   setup:
     accel                             : ONEMATH # Material Acceleration
     use_gpu_direct                    : Yes #    Force (or not) the usage of GPUdirect communication, if available
     verbose                           : Yes #    Verbosity switch
     keep_gpu_memory                   : Yes #    Do not deallocate GPU memory at each call of the (G)PS routine
  #------------------------------------------------------------------- Kernel Initialization
 Poisson Kernel Initialization:
    #---------------------------------------------------------------------- Input parameters
   setup:
     accel                             : ONEMATH # Material Acceleration
     verbose                           : Yes #    Verbosity switch
     keep_gpu_memory                   : Yes #    Do not deallocate GPU memory at each call of the (G)PS routine
     taskgroup_size                    : 0 #      Size of the taskgroups of the Poisson Solver
     global_data                       : No #     Charge density and Electrostatic potential are given by global arrays
     output                            : none #   Quantities to be plotted after the main solver routine
   kernel:
     screening                         : 0 #      Mu screening parameter
     isf_order                         : 16 #     Order of the Interpolating Scaling Function family
     stress_tensor                     : Yes #    Triggers the calculation of the stress tensor
   environment:
  #------------------------------------------------------------------- Kernel Initialization
 Poisson Kernel Initialization:
    #---------------------------------------------------------------------- Input parameters
   setup:
     accel                             : ONEMATH # Material Acceleration
     use_gpu_direct                    : Yes #    Force (or not) the usage of GPUdirect communication, if available
     verbose                           : Yes #    Verbosity switch
     keep_gpu_memory                   : Yes #    Do not deallocate GPU memory at each call of the (G)PS routine
  #------------------------------------------------------------------- Kernel Initialization
 Poisson Kernel Initialization:
    #---------------------------------------------------------------------- Input parameters
   setup:
     accel                             : ONEMATH # Material Acceleration
     use_gpu_direct                    : Yes #    Force (or not) the usage of GPUdirect communication, if available
     verbose                           : Yes #    Verbosity switch
     keep_gpu_memory                   : Yes #    Do not deallocate GPU memory at each call of the (G)PS routine
     taskgroup_size                    : 0 #      Size of the taskgroups of the Poisson Solver
     global_data                       : No #     Charge density and Electrostatic potential are given by global arrays
     output                            : none #   Quantities to be plotted after the main solver routine
  #------------------------------------------------------------------- Kernel Initialization
 Poisson Kernel Initialization:
    #---------------------------------------------------------------------- Input parameters
   setup:
     accel                             : ONEMATH # Material Acceleration
     use_gpu_direct                    : Yes #    Force (or not) the usage of GPUdirect communication, if available
  #------------------------------------------------------------------- Kernel Initialization
 Poisson Kernel Initialization:
    #---------------------------------------------------------------------- Input parameters
   setup:
     accel                             : ONEMATH # Material Acceleration
     use_gpu_direct                    : Yes #    Force (or not) the usage of GPUdirect communication, if available
  #------------------------------------------------------------------- Kernel Initialization
 Poisson Kernel Initialization:
    #---------------------------------------------------------------------- Input parameters
   setup:
     accel                             : ONEMATH # Material Acceleration
     use_gpu_direct                    : Yes #    Force (or not) the usage of GPUdirect communication, if available
     verbose                           : Yes #    Verbosity switch
     keep_gpu_memory                   : Yes #    Do not deallocate GPU memory at each call of the (G)PS routine
     taskgroup_size                    : 0 #      Size of the taskgroups of the Poisson Solver
     global_data                       : No #     Charge density and Electrostatic potential are given by global arrays
  #------------------------------------------------------------------- Kernel Initialization
 Poisson Kernel Initialization:
    #---------------------------------------------------------------------- Input parameters
   setup:
     accel                             : ONEMATH # Material Acceleration
     use_gpu_direct                    : Yes #    Force (or not) the usage of GPUdirect communication, if available
     verbose                           : Yes #    Verbosity switch
     keep_gpu_memory                   : Yes #    Do not deallocate GPU memory at each call of the (G)PS routine
  #------------------------------------------------------------------- Kernel Initialization
 Poisson Kernel Initialization:
    #---------------------------------------------------------------------- Input parameters
   setup:
     accel                             : ONEMATH # Material Acceleration
     use_gpu_direct                    : Yes #    Force (or not) the usage of GPUdirect communication, if available
     verbose                           : Yes #    Verbosity switch
     keep_gpu_memory                   : Yes #    Do not deallocate GPU memory at each call of the (G)PS routine
     taskgroup_size                    : 0 #      Size of the taskgroups of the Poisson Solver
     global_data                       : No #     Charge density and Electrostatic potential are given by global arrays
     output                            : none #   Quantities to be plotted after the main solver routine
   kernel:
     screening                         : 0 #      Mu screening parameter
     isf_order                         : 16 #     Order of the Interpolating Scaling Function family
     stress_tensor                     : Yes #    Triggers the calculation of the stress tensor
   environment:
     cavity                            : none #   Type of the cavity
     fd_order                          : 16 #     Order of the Finite-difference derivatives for the GPS solver
  #------------------------------------------------------------------- Kernel Initialization
 Poisson Kernel Initialization:
    #---------------------------------------------------------------------- Input parameters
   setup:
     accel                             : ONEMATH # Material Acceleration
     use_gpu_direct                    : Yes #    Force (or not) the usage of GPUdirect communication, if available
     verbose                           : Yes #    Verbosity switch
     keep_gpu_memory                   : Yes #    Do not deallocate GPU memory at each call of the (G)PS routine
  #------------------------------------------------------------------- Kernel Initialization
 Poisson Kernel Initialization:
    #---------------------------------------------------------------------- Input parameters
   setup:
     accel                             : ONEMATH # Material Acceleration
     use_gpu_direct                    : Yes #    Force (or not) the usage of GPUdirect communication, if available
     verbose                           : Yes #    Verbosity switch
     keep_gpu_memory                   : Yes #    Do not deallocate GPU memory at each call of the (G)PS routine
     taskgroup_size                    : 0 #      Size of the taskgroups of the Poisson Solver
     global_data                       : No #     Charge density and Electrostatic potential are given by global arrays
     output                            : none #   Quantities to be plotted after the main solver routine
  #------------------------------------------------------------------- Kernel Initialization
 Poisson Kernel Initialization:
    #---------------------------------------------------------------------- Input parameters
   setup:
     accel                             : ONEMATH # Material Acceleration
     use_gpu_direct                    : Yes #    Force (or not) the usage of GPUdirect communication, if available
     verbose                           : Yes #    Verbosity switch
     keep_gpu_memory                   : Yes #    Do not deallocate GPU memory at each call of the (G)PS routine
     taskgroup_size                    : 0 #      Size of the taskgroups of the Poisson Solver
     global_data                       : No #     Charge density and Electrostatic potential are given by global arrays
  #------------------------------------------------------------------- Kernel Initialization
 Poisson Kernel Initialization:
    #---------------------------------------------------------------------- Input parameters
   setup:
     accel                             : ONEMATH # Material Acceleration
     use_gpu_direct                    : Yes #    Force (or not) the usage of GPUdirect communication, if available
     verbose                           : Yes #    Verbosity switch
     keep_gpu_memory                   : Yes #    Do not deallocate GPU memory at each call of the (G)PS routine
  #------------------------------------------------------------------- Kernel Initialization
 Poisson Kernel Initialization:
    #---------------------------------------------------------------------- Input parameters
   setup:
     accel                             : ONEMATH # Material Acceleration
     use_gpu_direct                    : Yes #    Force (or not) the usage of GPUdirect communication, if available
     verbose                           : Yes #    Verbosity switch
     keep_gpu_memory                   : Yes #    Do not deallocate GPU memory at each call of the (G)PS routine
     taskgroup_size                    : 0 #      Size of the taskgroups of the Poisson Solver
     global_data                       : No #     Charge density and Electrostatic potential are given by global arrays
     output                            : none #   Quantities to be plotted after the main solver routine
   kernel:
     screening                         : 0 #      Mu screening parameter
  #------------------------------------------------------------------- Kernel Initialization
 Poisson Kernel Initialization:
    #---------------------------------------------------------------------- Input parameters
   setup:
     accel                             : ONEMATH # Material Acceleration
     use_gpu_direct                    : Yes #    Force (or not) the usage of GPUdirect communication, if available
     verbose                           : Yes #    Verbosity switch
     keep_gpu_memory                   : Yes #    Do not deallocate GPU memory at each call of the (G)PS routine
     taskgroup_size                    : 0 #      Size of the taskgroups of the Poisson Solver
     global_data                       : No #     Charge density and Electrostatic potential are given by global arrays
  #------------------------------------------------------------------- Kernel Initialization
 Poisson Kernel Initialization:
    #---------------------------------------------------------------------- Input parameters
   setup:
     accel                             : ONEMATH # Material Acceleration
     use_gpu_direct                    : Yes #    Force (or not) the usage of GPUdirect communication, if available
     verbose                           : Yes #    Verbosity switch
     keep_gpu_memory                   : Yes #    Do not deallocate GPU memory at each call of the (G)PS routine
     global_data                       : No #     Charge density and Electrostatic potential are given by global arrays
     output                            : none #   Quantities to be plotted after the main solver routine
   kernel:
     screening                         : 0 #      Mu screening parameter
     isf_order                         : 16 #     Order of the Interpolating Scaling Function family
     stress_tensor                     : Yes #    Triggers the calculation of the stress tensor
   environment:
     cavity                            : none #   Type of the cavity
     fd_order                          : 16 #     Order of the Finite-difference derivatives for the GPS solver
     itermax                           : 200 #    Maximum number of iterations of the GPS outer loop
  #------------------------------------------------------------------- Kernel Initialization
 Poisson Kernel Initialization:
    #---------------------------------------------------------------------- Input parameters
   setup:
     accel                             : ONEMATH # Material Acceleration
     use_gpu_direct                    : Yes #    Force (or not) the usage of GPUdirect communication, if available
     verbose                           : Yes #    Verbosity switch
     keep_gpu_memory                   : Yes #    Do not deallocate GPU memory at each call of the (G)PS routine
     taskgroup_size                    : 0 #      Size of the taskgroups of the Poisson Solver
     global_data                       : No #     Charge density and Electrostatic potential are given by global arrays
  #------------------------------------------------------------------- Kernel Initialization
 Poisson Kernel Initialization:
    #---------------------------------------------------------------------- Input parameters
   setup:
     accel                             : ONEMATH # Material Acceleration
     use_gpu_direct                    : Yes #    Force (or not) the usage of GPUdirect communication, if available
     verbose                           : Yes #    Verbosity switch
     keep_gpu_memory                   : Yes #    Do not deallocate GPU memory at each call of the (G)PS routine
     taskgroup_size                    : 0 #      Size of the taskgroups of the Poisson Solver
     global_data                       : No #     Charge density and Electrostatic potential are given by global arrays
     output                            : none #   Quantities to be plotted after the main solver routine
   kernel:
     screening                         : 0 #      Mu screening parameter
  #------------------------------------------------------------------- Kernel Initialization
 Poisson Kernel Initialization:
    #---------------------------------------------------------------------- Input parameters
   setup:
     accel                             : ONEMATH # Material Acceleration
     use_gpu_direct                    : Yes #    Force (or not) the usage of GPUdirect communication, if available
     verbose                           : Yes #    Verbosity switch
     keep_gpu_memory                   : Yes #    Do not deallocate GPU memory at each call of the (G)PS routine
     taskgroup_size                    : 0 #      Size of the taskgroups of the Poisson Solver
     global_data                       : No #     Charge density and Electrostatic potential are given by global arrays
  #------------------------------------------------------------------- Kernel Initialization
 Poisson Kernel Initialization:
    #---------------------------------------------------------------------- Input parameters
   setup:
     accel                             : ONEMATH # Material Acceleration
     use_gpu_direct                    : Yes #    Force (or not) the usage of GPUdirect communication, if available
     verbose                           : Yes #    Verbosity switch
     keep_gpu_memory                   : Yes #    Do not deallocate GPU memory at each call of the (G)PS routine
     taskgroup_size                    : 0 #      Size of the taskgroups of the Poisson Solver
  #------------------------------------------------------------------- Kernel Initialization
 Poisson Kernel Initialization:
    #---------------------------------------------------------------------- Input parameters
   setup:
     accel                             : ONEMATH # Material Acceleration
     use_gpu_direct                    : Yes #    Force (or not) the usage of GPUdirect communication, if available
     verbose                           : Yes #    Verbosity switch
     keep_gpu_memory                   : Yes #    Do not deallocate GPU memory at each call of the (G)PS routine
     taskgroup_size                    : 0 #      Size of the taskgroups of the Poisson Solver
     global_data                       : No #     Charge density and Electrostatic potential are given by global arrays
     output                            : none #   Quantities to be plotted after the main solver routine
   kernel:
     screening                         : 0 #      Mu screening parameter
     isf_order                         : 16 #     Order of the Interpolating Scaling Function family
  #------------------------------------------------------------------- Kernel Initialization
 Poisson Kernel Initialization:
    #---------------------------------------------------------------------- Input parameters
   setup:
     accel                             : ONEMATH # Material Acceleration
     use_gpu_direct                    : Yes #    Force (or not) the usage of GPUdirect communication, if available
     verbose                           : Yes #    Verbosity switch
     keep_gpu_memory                   : Yes #    Do not deallocate GPU memory at each call of the (G)PS routine
     taskgroup_size                    : 0 #      Size of the taskgroups of the Poisson Solver
  #------------------------------------------------------------------- Kernel Initialization
 Poisson Kernel Initialization:
    #---------------------------------------------------------------------- Input parameters
   setup:
     accel                             : ONEMATH # Material Acceleration
     use_gpu_direct                    : Yes #    Force (or not) the usage of GPUdirect communication, if available
     verbose                           : Yes #    Verbosity switch
     keep_gpu_memory                   : Yes #    Do not deallocate GPU memory at each call of the (G)PS routine
     taskgroup_size                    : 0 #      Size of the taskgroups of the Poisson Solver
     output                            : none #   Quantities to be plotted after the main solver routine
   kernel:
     screening                         : 0 #      Mu screening parameter
     isf_order                         : 16 #     Order of the Interpolating Scaling Function family
     stress_tensor                     : Yes #    Triggers the calculation of the stress tensor
   environment:
     cavity                            : none #   Type of the cavity
     fd_order                          : 16 #     Order of the Finite-difference derivatives for the GPS solver
     itermax                           : 200 #    Maximum number of iterations of the GPS outer loop
     minres                            : 1.e-8 #  Convergence threshold of the loop
  #------------------------------------------------------------------- Kernel Initialization
 Poisson Kernel Initialization:
    #---------------------------------------------------------------------- Input parameters
   setup:
     accel                             : ONEMATH # Material Acceleration
     use_gpu_direct                    : Yes #    Force (or not) the usage of GPUdirect communication, if available
     verbose                           : Yes #    Verbosity switch
     keep_gpu_memory                   : Yes #    Do not deallocate GPU memory at each call of the (G)PS routine
     taskgroup_size                    : 0 #      Size of the taskgroups of the Poisson Solver
     global_data                       : No #     Charge density and Electrostatic potential are given by global arrays
     output                            : none #   Quantities to be plotted after the main solver routine
   kernel:
  #------------------------------------------------------------------- Kernel Initialization
 Poisson Kernel Initialization:
    #---------------------------------------------------------------------- Input parameters
   setup:
     accel                             : ONEMATH # Material Acceleration
     use_gpu_direct                    : Yes #    Force (or not) the usage of GPUdirect communication, if available
     verbose                           : Yes #    Verbosity switch
     keep_gpu_memory                   : Yes #    Do not deallocate GPU memory at each call of the (G)PS routine
     taskgroup_size                    : 0 #      Size of the taskgroups of the Poisson Solver
     global_data                       : No #     Charge density and Electrostatic potential are given by global arrays
     output                            : none #   Quantities to be plotted after the main solver routine
     accel                             : ONEMATH # Material Acceleration
     use_gpu_direct                    : Yes #    Force (or not) the usage of GPUdirect communication, if available
     verbose                           : Yes #    Verbosity switch
     keep_gpu_memory                   : Yes #    Do not deallocate GPU memory at each call of the (G)PS routine
     taskgroup_size                    : 0 #      Size of the taskgroups of the Poisson Solver
     global_data                       : No #     Charge density and Electrostatic potential are given by global arrays
     output                            : none #   Quantities to be plotted after the main solver routine
   kernel:
     screening                         : 0 #      Mu screening parameter
  #------------------------------------------------------------------- Kernel Initialization
 Poisson Kernel Initialization:
    #---------------------------------------------------------------------- Input parameters
   setup:
     accel                             : ONEMATH # Material Acceleration
     use_gpu_direct                    : Yes #    Force (or not) the usage of GPUdirect communication, if available
     verbose                           : Yes #    Verbosity switch
     keep_gpu_memory                   : Yes #    Do not deallocate GPU memory at each call of the (G)PS routine
     taskgroup_size                    : 0 #      Size of the taskgroups of the Poisson Solver
     global_data                       : No #     Charge density and Electrostatic potential are given by global arrays
     use_gpu_direct                    : Yes #    Force (or not) the usage of GPUdirect communication, if available
     verbose                           : Yes #    Verbosity switch
     keep_gpu_memory                   : Yes #    Do not deallocate GPU memory at each call of the (G)PS routine
     taskgroup_size                    : 0 #      Size of the taskgroups of the Poisson Solver
     global_data                       : No #     Charge density and Electrostatic potential are given by global arrays
     output                            : none #   Quantities to be plotted after the main solver routine
   kernel:
     screening                         : 0 #      Mu screening parameter
     isf_order                         : 16 #     Order of the Interpolating Scaling Function family
  #------------------------------------------------------------------- Kernel Initialization
 Poisson Kernel Initialization:
    #---------------------------------------------------------------------- Input parameters
   setup:
     accel                             : ONEMATH # Material Acceleration
     use_gpu_direct                    : Yes #    Force (or not) the usage of GPUdirect communication, if available
     verbose                           : Yes #    Verbosity switch
     keep_gpu_memory                   : Yes #    Do not deallocate GPU memory at each call of the (G)PS routine
     taskgroup_size                    : 0 #      Size of the taskgroups of the Poisson Solver
     global_data                       : No #     Charge density and Electrostatic potential are given by global arrays
     output                            : none #   Quantities to be plotted after the main solver routine
  #------------------------------------------------------------------- Kernel Initialization
 Poisson Kernel Initialization:
    #---------------------------------------------------------------------- Input parameters
   setup:
     accel                             : ONEMATH # Material Acceleration
     use_gpu_direct                    : Yes #    Force (or not) the usage of GPUdirect communication, if available
     isf_order                         : 16 #     Order of the Interpolating Scaling Function family
     stress_tensor                     : Yes #    Triggers the calculation of the stress tensor
   environment:
     cavity                            : none #   Type of the cavity
     fd_order                          : 16 #     Order of the Finite-difference derivatives for the GPS solver
     itermax                           : 200 #    Maximum number of iterations of the GPS outer loop
     minres                            : 1.e-8 #  Convergence threshold of the loop
     pb_method                         : none #   Defines the method for the Poisson Boltzmann Equation
   MPI tasks                           :  1
  #------------------------------------------------------------------- Kernel Initialization
 Poisson Kernel Initialization:
    #---------------------------------------------------------------------- Input parameters
   setup:
     accel                             : ONEMATH # Material Acceleration
     use_gpu_direct                    : Yes #    Force (or not) the usage of GPUdirect communication, if available
     verbose                           : Yes #    Verbosity switch
     keep_gpu_memory                   : Yes #    Do not deallocate GPU memory at each call of the (G)PS routine
     taskgroup_size                    : 0 #      Size of the taskgroups of the Poisson Solver
     global_data                       : No #     Charge density and Electrostatic potential are given by global arrays
  #------------------------------------------------------------------- Kernel Initialization
 Poisson Kernel Initialization:
    #---------------------------------------------------------------------- Input parameters
   setup:
     accel                             : ONEMATH # Material Acceleration
     use_gpu_direct                    : Yes #    Force (or not) the usage of GPUdirect communication, if available
     verbose                           : Yes #    Verbosity switch
     keep_gpu_memory                   : Yes #    Do not deallocate GPU memory at each call of the (G)PS routine
     taskgroup_size                    : 0 #      Size of the taskgroups of the Poisson Solver
     global_data                       : No #     Charge density and Electrostatic potential are given by global arrays
     output                            : none #   Quantities to be plotted after the main solver routine
   kernel:
     screening                         : 0 #      Mu screening parameter
     isf_order                         : 16 #     Order of the Interpolating Scaling Function family
     stress_tensor                     : Yes #    Triggers the calculation of the stress tensor
   environment:
     verbose                           : Yes #    Verbosity switch
     keep_gpu_memory                   : Yes #    Do not deallocate GPU memory at each call of the (G)PS routine
     taskgroup_size                    : 0 #      Size of the taskgroups of the Poisson Solver
     global_data                       : No #     Charge density and Electrostatic potential are given by global arrays
     output                            : none #   Quantities to be plotted after the main solver routine
   kernel:
     screening                         : 0 #      Mu screening parameter
     isf_order                         : 16 #     Order of the Interpolating Scaling Function family
     stress_tensor                     : Yes #    Triggers the calculation of the stress tensor
   environment:
  #------------------------------------------------------------------- Kernel Initialization
 Poisson Kernel Initialization:
    #---------------------------------------------------------------------- Input parameters
   setup:
     accel                             : ONEMATH # Material Acceleration
     use_gpu_direct                    : Yes #    Force (or not) the usage of GPUdirect communication, if available
     verbose                           : Yes #    Verbosity switch
     keep_gpu_memory                   : Yes #    Do not deallocate GPU memory at each call of the (G)PS routine
     taskgroup_size                    : 0 #      Size of the taskgroups of the Poisson Solver
     global_data                       : No #     Charge density and Electrostatic potential are given by global arrays
     output                            : none #   Quantities to be plotted after the main solver routine
  #------------------------------------------------------------------- Kernel Initialization
 Poisson Kernel Initialization:
    #---------------------------------------------------------------------- Input parameters
   setup:
     accel                             : ONEMATH # Material Acceleration
     use_gpu_direct                    : Yes #    Force (or not) the usage of GPUdirect communication, if available
     verbose                           : Yes #    Verbosity switch
     keep_gpu_memory                   : Yes #    Do not deallocate GPU memory at each call of the (G)PS routine
     taskgroup_size                    : 0 #      Size of the taskgroups of the Poisson Solver
     global_data                       : No #     Charge density and Electrostatic potential are given by global arrays
     output                            : none #   Quantities to be plotted after the main solver routine
   kernel:
     screening                         : 0 #      Mu screening parameter
  #------------------------------------------------------------------- Kernel Initialization
 Poisson Kernel Initialization:
    #---------------------------------------------------------------------- Input parameters
   setup:
     accel                             : ONEMATH # Material Acceleration
     use_gpu_direct                    : Yes #    Force (or not) the usage of GPUdirect communication, if available
     verbose                           : Yes #    Verbosity switch
     keep_gpu_memory                   : Yes #    Do not deallocate GPU memory at each call of the (G)PS routine
     taskgroup_size                    : 0 #      Size of the taskgroups of the Poisson Solver
     global_data                       : No #     Charge density and Electrostatic potential are given by global arrays
  #------------------------------------------------------------------- Kernel Initialization
 Poisson Kernel Initialization:
    #---------------------------------------------------------------------- Input parameters
   setup:
     accel                             : ONEMATH # Material Acceleration
     use_gpu_direct                    : Yes #    Force (or not) the usage of GPUdirect communication, if available
     verbose                           : Yes #    Verbosity switch
     isf_order                         : 16 #     Order of the Interpolating Scaling Function family
     stress_tensor                     : Yes #    Triggers the calculation of the stress tensor
   environment:
     cavity                            : none #   Type of the cavity
     fd_order                          : 16 #     Order of the Finite-difference derivatives for the GPS solver
     itermax                           : 200 #    Maximum number of iterations of the GPS outer loop
     minres                            : 1.e-8 #  Convergence threshold of the loop
     pb_method                         : none #   Defines the method for the Poisson Boltzmann Equation
   MPI tasks                           :  1
   OpenMP threads per MPI task         :  28
     accel                             : ONEMATH # Material Acceleration
     use_gpu_direct                    : Yes #    Force (or not) the usage of GPUdirect communication, if available
     verbose                           : Yes #    Verbosity switch
     keep_gpu_memory                   : Yes #    Do not deallocate GPU memory at each call of the (G)PS routine
     taskgroup_size                    : 0 #      Size of the taskgroups of the Poisson Solver
     global_data                       : No #     Charge density and Electrostatic potential are given by global arrays
     output                            : none #   Quantities to be plotted after the main solver routine
   kernel:
     accel                             : ONEMATH # Material Acceleration
     use_gpu_direct                    : Yes #    Force (or not) the usage of GPUdirect communication, if available
     verbose                           : Yes #    Verbosity switch
     keep_gpu_memory                   : Yes #    Do not deallocate GPU memory at each call of the (G)PS routine
     taskgroup_size                    : 0 #      Size of the taskgroups of the Poisson Solver
     global_data                       : No #     Charge density and Electrostatic potential are given by global arrays
     output                            : none #   Quantities to be plotted after the main solver routine
   kernel:
     screening                         : 0 #      Mu screening parameter
     isf_order                         : 16 #     Order of the Interpolating Scaling Function family
     stress_tensor                     : Yes #    Triggers the calculation of the stress tensor
   environment:
     cavity                            : none #   Type of the cavity
     fd_order                          : 16 #     Order of the Finite-difference derivatives for the GPS solver
     verbose                           : Yes #    Verbosity switch
     keep_gpu_memory                   : Yes #    Do not deallocate GPU memory at each call of the (G)PS routine
     taskgroup_size                    : 0 #      Size of the taskgroups of the Poisson Solver
     global_data                       : No #     Charge density and Electrostatic potential are given by global arrays
     output                            : none #   Quantities to be plotted after the main solver routine
   kernel:
     screening                         : 0 #      Mu screening parameter
     isf_order                         : 16 #     Order of the Interpolating Scaling Function family
     stress_tensor                     : Yes #    Triggers the calculation of the stress tensor
   environment:
     cavity                            : none #   Type of the cavity
  #------------------------------------------------------------------- Kernel Initialization
 Poisson Kernel Initialization:
    #---------------------------------------------------------------------- Input parameters
   setup:
     accel                             : ONEMATH # Material Acceleration
     use_gpu_direct                    : Yes #    Force (or not) the usage of GPUdirect communication, if available
     verbose                           : Yes #    Verbosity switch
     keep_gpu_memory                   : Yes #    Do not deallocate GPU memory at each call of the (G)PS routine
     taskgroup_size                    : 0 #      Size of the taskgroups of the Poisson Solver
     global_data                       : No #     Charge density and Electrostatic potential are given by global arrays
     output                            : none #   Quantities to be plotted after the main solver routine
   kernel:
  #------------------------------------------------------------------- Kernel Initialization
 Poisson Kernel Initialization:
    #---------------------------------------------------------------------- Input parameters
   setup:
     accel                             : ONEMATH # Material Acceleration
     use_gpu_direct                    : Yes #    Force (or not) the usage of GPUdirect communication, if available
     verbose                           : Yes #    Verbosity switch
     keep_gpu_memory                   : Yes #    Do not deallocate GPU memory at each call of the (G)PS routine
     taskgroup_size                    : 0 #      Size of the taskgroups of the Poisson Solver
     global_data                       : No #     Charge density and Electrostatic potential are given by global arrays
     output                            : none #   Quantities to be plotted after the main solver routine
   kernel:
     screening                         : 0 #      Mu screening parameter
  #------------------------------------------------------------------- Kernel Initialization
 Poisson Kernel Initialization:
    #---------------------------------------------------------------------- Input parameters
   setup:
     accel                             : ONEMATH # Material Acceleration
     use_gpu_direct                    : Yes #    Force (or not) the usage of GPUdirect communication, if available
     verbose                           : Yes #    Verbosity switch
     keep_gpu_memory                   : Yes #    Do not deallocate GPU memory at each call of the (G)PS routine
     taskgroup_size                    : 0 #      Size of the taskgroups of the Poisson Solver
     global_data                       : No #     Charge density and Electrostatic potential are given by global arrays
     output                            : none #   Quantities to be plotted after the main solver routine
   kernel:
     screening                         : 0 #      Mu screening parameter
     isf_order                         : 16 #     Order of the Interpolating Scaling Function family
     stress_tensor                     : Yes #    Triggers the calculation of the stress tensor
  #------------------------------------------------------------------- Kernel Initialization
 Poisson Kernel Initialization:
    #---------------------------------------------------------------------- Input parameters
   setup:
     accel                             : ONEMATH # Material Acceleration
     use_gpu_direct                    : Yes #    Force (or not) the usage of GPUdirect communication, if available
     verbose                           : Yes #    Verbosity switch
   environment:
     cavity                            : none #   Type of the cavity
     fd_order                          : 16 #     Order of the Finite-difference derivatives for the GPS solver
     itermax                           : 200 #    Maximum number of iterations of the GPS outer loop
     minres                            : 1.e-8 #  Convergence threshold of the loop
     pb_method                         : none #   Defines the method for the Poisson Boltzmann Equation
   MPI tasks                           :  1
   OpenMP threads per MPI task         :  28
     taskgroup_size                    : 0 #      Size of the taskgroups of the Poisson Solver
     global_data                       : No #     Charge density and Electrostatic potential are given by global arrays
     output                            : none #   Quantities to be plotted after the main solver routine
   kernel:
     screening                         : 0 #      Mu screening parameter
     isf_order                         : 16 #     Order of the Interpolating Scaling Function family
     stress_tensor                     : Yes #    Triggers the calculation of the stress tensor
   environment:
     cavity                            : none #   Type of the cavity
     fd_order                          : 16 #     Order of the Finite-difference derivatives for the GPS solver
     itermax                           : 200 #    Maximum number of iterations of the GPS outer loop
  #------------------------------------------------------------------- Kernel Initialization
 Poisson Kernel Initialization:
    #---------------------------------------------------------------------- Input parameters
   setup:
     accel                             : ONEMATH # Material Acceleration
     use_gpu_direct                    : Yes #    Force (or not) the usage of GPUdirect communication, if available
     verbose                           : Yes #    Verbosity switch
     keep_gpu_memory                   : Yes #    Do not deallocate GPU memory at each call of the (G)PS routine
     taskgroup_size                    : 0 #      Size of the taskgroups of the Poisson Solver
     global_data                       : No #     Charge density and Electrostatic potential are given by global arrays
     output                            : none #   Quantities to be plotted after the main solver routine
   kernel:
     screening                         : 0 #      Mu screening parameter
     isf_order                         : 16 #     Order of the Interpolating Scaling Function family
     stress_tensor                     : Yes #    Triggers the calculation of the stress tensor
   environment:
     cavity                            : none #   Type of the cavity
     keep_gpu_memory                   : Yes #    Do not deallocate GPU memory at each call of the (G)PS routine
     taskgroup_size                    : 0 #      Size of the taskgroups of the Poisson Solver
     global_data                       : No #     Charge density and Electrostatic potential are given by global arrays
     output                            : none #   Quantities to be plotted after the main solver routine
   kernel:
     screening                         : 0 #      Mu screening parameter
     isf_order                         : 16 #     Order of the Interpolating Scaling Function family
     stress_tensor                     : Yes #    Triggers the calculation of the stress tensor
   environment:
     cavity                            : none #   Type of the cavity
     fd_order                          : 16 #     Order of the Finite-difference derivatives for the GPS solver
  #------------------------------------------------------------------- Kernel Initialization
 Poisson Kernel Initialization:
    #---------------------------------------------------------------------- Input parameters
   setup:
     accel                             : ONEMATH # Material Acceleration
     use_gpu_direct                    : Yes #    Force (or not) the usage of GPUdirect communication, if available
     verbose                           : Yes #    Verbosity switch
     keep_gpu_memory                   : Yes #    Do not deallocate GPU memory at each call of the (G)PS routine
     taskgroup_size                    : 0 #      Size of the taskgroups of the Poisson Solver
     global_data                       : No #     Charge density and Electrostatic potential are given by global arrays
     output                            : none #   Quantities to be plotted after the main solver routine
   kernel:
     taskgroup_size                    : 0 #      Size of the taskgroups of the Poisson Solver
     global_data                       : No #     Charge density and Electrostatic potential are given by global arrays
     output                            : none #   Quantities to be plotted after the main solver routine
   kernel:
     screening                         : 0 #      Mu screening parameter
     isf_order                         : 16 #     Order of the Interpolating Scaling Function family
     verbose                           : Yes #    Verbosity switch
     keep_gpu_memory                   : Yes #    Do not deallocate GPU memory at each call of the (G)PS routine
     taskgroup_size                    : 0 #      Size of the taskgroups of the Poisson Solver
     global_data                       : No #     Charge density and Electrostatic potential are given by global arrays
     output                            : none #   Quantities to be plotted after the main solver routine
   kernel:
     screening                         : 0 #      Mu screening parameter
     isf_order                         : 16 #     Order of the Interpolating Scaling Function family
     stress_tensor                     : Yes #    Triggers the calculation of the stress tensor
   environment:
     cavity                            : none #   Type of the cavity
     fd_order                          : 16 #     Order of the Finite-difference derivatives for the GPS solver
     itermax                           : 200 #    Maximum number of iterations of the GPS outer loop
     minres                            : 1.e-8 #  Convergence threshold of the loop
  #------------------------------------------------------------------- Kernel Initialization
 Poisson Kernel Initialization:
    #---------------------------------------------------------------------- Input parameters
   setup:
     accel                             : ONEMATH # Material Acceleration
     use_gpu_direct                    : Yes #    Force (or not) the usage of GPUdirect communication, if available
     verbose                           : Yes #    Verbosity switch
     keep_gpu_memory                   : Yes #    Do not deallocate GPU memory at each call of the (G)PS routine
     taskgroup_size                    : 0 #      Size of the taskgroups of the Poisson Solver
     global_data                       : No #     Charge density and Electrostatic potential are given by global arrays
     cavity                            : none #   Type of the cavity
     fd_order                          : 16 #     Order of the Finite-difference derivatives for the GPS solver
     itermax                           : 200 #    Maximum number of iterations of the GPS outer loop
     minres                            : 1.e-8 #  Convergence threshold of the loop
     pb_method                         : none #   Defines the method for the Poisson Boltzmann Equation
   MPI tasks                           :  1
   OpenMP threads per MPI task         :  28
     taskgroup_size                    : 0 #      Size of the taskgroups of the Poisson Solver
     global_data                       : No #     Charge density and Electrostatic potential are given by global arrays
     output                            : none #   Quantities to be plotted after the main solver routine
   kernel:
     screening                         : 0 #      Mu screening parameter
     isf_order                         : 16 #     Order of the Interpolating Scaling Function family
     stress_tensor                     : Yes #    Triggers the calculation of the stress tensor
   environment:
     cavity                            : none #   Type of the cavity
     fd_order                          : 16 #     Order of the Finite-difference derivatives for the GPS solver
     itermax                           : 200 #    Maximum number of iterations of the GPS outer loop
     taskgroup_size                    : 0 #      Size of the taskgroups of the Poisson Solver
     global_data                       : No #     Charge density and Electrostatic potential are given by global arrays
     output                            : none #   Quantities to be plotted after the main solver routine
   kernel:
     screening                         : 0 #      Mu screening parameter
     isf_order                         : 16 #     Order of the Interpolating Scaling Function family
     stress_tensor                     : Yes #    Triggers the calculation of the stress tensor
   environment:
     cavity                            : none #   Type of the cavity
     fd_order                          : 16 #     Order of the Finite-difference derivatives for the GPS solver
     use_gpu_direct                    : Yes #    Force (or not) the usage of GPUdirect communication, if available
     verbose                           : Yes #    Verbosity switch
     keep_gpu_memory                   : Yes #    Do not deallocate GPU memory at each call of the (G)PS routine
     taskgroup_size                    : 0 #      Size of the taskgroups of the Poisson Solver
     global_data                       : No #     Charge density and Electrostatic potential are given by global arrays
     output                            : none #   Quantities to be plotted after the main solver routine
   kernel:
     screening                         : 0 #      Mu screening parameter
     isf_order                         : 16 #     Order of the Interpolating Scaling Function family
     stress_tensor                     : Yes #    Triggers the calculation of the stress tensor
   environment:
     verbose                           : Yes #    Verbosity switch
     keep_gpu_memory                   : Yes #    Do not deallocate GPU memory at each call of the (G)PS routine
     taskgroup_size                    : 0 #      Size of the taskgroups of the Poisson Solver
     global_data                       : No #     Charge density and Electrostatic potential are given by global arrays
     output                            : none #   Quantities to be plotted after the main solver routine
   kernel:
     screening                         : 0 #      Mu screening parameter
     isf_order                         : 16 #     Order of the Interpolating Scaling Function family
     stress_tensor                     : Yes #    Triggers the calculation of the stress tensor
   environment:
     screening                         : 0 #      Mu screening parameter
     isf_order                         : 16 #     Order of the Interpolating Scaling Function family
     stress_tensor                     : Yes #    Triggers the calculation of the stress tensor
   environment:
     cavity                            : none #   Type of the cavity
     fd_order                          : 16 #     Order of the Finite-difference derivatives for the GPS solver
     taskgroup_size                    : 0 #      Size of the taskgroups of the Poisson Solver
     global_data                       : No #     Charge density and Electrostatic potential are given by global arrays
     output                            : none #   Quantities to be plotted after the main solver routine
   kernel:
     screening                         : 0 #      Mu screening parameter
     isf_order                         : 16 #     Order of the Interpolating Scaling Function family
     stress_tensor                     : Yes #    Triggers the calculation of the stress tensor
   environment:
     cavity                            : none #   Type of the cavity
     fd_order                          : 16 #     Order of the Finite-difference derivatives for the GPS solver
     itermax                           : 200 #    Maximum number of iterations of the GPS outer loop
     minres                            : 1.e-8 #  Convergence threshold of the loop
     use_gpu_direct                    : Yes #    Force (or not) the usage of GPUdirect communication, if available
     verbose                           : Yes #    Verbosity switch
     keep_gpu_memory                   : Yes #    Do not deallocate GPU memory at each call of the (G)PS routine
     taskgroup_size                    : 0 #      Size of the taskgroups of the Poisson Solver
     global_data                       : No #     Charge density and Electrostatic potential are given by global arrays
     output                            : none #   Quantities to be plotted after the main solver routine
   kernel:
     screening                         : 0 #      Mu screening parameter
     isf_order                         : 16 #     Order of the Interpolating Scaling Function family
     stress_tensor                     : Yes #    Triggers the calculation of the stress tensor
   environment:
     itermax                           : 200 #    Maximum number of iterations of the GPS outer loop
     minres                            : 1.e-8 #  Convergence threshold of the loop
     pb_method                         : none #   Defines the method for the Poisson Boltzmann Equation
   MPI tasks                           :  1
   OpenMP threads per MPI task         :  28
  #------------------------------------------------------------------- Kernel Initialization
 Poisson Kernel Initialization:
    #---------------------------------------------------------------------- Input parameters
   setup:
     accel                             : ONEMATH # Material Acceleration
     use_gpu_direct                    : Yes #    Force (or not) the usage of GPUdirect communication, if available
     verbose                           : Yes #    Verbosity switch
     keep_gpu_memory                   : Yes #    Do not deallocate GPU memory at each call of the (G)PS routine
     taskgroup_size                    : 0 #      Size of the taskgroups of the Poisson Solver
     global_data                       : No #     Charge density and Electrostatic potential are given by global arrays
     output                            : none #   Quantities to be plotted after the main solver routine
   kernel:
     screening                         : 0 #      Mu screening parameter
     isf_order                         : 16 #     Order of the Interpolating Scaling Function family
     stress_tensor                     : Yes #    Triggers the calculation of the stress tensor
   environment:
     cavity                            : none #   Type of the cavity
     fd_order                          : 16 #     Order of the Finite-difference derivatives for the GPS solver
   kernel:
     screening                         : 0 #      Mu screening parameter
     isf_order                         : 16 #     Order of the Interpolating Scaling Function family
     stress_tensor                     : Yes #    Triggers the calculation of the stress tensor
   environment:
     cavity                            : none #   Type of the cavity
     fd_order                          : 16 #     Order of the Finite-difference derivatives for the GPS solver
     itermax                           : 200 #    Maximum number of iterations of the GPS outer loop
     minres                            : 1.e-8 #  Convergence threshold of the loop
     pb_method                         : none #   Defines the method for the Poisson Boltzmann Equation
   MPI tasks                           :  1
     verbose                           : Yes #    Verbosity switch
     keep_gpu_memory                   : Yes #    Do not deallocate GPU memory at each call of the (G)PS routine
     taskgroup_size                    : 0 #      Size of the taskgroups of the Poisson Solver
     global_data                       : No #     Charge density and Electrostatic potential are given by global arrays
     output                            : none #   Quantities to be plotted after the main solver routine
   kernel:
     screening                         : 0 #      Mu screening parameter
     isf_order                         : 16 #     Order of the Interpolating Scaling Function family
     stress_tensor                     : Yes #    Triggers the calculation of the stress tensor
   environment:
     cavity                            : none #   Type of the cavity
     fd_order                          : 16 #     Order of the Finite-difference derivatives for the GPS solver
     itermax                           : 200 #    Maximum number of iterations of the GPS outer loop
  #------------------------------------------------------------------- Kernel Initialization
 Poisson Kernel Initialization:
    #---------------------------------------------------------------------- Input parameters
   setup:
     accel                             : ONEMATH # Material Acceleration
     use_gpu_direct                    : Yes #    Force (or not) the usage of GPUdirect communication, if available
     verbose                           : Yes #    Verbosity switch
     keep_gpu_memory                   : Yes #    Do not deallocate GPU memory at each call of the (G)PS routine
     taskgroup_size                    : 0 #      Size of the taskgroups of the Poisson Solver
     global_data                       : No #     Charge density and Electrostatic potential are given by global arrays
     output                            : none #   Quantities to be plotted after the main solver routine
   kernel:
     screening                         : 0 #      Mu screening parameter
     isf_order                         : 16 #     Order of the Interpolating Scaling Function family
     output                            : none #   Quantities to be plotted after the main solver routine
   kernel:
     screening                         : 0 #      Mu screening parameter
     isf_order                         : 16 #     Order of the Interpolating Scaling Function family
     stress_tensor                     : Yes #    Triggers the calculation of the stress tensor
   environment:
     cavity                            : none #   Type of the cavity
     taskgroup_size                    : 0 #      Size of the taskgroups of the Poisson Solver
     global_data                       : No #     Charge density and Electrostatic potential are given by global arrays
     output                            : none #   Quantities to be plotted after the main solver routine
   kernel:
     screening                         : 0 #      Mu screening parameter
     isf_order                         : 16 #     Order of the Interpolating Scaling Function family
     stress_tensor                     : Yes #    Triggers the calculation of the stress tensor
   environment:
     cavity                            : none #   Type of the cavity
     fd_order                          : 16 #     Order of the Finite-difference derivatives for the GPS solver
     itermax                           : 200 #    Maximum number of iterations of the GPS outer loop
     minres                            : 1.e-8 #  Convergence threshold of the loop
     pb_method                         : none #   Defines the method for the Poisson Boltzmann Equation
   MPI tasks                           :  1
     keep_gpu_memory                   : Yes #    Do not deallocate GPU memory at each call of the (G)PS routine
     taskgroup_size                    : 0 #      Size of the taskgroups of the Poisson Solver
     global_data                       : No #     Charge density and Electrostatic potential are given by global arrays
     output                            : none #   Quantities to be plotted after the main solver routine
   kernel:
     screening                         : 0 #      Mu screening parameter
     isf_order                         : 16 #     Order of the Interpolating Scaling Function family
     stress_tensor                     : Yes #    Triggers the calculation of the stress tensor
   environment:
     minres                            : 1.e-8 #  Convergence threshold of the loop
     pb_method                         : none #   Defines the method for the Poisson Boltzmann Equation
   MPI tasks                           :  1
   OpenMP threads per MPI task         :  28
     output                            : none #   Quantities to be plotted after the main solver routine
   kernel:
     screening                         : 0 #      Mu screening parameter
     isf_order                         : 16 #     Order of the Interpolating Scaling Function family
     stress_tensor                     : Yes #    Triggers the calculation of the stress tensor
   environment:
     cavity                            : none #   Type of the cavity
     fd_order                          : 16 #     Order of the Finite-difference derivatives for the GPS solver
     itermax                           : 200 #    Maximum number of iterations of the GPS outer loop
     minres                            : 1.e-8 #  Convergence threshold of the loop
     pb_method                         : none #   Defines the method for the Poisson Boltzmann Equation
   MPI tasks                           :  1
   kernel:
     screening                         : 0 #      Mu screening parameter
     isf_order                         : 16 #     Order of the Interpolating Scaling Function family
     stress_tensor                     : Yes #    Triggers the calculation of the stress tensor
   environment:
     cavity                            : none #   Type of the cavity
     fd_order                          : 16 #     Order of the Finite-difference derivatives for the GPS solver
     itermax                           : 200 #    Maximum number of iterations of the GPS outer loop
     minres                            : 1.e-8 #  Convergence threshold of the loop
     pb_method                         : none #   Defines the method for the Poisson Boltzmann Equation
     output                            : none #   Quantities to be plotted after the main solver routine
   kernel:
     screening                         : 0 #      Mu screening parameter
     isf_order                         : 16 #     Order of the Interpolating Scaling Function family
     stress_tensor                     : Yes #    Triggers the calculation of the stress tensor
   environment:
     cavity                            : none #   Type of the cavity
     fd_order                          : 16 #     Order of the Finite-difference derivatives for the GPS solver
     itermax                           : 200 #    Maximum number of iterations of the GPS outer loop
     taskgroup_size                    : 0 #      Size of the taskgroups of the Poisson Solver
     global_data                       : No #     Charge density and Electrostatic potential are given by global arrays
     output                            : none #   Quantities to be plotted after the main solver routine
   kernel:
     screening                         : 0 #      Mu screening parameter
     isf_order                         : 16 #     Order of the Interpolating Scaling Function family
     stress_tensor                     : Yes #    Triggers the calculation of the stress tensor
     isf_order                         : 16 #     Order of the Interpolating Scaling Function family
     stress_tensor                     : Yes #    Triggers the calculation of the stress tensor
   environment:
     cavity                            : none #   Type of the cavity
     fd_order                          : 16 #     Order of the Finite-difference derivatives for the GPS solver
     itermax                           : 200 #    Maximum number of iterations of the GPS outer loop
     minres                            : 1.e-8 #  Convergence threshold of the loop
     pb_method                         : none #   Defines the method for the Poisson Boltzmann Equation
   MPI tasks                           :  1
   OpenMP threads per MPI task         :  28
     output                            : none #   Quantities to be plotted after the main solver routine
   kernel:
     screening                         : 0 #      Mu screening parameter
     isf_order                         : 16 #     Order of the Interpolating Scaling Function family
     stress_tensor                     : Yes #    Triggers the calculation of the stress tensor
   environment:
     cavity                            : none #   Type of the cavity
     fd_order                          : 16 #     Order of the Finite-difference derivatives for the GPS solver
     itermax                           : 200 #    Maximum number of iterations of the GPS outer loop
     minres                            : 1.e-8 #  Convergence threshold of the loop
     pb_method                         : none #   Defines the method for the Poisson Boltzmann Equation
   MPI tasks                           :  1
   OpenMP threads per MPI task         :  28
     taskgroup_size                    : 0 #      Size of the taskgroups of the Poisson Solver
     global_data                       : No #     Charge density and Electrostatic potential are given by global arrays
     output                            : none #   Quantities to be plotted after the main solver routine
   kernel:
     screening                         : 0 #      Mu screening parameter
     isf_order                         : 16 #     Order of the Interpolating Scaling Function family
     stress_tensor                     : Yes #    Triggers the calculation of the stress tensor
   environment:
     cavity                            : none #   Type of the cavity
     pb_method                         : none #   Defines the method for the Poisson Boltzmann Equation
   MPI tasks                           :  1
   OpenMP threads per MPI task         :  28
   Poisson Solver GPU Enumerator:
     BACKEND                           :  4
     Attributes:
     screening                         : 0 #      Mu screening parameter
     isf_order                         : 16 #     Order of the Interpolating Scaling Function family
     stress_tensor                     : Yes #    Triggers the calculation of the stress tensor
   environment:
     cavity                            : none #   Type of the cavity
     fd_order                          : 16 #     Order of the Finite-difference derivatives for the GPS solver
     itermax                           : 200 #    Maximum number of iterations of the GPS outer loop
     minres                            : 1.e-8 #  Convergence threshold of the loop
     pb_method                         : none #   Defines the method for the Poisson Boltzmann Equation
   MPI tasks                           :  1
   OpenMP threads per MPI task         :  28
     isf_order                         : 16 #     Order of the Interpolating Scaling Function family
     stress_tensor                     : Yes #    Triggers the calculation of the stress tensor
   environment:
     cavity                            : none #   Type of the cavity
     fd_order                          : 16 #     Order of the Finite-difference derivatives for the GPS solver
     itermax                           : 200 #    Maximum number of iterations of the GPS outer loop
     minres                            : 1.e-8 #  Convergence threshold of the loop
     pb_method                         : none #   Defines the method for the Poisson Boltzmann Equation
   MPI tasks                           :  1
   OpenMP threads per MPI task         :  28
     output                            : none #   Quantities to be plotted after the main solver routine
   kernel:
     screening                         : 0 #      Mu screening parameter
     isf_order                         : 16 #     Order of the Interpolating Scaling Function family
     stress_tensor                     : Yes #    Triggers the calculation of the stress tensor
   environment:
     cavity                            : none #   Type of the cavity
     fd_order                          : 16 #     Order of the Finite-difference derivatives for the GPS solver
     itermax                           : 200 #    Maximum number of iterations of the GPS outer loop
     global_data                       : No #     Charge density and Electrostatic potential are given by global arrays
     output                            : none #   Quantities to be plotted after the main solver routine
   kernel:
     screening                         : 0 #      Mu screening parameter
     isf_order                         : 16 #     Order of the Interpolating Scaling Function family
     stress_tensor                     : Yes #    Triggers the calculation of the stress tensor
   environment:
     cavity                            : none #   Type of the cavity
     fd_order                          : 16 #     Order of the Finite-difference derivatives for the GPS solver
     itermax                           : 200 #    Maximum number of iterations of the GPS outer loop
     minres                            : 1.e-8 #  Convergence threshold of the loop
     stress_tensor                     : Yes #    Triggers the calculation of the stress tensor
   environment:
     cavity                            : none #   Type of the cavity
     fd_order                          : 16 #     Order of the Finite-difference derivatives for the GPS solver
     itermax                           : 200 #    Maximum number of iterations of the GPS outer loop
     minres                            : 1.e-8 #  Convergence threshold of the loop
     pb_method                         : none #   Defines the method for the Poisson Boltzmann Equation
   MPI tasks                           :  1
   OpenMP threads per MPI task         :  28
     global_data                       : No #     Charge density and Electrostatic potential are given by global arrays
     output                            : none #   Quantities to be plotted after the main solver routine
   kernel:
     screening                         : 0 #      Mu screening parameter
     isf_order                         : 16 #     Order of the Interpolating Scaling Function family
     stress_tensor                     : Yes #    Triggers the calculation of the stress tensor
   environment:
     cavity                            : none #   Type of the cavity
     fd_order                          : 16 #     Order of the Finite-difference derivatives for the GPS solver
     itermax                           : 200 #    Maximum number of iterations of the GPS outer loop
     minres                            : 1.e-8 #  Convergence threshold of the loop
     pb_method                         : none #   Defines the method for the Poisson Boltzmann Equation
     global_data                       : No #     Charge density and Electrostatic potential are given by global arrays
     output                            : none #   Quantities to be plotted after the main solver routine
   kernel:
     screening                         : 0 #      Mu screening parameter
     isf_order                         : 16 #     Order of the Interpolating Scaling Function family
     stress_tensor                     : Yes #    Triggers the calculation of the stress tensor
   environment:
     cavity                            : none #   Type of the cavity
   OpenMP threads per MPI task         :  28
   Poisson Solver GPU Enumerator:
     BACKEND                           :  4
     Attributes:
       DEVICE                          :  0
       MODEL                           :  2
  #------------------------------------------------------------------- Kernel Initialization
 Poisson Kernel Initialization:
    #---------------------------------------------------------------------- Input parameters
   setup:
     accel                             : ONEMATH # Material Acceleration
     use_gpu_direct                    : Yes #    Force (or not) the usage of GPUdirect communication, if available
     verbose                           : Yes #    Verbosity switch
     keep_gpu_memory                   : Yes #    Do not deallocate GPU memory at each call of the (G)PS routine
     taskgroup_size                    : 0 #      Size of the taskgroups of the Poisson Solver
     global_data                       : No #     Charge density and Electrostatic potential are given by global arrays
     output                            : none #   Quantities to be plotted after the main solver routine
   kernel:
     screening                         : 0 #      Mu screening parameter
     isf_order                         : 16 #     Order of the Interpolating Scaling Function family
     stress_tensor                     : Yes #    Triggers the calculation of the stress tensor
   environment:
     cavity                            : none #   Type of the cavity
     fd_order                          : 16 #     Order of the Finite-difference derivatives for the GPS solver
     itermax                           : 200 #    Maximum number of iterations of the GPS outer loop
     minres                            : 1.e-8 #  Convergence threshold of the loop
     pb_method                         : none #   Defines the method for the Poisson Boltzmann Equation
   kernel:
     screening                         : 0 #      Mu screening parameter
     isf_order                         : 16 #     Order of the Interpolating Scaling Function family
     stress_tensor                     : Yes #    Triggers the calculation of the stress tensor
   environment:
     cavity                            : none #   Type of the cavity
     fd_order                          : 16 #     Order of the Finite-difference derivatives for the GPS solver
     itermax                           : 200 #    Maximum number of iterations of the GPS outer loop
     minres                            : 1.e-8 #  Convergence threshold of the loop
     pb_method                         : none #   Defines the method for the Poisson Boltzmann Equation
   MPI tasks                           :  1
   OpenMP threads per MPI task         :  28
     isf_order                         : 16 #     Order of the Interpolating Scaling Function family
     stress_tensor                     : Yes #    Triggers the calculation of the stress tensor
   environment:
     cavity                            : none #   Type of the cavity
     fd_order                          : 16 #     Order of the Finite-difference derivatives for the GPS solver
     itermax                           : 200 #    Maximum number of iterations of the GPS outer loop
     minres                            : 1.e-8 #  Convergence threshold of the loop
     pb_method                         : none #   Defines the method for the Poisson Boltzmann Equation
   MPI tasks                           :  1
   OpenMP threads per MPI task         :  28
     output                            : none #   Quantities to be plotted after the main solver routine
   kernel:
     screening                         : 0 #      Mu screening parameter
     isf_order                         : 16 #     Order of the Interpolating Scaling Function family
     stress_tensor                     : Yes #    Triggers the calculation of the stress tensor
   environment:
     cavity                            : none #   Type of the cavity
     fd_order                          : 16 #     Order of the Finite-difference derivatives for the GPS solver
     itermax                           : 200 #    Maximum number of iterations of the GPS outer loop
     minres                            : 1.e-8 #  Convergence threshold of the loop
     pb_method                         : none #   Defines the method for the Poisson Boltzmann Equation
     stress_tensor                     : Yes #    Triggers the calculation of the stress tensor
   environment:
     cavity                            : none #   Type of the cavity
     fd_order                          : 16 #     Order of the Finite-difference derivatives for the GPS solver
     itermax                           : 200 #    Maximum number of iterations of the GPS outer loop
     minres                            : 1.e-8 #  Convergence threshold of the loop
     pb_method                         : none #   Defines the method for the Poisson Boltzmann Equation
   MPI tasks                           :  1
   OpenMP threads per MPI task         :  28
   kernel:
     screening                         : 0 #      Mu screening parameter
     isf_order                         : 16 #     Order of the Interpolating Scaling Function family
     stress_tensor                     : Yes #    Triggers the calculation of the stress tensor
   environment:
     cavity                            : none #   Type of the cavity
     fd_order                          : 16 #     Order of the Finite-difference derivatives for the GPS solver
     itermax                           : 200 #    Maximum number of iterations of the GPS outer loop
     minres                            : 1.e-8 #  Convergence threshold of the loop
     pb_method                         : none #   Defines the method for the Poisson Boltzmann Equation
   MPI tasks                           :  1
   OpenMP threads per MPI task         :  28
     verbose                           : Yes #    Verbosity switch
     keep_gpu_memory                   : Yes #    Do not deallocate GPU memory at each call of the (G)PS routine
     taskgroup_size                    : 0 #      Size of the taskgroups of the Poisson Solver
     global_data                       : No #     Charge density and Electrostatic potential are given by global arrays
     output                            : none #   Quantities to be plotted after the main solver routine
   kernel:
     screening                         : 0 #      Mu screening parameter
     isf_order                         : 16 #     Order of the Interpolating Scaling Function family
   Poisson Solver GPU Enumerator:
     BACKEND                           :  4
     Attributes:
       DEVICE                          :  0
       MODEL                           :  2
     output                            : none #   Quantities to be plotted after the main solver routine
   kernel:
     screening                         : 0 #      Mu screening parameter
     isf_order                         : 16 #     Order of the Interpolating Scaling Function family
     stress_tensor                     : Yes #    Triggers the calculation of the stress tensor
   environment:
     cavity                            : none #   Type of the cavity
     fd_order                          : 16 #     Order of the Finite-difference derivatives for the GPS solver
     itermax                           : 200 #    Maximum number of iterations of the GPS outer loop
     minres                            : 1.e-8 #  Convergence threshold of the loop
     pb_method                         : none #   Defines the method for the Poisson Boltzmann Equation
   MPI tasks                           :  1
     cavity                            : none #   Type of the cavity
     fd_order                          : 16 #     Order of the Finite-difference derivatives for the GPS solver
     itermax                           : 200 #    Maximum number of iterations of the GPS outer loop
     minres                            : 1.e-8 #  Convergence threshold of the loop
     pb_method                         : none #   Defines the method for the Poisson Boltzmann Equation
   MPI tasks                           :  1
   OpenMP threads per MPI task         :  28
     cavity                            : none #   Type of the cavity
     fd_order                          : 16 #     Order of the Finite-difference derivatives for the GPS solver
     itermax                           : 200 #    Maximum number of iterations of the GPS outer loop
     minres                            : 1.e-8 #  Convergence threshold of the loop
     pb_method                         : none #   Defines the method for the Poisson Boltzmann Equation
   MPI tasks                           :  1
   OpenMP threads per MPI task         :  28
   Poisson Solver GPU Enumerator:
   kernel:
     screening                         : 0 #      Mu screening parameter
     isf_order                         : 16 #     Order of the Interpolating Scaling Function family
     stress_tensor                     : Yes #    Triggers the calculation of the stress tensor
   environment:
     cavity                            : none #   Type of the cavity
     fd_order                          : 16 #     Order of the Finite-difference derivatives for the GPS solver
     itermax                           : 200 #    Maximum number of iterations of the GPS outer loop
     minres                            : 1.e-8 #  Convergence threshold of the loop
     pb_method                         : none #   Defines the method for the Poisson Boltzmann Equation
     isf_order                         : 16 #     Order of the Interpolating Scaling Function family
     stress_tensor                     : Yes #    Triggers the calculation of the stress tensor
   environment:
     cavity                            : none #   Type of the cavity
     fd_order                          : 16 #     Order of the Finite-difference derivatives for the GPS solver
     itermax                           : 200 #    Maximum number of iterations of the GPS outer loop
     minres                            : 1.e-8 #  Convergence threshold of the loop
     pb_method                         : none #   Defines the method for the Poisson Boltzmann Equation
   MPI tasks                           :  1
     output                            : none #   Quantities to be plotted after the main solver routine
   kernel:
     screening                         : 0 #      Mu screening parameter
     isf_order                         : 16 #     Order of the Interpolating Scaling Function family
     stress_tensor                     : Yes #    Triggers the calculation of the stress tensor
   environment:
     cavity                            : none #   Type of the cavity
     fd_order                          : 16 #     Order of the Finite-difference derivatives for the GPS solver
     itermax                           : 200 #    Maximum number of iterations of the GPS outer loop
     minres                            : 1.e-8 #  Convergence threshold of the loop
     pb_method                         : none #   Defines the method for the Poisson Boltzmann Equation
   MPI tasks                           :  1
   OpenMP threads per MPI task         :  28
   Poisson Solver GPU Enumerator:
     BACKEND                           :  4
     Attributes:
       DEVICE                          :  0
     keep_gpu_memory                   : Yes #    Do not deallocate GPU memory at each call of the (G)PS routine
     taskgroup_size                    : 0 #      Size of the taskgroups of the Poisson Solver
     global_data                       : No #     Charge density and Electrostatic potential are given by global arrays
     output                            : none #   Quantities to be plotted after the main solver routine
   kernel:
     screening                         : 0 #      Mu screening parameter
     isf_order                         : 16 #     Order of the Interpolating Scaling Function family
   Poisson Solver GPU Enumerator:
     BACKEND                           :  4
     Attributes:
       DEVICE                          :  0
       MODEL                           :  2
     screening                         : 0 #      Mu screening parameter
     isf_order                         : 16 #     Order of the Interpolating Scaling Function family
     stress_tensor                     : Yes #    Triggers the calculation of the stress tensor
   environment:
     cavity                            : none #   Type of the cavity
     fd_order                          : 16 #     Order of the Finite-difference derivatives for the GPS solver
     itermax                           : 200 #    Maximum number of iterations of the GPS outer loop
     minres                            : 1.e-8 #  Convergence threshold of the loop
     pb_method                         : none #   Defines the method for the Poisson Boltzmann Equation
   MPI tasks                           :  1
   OpenMP threads per MPI task         :  28
     itermax                           : 200 #    Maximum number of iterations of the GPS outer loop
     minres                            : 1.e-8 #  Convergence threshold of the loop
     pb_method                         : none #   Defines the method for the Poisson Boltzmann Equation
   MPI tasks                           :  1
   OpenMP threads per MPI task         :  28
   Poisson Solver GPU Enumerator:
     BACKEND                           :  4
     Attributes:
     fd_order                          : 16 #     Order of the Finite-difference derivatives for the GPS solver
     itermax                           : 200 #    Maximum number of iterations of the GPS outer loop
     minres                            : 1.e-8 #  Convergence threshold of the loop
     pb_method                         : none #   Defines the method for the Poisson Boltzmann Equation
   MPI tasks                           :  1
   OpenMP threads per MPI task         :  28
   Poisson Solver GPU Enumerator:
     BACKEND                           :  4
     Attributes:
       DEVICE                          :  0
       MODEL                           :  2
     screening                         : 0 #      Mu screening parameter
     isf_order                         : 16 #     Order of the Interpolating Scaling Function family
     stress_tensor                     : Yes #    Triggers the calculation of the stress tensor
   environment:
     cavity                            : none #   Type of the cavity
     fd_order                          : 16 #     Order of the Finite-difference derivatives for the GPS solver
     itermax                           : 200 #    Maximum number of iterations of the GPS outer loop
     minres                            : 1.e-8 #  Convergence threshold of the loop
     pb_method                         : none #   Defines the method for the Poisson Boltzmann Equation
   MPI tasks                           :  1
   OpenMP threads per MPI task         :  28
   Poisson Solver GPU Enumerator:
     BACKEND                           :  4
     Attributes:
     isf_order                         : 16 #     Order of the Interpolating Scaling Function family
     stress_tensor                     : Yes #    Triggers the calculation of the stress tensor
   environment:
     cavity                            : none #   Type of the cavity
     fd_order                          : 16 #     Order of the Finite-difference derivatives for the GPS solver
     itermax                           : 200 #    Maximum number of iterations of the GPS outer loop
     minres                            : 1.e-8 #  Convergence threshold of the loop
     pb_method                         : none #   Defines the method for the Poisson Boltzmann Equation
   environment:
     cavity                            : none #   Type of the cavity
     fd_order                          : 16 #     Order of the Finite-difference derivatives for the GPS solver
     itermax                           : 200 #    Maximum number of iterations of the GPS outer loop
     minres                            : 1.e-8 #  Convergence threshold of the loop
     pb_method                         : none #   Defines the method for the Poisson Boltzmann Equation
   MPI tasks                           :  1
   OpenMP threads per MPI task         :  28
   Poisson Solver GPU Enumerator:
     BACKEND                           :  4
     Attributes:
       DEVICE                          :  0
       MODEL                           :  2
     keep_gpu_memory                   : Yes #    Do not deallocate GPU memory at each call of the (G)PS routine
     taskgroup_size                    : 0 #      Size of the taskgroups of the Poisson Solver
     global_data                       : No #     Charge density and Electrostatic potential are given by global arrays
     output                            : none #   Quantities to be plotted after the main solver routine
   kernel:
     screening                         : 0 #      Mu screening parameter
     isf_order                         : 16 #     Order of the Interpolating Scaling Function family
     stress_tensor                     : Yes #    Triggers the calculation of the stress tensor
   Poisson Solver GPU Enumerator:
     minres                            : 1.e-8 #  Convergence threshold of the loop
     pb_method                         : none #   Defines the method for the Poisson Boltzmann Equation
   MPI tasks                           :  1
   OpenMP threads per MPI task         :  28
   Poisson Solver GPU Enumerator:
     BACKEND                           :  4
     Attributes:
     fd_order                          : 16 #     Order of the Finite-difference derivatives for the GPS solver
     itermax                           : 200 #    Maximum number of iterations of the GPS outer loop
     minres                            : 1.e-8 #  Convergence threshold of the loop
     pb_method                         : none #   Defines the method for the Poisson Boltzmann Equation
   MPI tasks                           :  1
   OpenMP threads per MPI task         :  28
   Poisson Solver GPU Enumerator:
     itermax                           : 200 #    Maximum number of iterations of the GPS outer loop
     minres                            : 1.e-8 #  Convergence threshold of the loop
     pb_method                         : none #   Defines the method for the Poisson Boltzmann Equation
   MPI tasks                           :  1
   OpenMP threads per MPI task         :  28
   Poisson Solver GPU Enumerator:
     BACKEND                           :  4
     Attributes:
       DEVICE                          :  0
       MODEL                           :  2
     screening                         : 0 #      Mu screening parameter
     isf_order                         : 16 #     Order of the Interpolating Scaling Function family
     stress_tensor                     : Yes #    Triggers the calculation of the stress tensor
   environment:
     cavity                            : none #   Type of the cavity
     fd_order                          : 16 #     Order of the Finite-difference derivatives for the GPS solver
     itermax                           : 200 #    Maximum number of iterations of the GPS outer loop
     minres                            : 1.e-8 #  Convergence threshold of the loop
     pb_method                         : none #   Defines the method for the Poisson Boltzmann Equation
   MPI tasks                           :  1
   OpenMP threads per MPI task         :  28
   Poisson Solver GPU Enumerator:
     BACKEND                           :  4
     Attributes:
       DEVICE                          :  0
       MODEL                           :  2
     stress_tensor                     : Yes #    Triggers the calculation of the stress tensor
   environment:
     cavity                            : none #   Type of the cavity
     fd_order                          : 16 #     Order of the Finite-difference derivatives for the GPS solver
     itermax                           : 200 #    Maximum number of iterations of the GPS outer loop
     minres                            : 1.e-8 #  Convergence threshold of the loop
     pb_method                         : none #   Defines the method for the Poisson Boltzmann Equation
   MPI tasks                           :  1
   OpenMP threads per MPI task         :  28
     pb_method                         : none #   Defines the method for the Poisson Boltzmann Equation
   MPI tasks                           :  1
   OpenMP threads per MPI task         :  28
   Poisson Solver GPU Enumerator:
     BACKEND                           :  4
     Attributes:
       DEVICE                          :  0
       MODEL                           :  2
     output                            : none #   Quantities to be plotted after the main solver routine
   kernel:
     screening                         : 0 #      Mu screening parameter
     isf_order                         : 16 #     Order of the Interpolating Scaling Function family
     stress_tensor                     : Yes #    Triggers the calculation of the stress tensor
   Poisson Solver GPU Enumerator:
     BACKEND                           :  4
     Attributes:
       DEVICE                          :  0
       MODEL                           :  2
     minres                            : 1.e-8 #  Convergence threshold of the loop
     pb_method                         : none #   Defines the method for the Poisson Boltzmann Equation
   MPI tasks                           :  1
   OpenMP threads per MPI task         :  28
   Poisson Solver GPU Enumerator:
     BACKEND                           :  4
     Attributes:
     itermax                           : 200 #    Maximum number of iterations of the GPS outer loop
     minres                            : 1.e-8 #  Convergence threshold of the loop
     pb_method                         : none #   Defines the method for the Poisson Boltzmann Equation
   MPI tasks                           :  1
   OpenMP threads per MPI task         :  28
   Poisson Solver GPU Enumerator:
     BACKEND                           :  4
     Attributes:
       DEVICE                          :  0
       MODEL                           :  2
     cavity                            : none #   Type of the cavity
     fd_order                          : 16 #     Order of the Finite-difference derivatives for the GPS solver
     itermax                           : 200 #    Maximum number of iterations of the GPS outer loop
     minres                            : 1.e-8 #  Convergence threshold of the loop
     pb_method                         : none #   Defines the method for the Poisson Boltzmann Equation
   MPI tasks                           :  1
   OpenMP threads per MPI task         :  28
   Poisson Solver GPU Enumerator:
     BACKEND                           :  4
     Attributes:
       DEVICE                          :  0
       MODEL                           :  2
     cavity                            : none #   Type of the cavity
     fd_order                          : 16 #     Order of the Finite-difference derivatives for the GPS solver
     itermax                           : 200 #    Maximum number of iterations of the GPS outer loop
     minres                            : 1.e-8 #  Convergence threshold of the loop
     pb_method                         : none #   Defines the method for the Poisson Boltzmann Equation
   MPI tasks                           :  1
   OpenMP threads per MPI task         :  28
   Poisson Solver GPU Enumerator:
     BACKEND                           :  4
     Attributes:
       DEVICE                          :  0
       MODEL                           :  2
     itermax                           : 200 #    Maximum number of iterations of the GPS outer loop
     minres                            : 1.e-8 #  Convergence threshold of the loop
     pb_method                         : none #   Defines the method for the Poisson Boltzmann Equation
   MPI tasks                           :  1
   OpenMP threads per MPI task         :  28
   Poisson Solver GPU Enumerator:
     BACKEND                           :  4
     Attributes:
       DEVICE                          :  0
       MODEL                           :  2
     pb_method                         : none #   Defines the method for the Poisson Boltzmann Equation
   MPI tasks                           :  1
   OpenMP threads per MPI task         :  28
   Poisson Solver GPU Enumerator:
     BACKEND                           :  4
     Attributes:
       DEVICE                          :  0
       MODEL                           :  2
     cavity                            : none #   Type of the cavity
     fd_order                          : 16 #     Order of the Finite-difference derivatives for the GPS solver
     itermax                           : 200 #    Maximum number of iterations of the GPS outer loop
     minres                            : 1.e-8 #  Convergence threshold of the loop
     pb_method                         : none #   Defines the method for the Poisson Boltzmann Equation
   Poisson Solver GPU Enumerator:
     BACKEND                           :  4
     Attributes:
       DEVICE                          :  0
       MODEL                           :  2
     itermax                           : 200 #    Maximum number of iterations of the GPS outer loop
     minres                            : 1.e-8 #  Convergence threshold of the loop
     pb_method                         : none #   Defines the method for the Poisson Boltzmann Equation
   MPI tasks                           :  1
   OpenMP threads per MPI task         :  28
   OpenMP threads per MPI task         :  28
   Poisson Solver GPU Enumerator:
     BACKEND                           :  4
     Attributes:
       DEVICE                          :  0
       MODEL                           :  2
     minres                            : 1.e-8 #  Convergence threshold of the loop
     pb_method                         : none #   Defines the method for the Poisson Boltzmann Equation
   MPI tasks                           :  1
   OpenMP threads per MPI task         :  28
   Poisson Solver GPU Enumerator:
     BACKEND                           :  4
     Attributes:
       DEVICE                          :  0
       MODEL                           :  2
     stress_tensor                     : Yes #    Triggers the calculation of the stress tensor
   environment:
     cavity                            : none #   Type of the cavity
     fd_order                          : 16 #     Order of the Finite-difference derivatives for the GPS solver
     itermax                           : 200 #    Maximum number of iterations of the GPS outer loop
     minres                            : 1.e-8 #  Convergence threshold of the loop
     pb_method                         : none #   Defines the method for the Poisson Boltzmann Equation
   MPI tasks                           :  1
   OpenMP threads per MPI task         :  28
   Poisson Solver GPU Enumerator:
     BACKEND                           :  4
     Attributes:
       DEVICE                          :  0
       MODEL                           :  2
     fd_order                          : 16 #     Order of the Finite-difference derivatives for the GPS solver
     itermax                           : 200 #    Maximum number of iterations of the GPS outer loop
     minres                            : 1.e-8 #  Convergence threshold of the loop
     pb_method                         : none #   Defines the method for the Poisson Boltzmann Equation
   MPI tasks                           :  1
   OpenMP threads per MPI task         :  28
   Poisson Solver GPU Enumerator:
     BACKEND                           :  4
     Attributes:
       DEVICE                          :  0
       MODEL                           :  2
   OpenMP threads per MPI task         :  28
   Poisson Solver GPU Enumerator:
     BACKEND                           :  4
     Attributes:
       DEVICE                          :  0
       MODEL                           :  2
     cavity                            : none #   Type of the cavity
     fd_order                          : 16 #     Order of the Finite-difference derivatives for the GPS solver
     itermax                           : 200 #    Maximum number of iterations of the GPS outer loop
     minres                            : 1.e-8 #  Convergence threshold of the loop
     pb_method                         : none #   Defines the method for the Poisson Boltzmann Equation
       DEVICE                          :  0
       MODEL                           :  2
   OpenMP threads per MPI task         :  28
   Poisson Solver GPU Enumerator:
     BACKEND                           :  4
     Attributes:
       DEVICE                          :  0
       MODEL                           :  2
   MPI tasks                           :  1
   OpenMP threads per MPI task         :  28
   Poisson Solver GPU Enumerator:
     BACKEND                           :  4
     Attributes:
       DEVICE                          :  0
       MODEL                           :  2
     minres                            : 1.e-8 #  Convergence threshold of the loop
     pb_method                         : none #   Defines the method for the Poisson Boltzmann Equation
   MPI tasks                           :  1
   OpenMP threads per MPI task         :  28
   Poisson Solver GPU Enumerator:
     BACKEND                           :  4
     Attributes:
       DEVICE                          :  0
       MODEL                           :  2
   environment:
     cavity                            : none #   Type of the cavity
     fd_order                          : 16 #     Order of the Finite-difference derivatives for the GPS solver
     itermax                           : 200 #    Maximum number of iterations of the GPS outer loop
     minres                            : 1.e-8 #  Convergence threshold of the loop
     pb_method                         : none #   Defines the method for the Poisson Boltzmann Equation
   MPI tasks                           :  1
   OpenMP threads per MPI task         :  28
   Poisson Solver GPU Enumerator:
     BACKEND                           :  4
     Attributes:
       DEVICE                          :  0
       MODEL                           :  2
   Poisson Solver GPU Enumerator:
     BACKEND                           :  4
     Attributes:
       DEVICE                          :  0
       MODEL                           :  2
   Poisson Solver GPU Enumerator:
     BACKEND                           :  4
     Attributes:
       DEVICE                          :  0
       MODEL                           :  2
     fd_order                          : 16 #     Order of the Finite-difference derivatives for the GPS solver
     itermax                           : 200 #    Maximum number of iterations of the GPS outer loop
     minres                            : 1.e-8 #  Convergence threshold of the loop
     pb_method                         : none #   Defines the method for the Poisson Boltzmann Equation
   MPI tasks                           :  1
     BACKEND                           :  4
     Attributes:
       DEVICE                          :  0
       MODEL                           :  2
   Poisson Solver GPU Enumerator:
     BACKEND                           :  4
     Attributes:
       DEVICE                          :  0
       MODEL                           :  2
   Poisson Solver GPU Enumerator:
     BACKEND                           :  4
     Attributes:
       DEVICE                          :  0
       MODEL                           :  2
     minres                            : 1.e-8 #  Convergence threshold of the loop
     pb_method                         : none #   Defines the method for the Poisson Boltzmann Equation
   MPI tasks                           :  1
   OpenMP threads per MPI task         :  28
   Poisson Solver GPU Enumerator:
     BACKEND                           :  4
     Attributes:
       DEVICE                          :  0
       MODEL                           :  2
     pb_method                         : none #   Defines the method for the Poisson Boltzmann Equation
   MPI tasks                           :  1
   OpenMP threads per MPI task         :  28
   Poisson Solver GPU Enumerator:
     BACKEND                           :  4
     Attributes:
       DEVICE                          :  0
       MODEL                           :  2
   Poisson Solver GPU Enumerator:
     BACKEND                           :  4
     Attributes:
       DEVICE                          :  0
       MODEL                           :  2
   MPI tasks                           :  1
   OpenMP threads per MPI task         :  28
   Poisson Solver GPU Enumerator:
     BACKEND                           :  4
     Attributes:
       DEVICE                          :  0
       MODEL                           :  2
     fd_order                          : 16 #     Order of the Finite-difference derivatives for the GPS solver
     itermax                           : 200 #    Maximum number of iterations of the GPS outer loop
     minres                            : 1.e-8 #  Convergence threshold of the loop
     pb_method                         : none #   Defines the method for the Poisson Boltzmann Equation
   MPI tasks                           :  1
   MPI tasks                           :  1
   OpenMP threads per MPI task         :  28
   Poisson Solver GPU Enumerator:
     BACKEND                           :  4
     Attributes:
       DEVICE                          :  0
       MODEL                           :  2
   Poisson Solver GPU Enumerator:
     BACKEND                           :  4
     Attributes:
       DEVICE                          :  0
       MODEL                           :  2
   Poisson Solver GPU Enumerator:
     BACKEND                           :  4
     Attributes:
       DEVICE                          :  0
       MODEL                           :  2
   MPI tasks                           :  1
   OpenMP threads per MPI task         :  28
   Poisson Solver GPU Enumerator:
     BACKEND                           :  4
     Attributes:
       DEVICE                          :  0
       MODEL                           :  2
   OpenMP threads per MPI task         :  28
   Poisson Solver GPU Enumerator:
     BACKEND                           :  4
     Attributes:
       DEVICE                          :  0
       MODEL                           :  2
   Poisson Solver GPU Enumerator:
     BACKEND                           :  4
     Attributes:
       DEVICE                          :  0
       MODEL                           :  2
     stress_tensor                     : Yes #    Triggers the calculation of the stress tensor
   environment:
     cavity                            : none #   Type of the cavity
     fd_order                          : 16 #     Order of the Finite-difference derivatives for the GPS solver
   OpenMP threads per MPI task         :  28
   Poisson Solver GPU Enumerator:
     BACKEND                           :  4
     Attributes:
       DEVICE                          :  0
       MODEL                           :  2
   Poisson Solver GPU Enumerator:
     BACKEND                           :  4
     Attributes:
       DEVICE                          :  0
       MODEL                           :  2
     BACKEND                           :  4
     Attributes:
       DEVICE                          :  0
       MODEL                           :  2
   MPI tasks                           :  1
   OpenMP threads per MPI task         :  28
   Poisson Solver GPU Enumerator:
     BACKEND                           :  4
     Attributes:
       DEVICE                          :  0
       MODEL                           :  2
   MPI tasks                           :  1
   OpenMP threads per MPI task         :  28
   Poisson Solver GPU Enumerator:
     BACKEND                           :  4
     Attributes:
       DEVICE                          :  0
       MODEL                           :  2
       MODEL                           :  2
     stress_tensor                     : Yes #    Triggers the calculation of the stress tensor
   environment:
     cavity                            : none #   Type of the cavity
     fd_order                          : 16 #     Order of the Finite-difference derivatives for the GPS solver
     itermax                           : 200 #    Maximum number of iterations of the GPS outer loop
   Poisson Solver GPU Enumerator:
     BACKEND                           :  4
     Attributes:
       DEVICE                          :  0
       MODEL                           :  2
       DEVICE                          :  0
       MODEL                           :  2
       DEVICE                          :  0
       MODEL                           :  2
   Poisson Solver GPU Enumerator:
     BACKEND                           :  4
     Attributes:
       DEVICE                          :  0
       MODEL                           :  2
   environment:
     cavity                            : none #   Type of the cavity
     fd_order                          : 16 #     Order of the Finite-difference derivatives for the GPS solver
     itermax                           : 200 #    Maximum number of iterations of the GPS outer loop
       DEVICE                          :  0
       MODEL                           :  2
     BACKEND                           :  4
     Attributes:
       DEVICE                          :  0
       MODEL                           :  2
   Poisson Solver GPU Enumerator:
     BACKEND                           :  4
     Attributes:
       DEVICE                          :  0
       MODEL                           :  2
   environment:
     cavity                            : none #   Type of the cavity
     fd_order                          : 16 #     Order of the Finite-difference derivatives for the GPS solver
     itermax                           : 200 #    Maximum number of iterations of the GPS outer loop
       DEVICE                          :  0
       MODEL                           :  2
   MPI tasks                           :  1
   OpenMP threads per MPI task         :  28
   Poisson Solver GPU Enumerator:
     BACKEND                           :  4
     Attributes:
   Poisson Solver GPU Enumerator:
     BACKEND                           :  4
     Attributes:
       DEVICE                          :  0
       MODEL                           :  2
   MPI tasks                           :  1
   OpenMP threads per MPI task         :  28
   Poisson Solver GPU Enumerator:
     BACKEND                           :  4
     Attributes:
       DEVICE                          :  0
       MODEL                           :  2
   OpenMP threads per MPI task         :  28
   Poisson Solver GPU Enumerator:
     BACKEND                           :  4
     Attributes:
       DEVICE                          :  0
       MODEL                           :  2
   OpenMP threads per MPI task         :  28
   Poisson Solver GPU Enumerator:
     BACKEND                           :  4
     Attributes:
       DEVICE                          :  0
       MODEL                           :  2
     itermax                           : 200 #    Maximum number of iterations of the GPS outer loop
     minres                            : 1.e-8 #  Convergence threshold of the loop
     pb_method                         : none #   Defines the method for the Poisson Boltzmann Equation
     minres                            : 1.e-8 #  Convergence threshold of the loop
     pb_method                         : none #   Defines the method for the Poisson Boltzmann Equation
   MPI tasks                           :  1
   OpenMP threads per MPI task         :  28
     minres                            : 1.e-8 #  Convergence threshold of the loop
     pb_method                         : none #   Defines the method for the Poisson Boltzmann Equation
   MPI tasks                           :  1
   OpenMP threads per MPI task         :  28
     minres                            : 1.e-8 #  Convergence threshold of the loop
     pb_method                         : none #   Defines the method for the Poisson Boltzmann Equation
   MPI tasks                           :  1
   OpenMP threads per MPI task         :  28
       DEVICE                          :  0
       MODEL                           :  2
   MPI tasks                           :  1
   OpenMP threads per MPI task         :  28
   Poisson Solver GPU Enumerator:
     BACKEND                           :  4
   Poisson Solver GPU Enumerator:
     BACKEND                           :  4
     Attributes:
       DEVICE                          :  0
       MODEL                           :  2
   Poisson Solver GPU Enumerator:
     BACKEND                           :  4
     Attributes:
       DEVICE                          :  0
       MODEL                           :  2
   Poisson Solver GPU Enumerator:
     BACKEND                           :  4
     Attributes:
       DEVICE                          :  0
       MODEL                           :  2
     Attributes:
       DEVICE                          :  0
       MODEL                           :  2
  #------------------------------------------------------------------- Kernel Initialization
 Poisson Kernel Initialization:
    #---------------------------------------------------------------------- Input parameters
   setup:
     accel                   : ONEMATH #          Material Acceleration
     use_gpu_direct          : Yes #              Force (or not) the usage of GPUdirect communication, if available
     verbose                 : Yes #              Verbosity switch
     keep_gpu_memory         : Yes #              Do not deallocate GPU memory at each call of the (G)PS routine
     taskgroup_size          : 0 #                Size of the taskgroups of the Poisson Solver
     global_data             : No #               Charge density and Electrostatic potential are given by global arrays
     output                  : none #             Quantities to be plotted after the main solver routine
   kernel:
     screening               : 0 #                Mu screening parameter
     isf_order               : 16 #               Order of the Interpolating Scaling Function family
     stress_tensor           : Yes #              Triggers the calculation of the stress tensor
   environment:
     cavity                  : none #             Type of the cavity
     fd_order                : 16 #               Order of the Finite-difference derivatives for the GPS solver
     itermax                 : 200 #              Maximum number of iterations of the GPS outer loop
     minres                  : 1.e-8 #            Convergence threshold of the loop
     pb_method               : none #             Defines the method for the Poisson Boltzmann Equation
   MPI tasks                 :  1
   OpenMP threads per MPI task:  28
   Poisson Solver GPU Enumerator:
     BACKEND                 :  4
     Attributes:
       DEVICE                :  0
       MODEL                 :  2
 Poisson Kernel Creation:
   Boundary Conditions       : Free
   Memory Requirements per MPI task:
     Density (MB)            :  50.62
     Kernel (MB)             :  51.44
     Full Grid Arrays (MB)   :  45.07
   Kernel Copied on GPU      :  Yes
 Orbital repartition:
 -  [ 4,  4,  4,  4,  4,  4,  4,  4,  4,  4,  4,  4,  4,  4,  4,  4,  3,  3,  3,  3,  3, 
                                                                                  3,  3, 
                                                                                  3,  3, 
                                                                                  3,  3, 
                                                                                  3,  3, 
                                                                                  3,  3, 
                                                                                  3,  3, 
                                                                                  3,  3, 
                                                                                  3,  3, 
                                                                                  3,  3, 
                                                                                  3,  3, 
                                                                                  3,  3, 
                                                                                  3,  3, 
                                                                                  3,  3, 
                                                                                  3,  3, 
                                                                                  3,  3, 
                                                                                  3,  3, 
                                                                                  3,  3, 
                                                                                  3,  3, 
                                                                                  3,  3, 
                                                                                  3,  3, 
                                                                                  3,  3, 
                                                                                  3]
  #WARNING: insufficient GPU memory : don't store and exchange results (double the 
  #computation amount)
  #Exact exchange calculation:1%; Time (s): Elapsed=0.0864, Remaining=8.5
  #Exact exchange calculation:3%; Time (s): Elapsed=0.2110, Remaining=6.8
  #Exact exchange calculation:4%; Time (s): Elapsed=0.3162, Remaining=7.6
  #Exact exchange calculation:6%; Time (s): Elapsed=0.4514, Remaining=7.1
  #Exact exchange calculation:7%; Time (s): Elapsed=0.6072, Remaining=8.1
  #Exact exchange calculation:8%; Time (s): Elapsed=0.8279, Remaining=9.5
  #Exact exchange calculation:10%; Time (s): Elapsed=0.9889, Remaining=8.9
  #Exact exchange calculation:11%; Time (s): Elapsed=1.1348, Remaining=9.2
  #Exact exchange calculation:13%; Time (s): Elapsed=1.2507, Remaining=8.4
  #Exact exchange calculation:14%; Time (s): Elapsed=1.4053, Remaining=8.6
  #Exact exchange calculation:16%; Time (s): Elapsed=1.5635, Remaining=8.2
  #Exact exchange calculation:17%; Time (s): Elapsed=1.7096, Remaining=8.3
  #Exact exchange calculation:19%; Time (s): Elapsed=1.8962, Remaining=8.1
  #Exact exchange calculation:20%; Time (s): Elapsed=2.0140, Remaining=8.1
  #Exact exchange calculation:22%; Time (s): Elapsed=2.1510, Remaining=7.6
  #Exact exchange calculation:23%; Time (s): Elapsed=2.2988, Remaining=7.7
  #Exact exchange calculation:24%; Time (s): Elapsed=2.4020, Remaining=7.6
  #Exact exchange calculation:26%; Time (s): Elapsed=2.5096, Remaining=7.1
  #Exact exchange calculation:27%; Time (s): Elapsed=2.6115, Remaining=7.1
  #Exact exchange calculation:29%; Time (s): Elapsed=2.7217, Remaining=6.7
  #Exact exchange calculation:30%; Time (s): Elapsed=2.8358, Remaining=6.6
  #Exact exchange calculation:32%; Time (s): Elapsed=2.9500, Remaining=6.3
  #Exact exchange calculation:33%; Time (s): Elapsed=3.0668, Remaining=6.2
  #Exact exchange calculation:35%; Time (s): Elapsed=3.1887, Remaining=5.9
  #Exact exchange calculation:36%; Time (s): Elapsed=3.2991, Remaining=5.9
  #Exact exchange calculation:38%; Time (s): Elapsed=3.4039, Remaining=5.6
  #Exact exchange calculation:39%; Time (s): Elapsed=3.5692, Remaining=5.6
  #Exact exchange calculation:40%; Time (s): Elapsed=3.6864, Remaining=5.5
  #Exact exchange calculation:42%; Time (s): Elapsed=3.8389, Remaining=5.3
  #Exact exchange calculation:43%; Time (s): Elapsed=3.9508, Remaining=5.2
  #Exact exchange calculation:45%; Time (s): Elapsed=4.0581, Remaining=5.0
  #Exact exchange calculation:46%; Time (s): Elapsed=4.2151, Remaining=4.9
  #Exact exchange calculation:48%; Time (s): Elapsed=4.3215, Remaining=4.7
  #Exact exchange calculation:49%; Time (s): Elapsed=4.4292, Remaining=4.6
  #Exact exchange calculation:51%; Time (s): Elapsed=4.5291, Remaining=4.4
  #Exact exchange calculation:52%; Time (s): Elapsed=4.6699, Remaining=4.3
  #Exact exchange calculation:54%; Time (s): Elapsed=4.7943, Remaining=4.1
  #Exact exchange calculation:55%; Time (s): Elapsed=4.9070, Remaining=4.0
  #Exact exchange calculation:56%; Time (s): Elapsed=5.0513, Remaining=4.0
  #Exact exchange calculation:58%; Time (s): Elapsed=5.1607, Remaining=3.7
  #Exact exchange calculation:59%; Time (s): Elapsed=5.2772, Remaining=3.7
  #Exact exchange calculation:61%; Time (s): Elapsed=5.4313, Remaining=3.5
  #Exact exchange calculation:62%; Time (s): Elapsed=5.5657, Remaining=3.4
  #Exact exchange calculation:64%; Time (s): Elapsed=5.6734, Remaining=3.2
  #Exact exchange calculation:65%; Time (s): Elapsed=5.7896, Remaining=3.1
  #Exact exchange calculation:67%; Time (s): Elapsed=5.8958, Remaining=2.9
  #Exact exchange calculation:68%; Time (s): Elapsed=6.0049, Remaining=2.8
  #Exact exchange calculation:69%; Time (s): Elapsed=6.0962, Remaining=2.7
  #Exact exchange calculation:71%; Time (s): Elapsed=6.2974, Remaining=2.6
  #Exact exchange calculation:73%; Time (s): Elapsed=6.4464, Remaining=2.4
  #Exact exchange calculation:75%; Time (s): Elapsed=6.5930, Remaining=2.2
  #Exact exchange calculation:77%; Time (s): Elapsed=6.7386, Remaining=2.0
  #Exact exchange calculation:79%; Time (s): Elapsed=6.8838, Remaining=1.8
  #Exact exchange calculation:81%; Time (s): Elapsed=7.0292, Remaining=1.6
  #Exact exchange calculation:83%; Time (s): Elapsed=7.1747, Remaining=1.5
  #Exact exchange calculation:85%; Time (s): Elapsed=7.3198, Remaining=1.3
  #Exact exchange calculation:86%; Time (s): Elapsed=7.4636, Remaining=1.2
  #Exact exchange calculation:88%; Time (s): Elapsed=7.6060, Remaining=1.0
  #Exact exchange calculation:90%; Time (s): Elapsed=7.7605, Remaining=0.86
  #Exact exchange calculation:92%; Time (s): Elapsed=7.9068, Remaining=0.69
  #Exact exchange calculation:94%; Time (s): Elapsed=8.0506, Remaining=0.51
  #Exact exchange calculation:96%; Time (s): Elapsed=8.2025, Remaining=0.34
  #Exact exchange calculation:98%; Time (s): Elapsed=8.3545, Remaining=0.17
  #Exact exchange calculation:100%; Time (s): Elapsed=8.5065, Remaining=0.0
 Exact Exchange Energy       :  1.71681878276E+09
 Expected Exchange Energy    :  3.98942280401E-01
  #-------------------------------- Warnings obtained during the run, check their relevance!
 WARNINGS:
 - insufficient GPU memory : don't store and exchange results (double the computation amount)
 Memory Consumption Report:
   Tot. No. of Allocations             :  501
   Tot. No. of Deallocations           :  501
   Remaining Memory (B)                :  0
   Memory occupation:
     Peak Value (MB)                   :  609.166
     for the array                     : displ_res
     in the routine                    : null
     Memory Peak of process            : 1194.744 MB
 Walltime since initialization         :  00:00:11.303444850
 Max No. of dictionaries used          :  595 #( 241 still in use)
 Number of dictionary folders allocated:  1
