[0] MPI startup(): ===== GPU topology on compute11 =====
[0] MPI startup(): NUMA nodes     : 2
[0] MPI startup(): GPUs           : 4
[0] MPI startup(): Stacks (Tiles) : 8
[0] MPI startup(): Hierarchy mode : flat
[0] MPI startup(): Backend        : level zero
[0] MPI startup(): Device name    : Intel(R) Data Center GPU Max 1550
[0] MPI startup(): NUMA Id	GPU Id         Stacks (tiles)                 Ranks on this NUMA
[0] MPI startup(): 0      	0,1            (0,1)(2,3)                     0,1,2,3
[0] MPI startup(): 1      	2,3            (4,5)(6,7)                     4,5,6,7
[0] MPI startup(): ===== GPU pinning on compute11 =====
[0] MPI startup(): Rank	 Pin stack (tile)
[0] MPI startup(): 0	 {0}
[0] MPI startup(): 1	 {1}
[0] MPI startup(): 2	 {2}
[0] MPI startup(): 3	 {3}
[0] MPI startup(): 4	 {4}
[0] MPI startup(): 5	 {5}
[0] MPI startup(): 6	 {6}
[0] MPI startup(): 7	 {7}
[0] MPI startup(): Intel(R) MPI Library, Version 2021.16  Build 20250513 (id: a7c135c)
[0] MPI startup(): Copyright (C) 2003-2025 Intel Corporation.  All rights reserved.
[0] MPI startup(): library kind: release
[0] MPI startup(): libfabric version: 2.1.0-impi
[0] MPI startup(): libfabric provider: psm3
[0] MPI startup(): File "/install/software/oneAPI/2025.2/mpi/2021.16/opt/mpi/etc/tuning_spr_shm-ofi_psm3_200_x1.dat" not found
[0] MPI startup(): File "/install/software/oneAPI/2025.2/mpi/2021.16/opt/mpi/etc/tuning_spr_shm-ofi_psm3_200.dat" not found
[0] MPI startup(): File "/install/software/oneAPI/2025.2/mpi/2021.16/opt/mpi/etc/tuning_spr_shm-ofi_psm3.dat" not found
[0] MPI startup(): Load tuning file: "/install/software/oneAPI/2025.2/mpi/2021.16/opt/mpi/etc/tuning_spr_shm-ofi.dat"
[0] MPI startup(): Number of NICs:  1 
[0] MPI startup(): ===== NIC pinning on compute11 =====
[0] MPI startup(): Rank    Thread id  Pin nic
[0] MPI startup(): 0       0          autoselect_one:mlx5_0;mlx5_1
[0] MPI startup(): 1       0          autoselect_one:mlx5_0;mlx5_1
[0] MPI startup(): 2       0          autoselect_one:mlx5_0;mlx5_1
[0] MPI startup(): 3       0          autoselect_one:mlx5_0;mlx5_1
[0] MPI startup(): 4       0          autoselect_one:mlx5_0;mlx5_1
[0] MPI startup(): 5       0          autoselect_one:mlx5_0;mlx5_1
[0] MPI startup(): 6       0          autoselect_one:mlx5_0;mlx5_1
[0] MPI startup(): 7       0          autoselect_one:mlx5_0;mlx5_1
[0] MPI startup(): ===== CPU pinning =====
[0] MPI startup(): Rank    Pid      Node name  Pin cpu
[0] MPI startup(): 0       209144   compute11  {0-13,112-125}
[0] MPI startup(): 1       209145   compute11  {14-27,126-139}
[0] MPI startup(): 2       209146   compute11  {28-41,140-153}
[0] MPI startup(): 3       209147   compute11  {42-55,154-167}
[0] MPI startup(): 4       209148   compute11  {56-69,168-181}
[0] MPI startup(): 5       209149   compute11  {70-83,182-195}
[0] MPI startup(): 6       209150   compute11  {84-97,196-209}
[0] MPI startup(): 7       209151   compute11  {98-111,210-223}
[0] MPI startup(): 8       105577   compute12  {0-13,112-125}
[0] MPI startup(): 9       105578   compute12  {14-27,126-139}
[0] MPI startup(): 10      105579   compute12  {28-41,140-153}
[0] MPI startup(): 11      105580   compute12  {42-55,154-167}
[0] MPI startup(): 12      105581   compute12  {56-69,168-181}
[0] MPI startup(): 13      105582   compute12  {70-83,182-195}
[0] MPI startup(): 14      105583   compute12  {84-97,196-209}
[0] MPI startup(): 15      105584   compute12  {98-111,210-223}
[0] MPI startup(): 16      200180   compute13  {0-13,112-125}
[0] MPI startup(): 17      200181   compute13  {14-27,126-139}
[0] MPI startup(): 18      200182   compute13  {28-41,140-153}
[0] MPI startup(): 19      200183   compute13  {42-55,154-167}
[0] MPI startup(): 20      200184   compute13  {56-69,168-181}
[0] MPI startup(): 21      200185   compute13  {70-83,182-195}
[0] MPI startup(): 22      200186   compute13  {84-97,196-209}
[0] MPI startup(): 23      200187   compute13  {98-111,210-223}
[0] MPI startup(): 24      110024   compute14  {0-13,112-125}
[0] MPI startup(): 25      110025   compute14  {14-27,126-139}
[0] MPI startup(): 26      110026   compute14  {28-41,140-153}
[0] MPI startup(): 27      110027   compute14  {42-55,154-167}
[0] MPI startup(): 28      110028   compute14  {56-69,168-181}
[0] MPI startup(): 29      110029   compute14  {70-83,182-195}
[0] MPI startup(): 30      110030   compute14  {84-97,196-209}
[0] MPI startup(): 31      110031   compute14  {98-111,210-223}
[0] MPI startup(): 32      191193   compute21  {0-13,112-125}
[0] MPI startup(): 33      191194   compute21  {14-27,126-139}
[0] MPI startup(): 34      191195   compute21  {28-41,140-153}
[0] MPI startup(): 35      191196   compute21  {42-55,154-167}
[0] MPI startup(): 36      191197   compute21  {56-69,168-181}
[0] MPI startup(): 37      191198   compute21  {70-83,182-195}
[0] MPI startup(): 38      191199   compute21  {84-97,196-209}
[0] MPI startup(): 39      191200   compute21  {98-111,210-223}
[0] MPI startup(): 40      201900   compute22  {0-13,112-125}
[0] MPI startup(): 41      201901   compute22  {14-27,126-139}
[0] MPI startup(): 42      201902   compute22  {28-41,140-153}
[0] MPI startup(): 43      201903   compute22  {42-55,154-167}
[0] MPI startup(): 44      201904   compute22  {56-69,168-181}
[0] MPI startup(): 45      201905   compute22  {70-83,182-195}
[0] MPI startup(): 46      201906   compute22  {84-97,196-209}
[0] MPI startup(): 47      201907   compute22  {98-111,210-223}
[0] MPI startup(): 48      53791    compute23  {0-13,112-125}
[0] MPI startup(): 49      53792    compute23  {14-27,126-139}
[0] MPI startup(): 50      53793    compute23  {28-41,140-153}
[0] MPI startup(): 51      53794    compute23  {42-55,154-167}
[0] MPI startup(): 52      53795    compute23  {56-69,168-181}
[0] MPI startup(): 53      53796    compute23  {70-83,182-195}
[0] MPI startup(): 54      53797    compute23  {84-97,196-209}
[0] MPI startup(): 55      53798    compute23  {98-111,210-223}
[0] MPI startup(): 56      145810   compute31  {0-13,112-125}
[0] MPI startup(): 57      145811   compute31  {14-27,126-139}
[0] MPI startup(): 58      145812   compute31  {28-41,140-153}
[0] MPI startup(): 59      145813   compute31  {42-55,154-167}
[0] MPI startup(): 60      145814   compute31  {56-69,168-181}
[0] MPI startup(): 61      145815   compute31  {70-83,182-195}
[0] MPI startup(): 62      145816   compute31  {84-97,196-209}
[0] MPI startup(): 63      145817   compute31  {98-111,210-223}
[0] MPI startup(): 64      150213   compute33  {0-13,112-125}
[0] MPI startup(): 65      150214   compute33  {14-27,126-139}
[0] MPI startup(): 66      150215   compute33  {28-41,140-153}
[0] MPI startup(): 67      150216   compute33  {42-55,154-167}
[0] MPI startup(): 68      150217   compute33  {56-69,168-181}
[0] MPI startup(): 69      150218   compute33  {70-83,182-195}
[0] MPI startup(): 70      150219   compute33  {84-97,196-209}
[0] MPI startup(): 71      150220   compute33  {98-111,210-223}
[0] MPI startup(): 72      18161    compute34  {0-13,112-125}
[0] MPI startup(): 73      18162    compute34  {14-27,126-139}
[0] MPI startup(): 74      18163    compute34  {28-41,140-153}
[0] MPI startup(): 75      18164    compute34  {42-55,154-167}
[0] MPI startup(): 76      18165    compute34  {56-69,168-181}
[0] MPI startup(): 77      18166    compute34  {70-83,182-195}
[0] MPI startup(): 78      18167    compute34  {84-97,196-209}
[0] MPI startup(): 79      18168    compute34  {98-111,210-223}
[0] MPI startup(): I_MPI_ROOT=/install/software/oneAPI/2025.2/mpi/2021.16
[0] MPI startup(): ONEAPI_ROOT=/install/software/oneAPI/2025.2
[0] MPI startup(): I_MPI_MPIRUN=mpirun
[0] MPI startup(): I_MPI_BIND_WIN_ALLOCATE=localalloc
[0] MPI startup(): I_MPI_HYDRA_TOPOLIB=ipl2
[0] MPI startup(): I_MPI_HYDRA_BOOTSTRAP=slurm
[0] MPI startup(): I_MPI_OFFLOAD_DOMAIN_SIZE=1
[0] MPI startup(): I_MPI_OFFLOAD_CELL=tile
[0] MPI startup(): I_MPI_RETURN_WIN_MEM_NUMA=0
[0] MPI startup(): I_MPI_INTERNAL_MEM_POLICY=default
[0] MPI startup(): I_MPI_OFFLOAD_TOPOLIB=level_zero
[0] MPI startup(): I_MPI_OFFLOAD=1
[0] MPI startup(): I_MPI_OFFLOAD_CBWR=0
[0] MPI startup(): I_MPI_OFFLOAD_PIPELINE=0
[0] MPI startup(): I_MPI_OFFLOAD_FAST_MEMCPY_COLL=1
[0] MPI startup(): I_MPI_OFFLOAD_RDMA=1
[0] MPI startup(): I_MPI_OFFLOAD_RDMA_THRESHOLD=0
[0] MPI startup(): I_MPI_INFO_GPU_ID_LOCAL_MAP=0,0,1,1,2,2,3,3
[0] MPI startup(): I_MPI_INFO_GPU_TILE_ID_LOCAL_MAP=0,1,2,3,4,5,6,7
[0] MPI startup(): I_MPI_OFI_PROVIDER=psm3
[0] MPI startup(): I_MPI_DEBUG=5
---
 Reference Paper             : The Journal of Chemical Physics 137, 134108 (2012)
 Version Number              : PSolver 1.10
 Timestamp of this run       : 2025-11-27 01:52:33.697
 Root process Hostname       : compute11
  #------------------------------------------------------------------- Kernel Initialization
 Poisson Kernel Initialization:
    #---------------------------------------------------------------------- Input parameters
   setup:
  #------------------------------------------------------------------- Kernel Initialization
 Poisson Kernel Initialization:
    #---------------------------------------------------------------------- Input parameters
   setup:
  #------------------------------------------------------------------- Kernel Initialization
 Poisson Kernel Initialization:
    #---------------------------------------------------------------------- Input parameters
   setup:
     accel                             : DBFFT #  Material Acceleration
     use_gpu_direct                    : Yes #    Force (or not) the usage of GPUdirect communication, if available
     verbose                           : Yes #    Verbosity switch
     keep_gpu_memory                   : Yes #    Do not deallocate GPU memory at each call of the (G)PS routine
  #------------------------------------------------------------------- Kernel Initialization
 Poisson Kernel Initialization:
    #---------------------------------------------------------------------- Input parameters
   setup:
  #------------------------------------------------------------------- Kernel Initialization
 Poisson Kernel Initialization:
    #---------------------------------------------------------------------- Input parameters
   setup:
     accel                             : DBFFT #  Material Acceleration
  #------------------------------------------------------------------- Kernel Initialization
 Poisson Kernel Initialization:
    #---------------------------------------------------------------------- Input parameters
   setup:
     accel                             : DBFFT #  Material Acceleration
     use_gpu_direct                    : Yes #    Force (or not) the usage of GPUdirect communication, if available
     verbose                           : Yes #    Verbosity switch
     keep_gpu_memory                   : Yes #    Do not deallocate GPU memory at each call of the (G)PS routine
  #------------------------------------------------------------------- Kernel Initialization
 Poisson Kernel Initialization:
    #---------------------------------------------------------------------- Input parameters
   setup:
     accel                             : DBFFT #  Material Acceleration
     use_gpu_direct                    : Yes #    Force (or not) the usage of GPUdirect communication, if available
     verbose                           : Yes #    Verbosity switch
  #------------------------------------------------------------------- Kernel Initialization
 Poisson Kernel Initialization:
    #---------------------------------------------------------------------- Input parameters
   setup:
     accel                             : DBFFT #  Material Acceleration
     use_gpu_direct                    : Yes #    Force (or not) the usage of GPUdirect communication, if available
     verbose                           : Yes #    Verbosity switch
     keep_gpu_memory                   : Yes #    Do not deallocate GPU memory at each call of the (G)PS routine
  #------------------------------------------------------------------- Kernel Initialization
 Poisson Kernel Initialization:
    #---------------------------------------------------------------------- Input parameters
   setup:
     accel                             : DBFFT #  Material Acceleration
     use_gpu_direct                    : Yes #    Force (or not) the usage of GPUdirect communication, if available
  #------------------------------------------------------------------- Kernel Initialization
 Poisson Kernel Initialization:
    #---------------------------------------------------------------------- Input parameters
   setup:
     accel                             : DBFFT #  Material Acceleration
  #------------------------------------------------------------------- Kernel Initialization
 Poisson Kernel Initialization:
    #---------------------------------------------------------------------- Input parameters
   setup:
     accel                             : DBFFT #  Material Acceleration
     use_gpu_direct                    : Yes #    Force (or not) the usage of GPUdirect communication, if available
     verbose                           : Yes #    Verbosity switch
     keep_gpu_memory                   : Yes #    Do not deallocate GPU memory at each call of the (G)PS routine
  #------------------------------------------------------------------- Kernel Initialization
 Poisson Kernel Initialization:
    #---------------------------------------------------------------------- Input parameters
   setup:
     accel                             : DBFFT #  Material Acceleration
     use_gpu_direct                    : Yes #    Force (or not) the usage of GPUdirect communication, if available
     verbose                           : Yes #    Verbosity switch
     keep_gpu_memory                   : Yes #    Do not deallocate GPU memory at each call of the (G)PS routine
  #------------------------------------------------------------------- Kernel Initialization
 Poisson Kernel Initialization:
    #---------------------------------------------------------------------- Input parameters
   setup:
     accel                             : DBFFT #  Material Acceleration
     use_gpu_direct                    : Yes #    Force (or not) the usage of GPUdirect communication, if available
     verbose                           : Yes #    Verbosity switch
     keep_gpu_memory                   : Yes #    Do not deallocate GPU memory at each call of the (G)PS routine
     taskgroup_size                    : 0 #      Size of the taskgroups of the Poisson Solver
     global_data                       : No #     Charge density and Electrostatic potential are given by global arrays
     output                            : none #   Quantities to be plotted after the main solver routine
   kernel:
     screening                         : 0 #      Mu screening parameter
  #------------------------------------------------------------------- Kernel Initialization
 Poisson Kernel Initialization:
    #---------------------------------------------------------------------- Input parameters
   setup:
     accel                             : DBFFT #  Material Acceleration
     use_gpu_direct                    : Yes #    Force (or not) the usage of GPUdirect communication, if available
  #------------------------------------------------------------------- Kernel Initialization
 Poisson Kernel Initialization:
    #---------------------------------------------------------------------- Input parameters
   setup:
     accel                             : DBFFT #  Material Acceleration
     use_gpu_direct                    : Yes #    Force (or not) the usage of GPUdirect communication, if available
     verbose                           : Yes #    Verbosity switch
  #------------------------------------------------------------------- Kernel Initialization
 Poisson Kernel Initialization:
    #---------------------------------------------------------------------- Input parameters
   setup:
     accel                             : DBFFT #  Material Acceleration
  #------------------------------------------------------------------- Kernel Initialization
 Poisson Kernel Initialization:
    #---------------------------------------------------------------------- Input parameters
   setup:
     accel                             : DBFFT #  Material Acceleration
  #------------------------------------------------------------------- Kernel Initialization
 Poisson Kernel Initialization:
    #---------------------------------------------------------------------- Input parameters
   setup:
     accel                             : DBFFT #  Material Acceleration
     use_gpu_direct                    : Yes #    Force (or not) the usage of GPUdirect communication, if available
     verbose                           : Yes #    Verbosity switch
     keep_gpu_memory                   : Yes #    Do not deallocate GPU memory at each call of the (G)PS routine
     taskgroup_size                    : 0 #      Size of the taskgroups of the Poisson Solver
  #------------------------------------------------------------------- Kernel Initialization
 Poisson Kernel Initialization:
    #---------------------------------------------------------------------- Input parameters
   setup:
     accel                             : DBFFT #  Material Acceleration
     use_gpu_direct                    : Yes #    Force (or not) the usage of GPUdirect communication, if available
     verbose                           : Yes #    Verbosity switch
     keep_gpu_memory                   : Yes #    Do not deallocate GPU memory at each call of the (G)PS routine
  #------------------------------------------------------------------- Kernel Initialization
 Poisson Kernel Initialization:
    #---------------------------------------------------------------------- Input parameters
   setup:
     accel                             : DBFFT #  Material Acceleration
  #------------------------------------------------------------------- Kernel Initialization
 Poisson Kernel Initialization:
    #---------------------------------------------------------------------- Input parameters
   setup:
  #------------------------------------------------------------------- Kernel Initialization
 Poisson Kernel Initialization:
    #---------------------------------------------------------------------- Input parameters
   setup:
     accel                             : DBFFT #  Material Acceleration
     use_gpu_direct                    : Yes #    Force (or not) the usage of GPUdirect communication, if available
     verbose                           : Yes #    Verbosity switch
     keep_gpu_memory                   : Yes #    Do not deallocate GPU memory at each call of the (G)PS routine
     taskgroup_size                    : 0 #      Size of the taskgroups of the Poisson Solver
     global_data                       : No #     Charge density and Electrostatic potential are given by global arrays
     output                            : none #   Quantities to be plotted after the main solver routine
   kernel:
     screening                         : 0 #      Mu screening parameter
     isf_order                         : 16 #     Order of the Interpolating Scaling Function family
     stress_tensor                     : Yes #    Triggers the calculation of the stress tensor
  #------------------------------------------------------------------- Kernel Initialization
 Poisson Kernel Initialization:
    #---------------------------------------------------------------------- Input parameters
   setup:
     accel                             : DBFFT #  Material Acceleration
  #------------------------------------------------------------------- Kernel Initialization
 Poisson Kernel Initialization:
    #---------------------------------------------------------------------- Input parameters
   setup:
     accel                             : DBFFT #  Material Acceleration
     use_gpu_direct                    : Yes #    Force (or not) the usage of GPUdirect communication, if available
  #------------------------------------------------------------------- Kernel Initialization
 Poisson Kernel Initialization:
    #---------------------------------------------------------------------- Input parameters
   setup:
     accel                             : DBFFT #  Material Acceleration
     use_gpu_direct                    : Yes #    Force (or not) the usage of GPUdirect communication, if available
     verbose                           : Yes #    Verbosity switch
     keep_gpu_memory                   : Yes #    Do not deallocate GPU memory at each call of the (G)PS routine
  #------------------------------------------------------------------- Kernel Initialization
 Poisson Kernel Initialization:
    #---------------------------------------------------------------------- Input parameters
   setup:
     accel                             : DBFFT #  Material Acceleration
     use_gpu_direct                    : Yes #    Force (or not) the usage of GPUdirect communication, if available
     verbose                           : Yes #    Verbosity switch
     keep_gpu_memory                   : Yes #    Do not deallocate GPU memory at each call of the (G)PS routine
     taskgroup_size                    : 0 #      Size of the taskgroups of the Poisson Solver
  #------------------------------------------------------------------- Kernel Initialization
 Poisson Kernel Initialization:
    #---------------------------------------------------------------------- Input parameters
   setup:
     accel                             : DBFFT #  Material Acceleration
     use_gpu_direct                    : Yes #    Force (or not) the usage of GPUdirect communication, if available
     verbose                           : Yes #    Verbosity switch
     keep_gpu_memory                   : Yes #    Do not deallocate GPU memory at each call of the (G)PS routine
     accel                             : DBFFT #  Material Acceleration
     use_gpu_direct                    : Yes #    Force (or not) the usage of GPUdirect communication, if available
     verbose                           : Yes #    Verbosity switch
     keep_gpu_memory                   : Yes #    Do not deallocate GPU memory at each call of the (G)PS routine
     taskgroup_size                    : 0 #      Size of the taskgroups of the Poisson Solver
  #------------------------------------------------------------------- Kernel Initialization
 Poisson Kernel Initialization:
    #---------------------------------------------------------------------- Input parameters
   setup:
     accel                             : DBFFT #  Material Acceleration
     use_gpu_direct                    : Yes #    Force (or not) the usage of GPUdirect communication, if available
     verbose                           : Yes #    Verbosity switch
  #------------------------------------------------------------------- Kernel Initialization
 Poisson Kernel Initialization:
    #---------------------------------------------------------------------- Input parameters
   setup:
     accel                             : DBFFT #  Material Acceleration
     use_gpu_direct                    : Yes #    Force (or not) the usage of GPUdirect communication, if available
     verbose                           : Yes #    Verbosity switch
  #------------------------------------------------------------------- Kernel Initialization
 Poisson Kernel Initialization:
    #---------------------------------------------------------------------- Input parameters
   setup:
     accel                             : DBFFT #  Material Acceleration
     use_gpu_direct                    : Yes #    Force (or not) the usage of GPUdirect communication, if available
     verbose                           : Yes #    Verbosity switch
     keep_gpu_memory                   : Yes #    Do not deallocate GPU memory at each call of the (G)PS routine
  #------------------------------------------------------------------- Kernel Initialization
 Poisson Kernel Initialization:
    #---------------------------------------------------------------------- Input parameters
   setup:
     accel                             : DBFFT #  Material Acceleration
     use_gpu_direct                    : Yes #    Force (or not) the usage of GPUdirect communication, if available
     verbose                           : Yes #    Verbosity switch
     keep_gpu_memory                   : Yes #    Do not deallocate GPU memory at each call of the (G)PS routine
     taskgroup_size                    : 0 #      Size of the taskgroups of the Poisson Solver
     global_data                       : No #     Charge density and Electrostatic potential are given by global arrays
     output                            : none #   Quantities to be plotted after the main solver routine
   kernel:
     screening                         : 0 #      Mu screening parameter
     isf_order                         : 16 #     Order of the Interpolating Scaling Function family
     stress_tensor                     : Yes #    Triggers the calculation of the stress tensor
   environment:
  #------------------------------------------------------------------- Kernel Initialization
 Poisson Kernel Initialization:
    #---------------------------------------------------------------------- Input parameters
   setup:
  #------------------------------------------------------------------- Kernel Initialization
 Poisson Kernel Initialization:
    #---------------------------------------------------------------------- Input parameters
   setup:
     accel                             : DBFFT #  Material Acceleration
     use_gpu_direct                    : Yes #    Force (or not) the usage of GPUdirect communication, if available
     verbose                           : Yes #    Verbosity switch
     keep_gpu_memory                   : Yes #    Do not deallocate GPU memory at each call of the (G)PS routine
  #------------------------------------------------------------------- Kernel Initialization
 Poisson Kernel Initialization:
    #---------------------------------------------------------------------- Input parameters
   setup:
     accel                             : DBFFT #  Material Acceleration
     use_gpu_direct                    : Yes #    Force (or not) the usage of GPUdirect communication, if available
     verbose                           : Yes #    Verbosity switch
     keep_gpu_memory                   : Yes #    Do not deallocate GPU memory at each call of the (G)PS routine
     taskgroup_size                    : 0 #      Size of the taskgroups of the Poisson Solver
  #------------------------------------------------------------------- Kernel Initialization
 Poisson Kernel Initialization:
    #---------------------------------------------------------------------- Input parameters
   setup:
     accel                             : DBFFT #  Material Acceleration
     use_gpu_direct                    : Yes #    Force (or not) the usage of GPUdirect communication, if available
     verbose                           : Yes #    Verbosity switch
     keep_gpu_memory                   : Yes #    Do not deallocate GPU memory at each call of the (G)PS routine
     taskgroup_size                    : 0 #      Size of the taskgroups of the Poisson Solver
     global_data                       : No #     Charge density and Electrostatic potential are given by global arrays
  #------------------------------------------------------------------- Kernel Initialization
 Poisson Kernel Initialization:
    #---------------------------------------------------------------------- Input parameters
   setup:
     accel                             : DBFFT #  Material Acceleration
     use_gpu_direct                    : Yes #    Force (or not) the usage of GPUdirect communication, if available
     verbose                           : Yes #    Verbosity switch
     keep_gpu_memory                   : Yes #    Do not deallocate GPU memory at each call of the (G)PS routine
     taskgroup_size                    : 0 #      Size of the taskgroups of the Poisson Solver
     taskgroup_size                    : 0 #      Size of the taskgroups of the Poisson Solver
     global_data                       : No #     Charge density and Electrostatic potential are given by global arrays
     output                            : none #   Quantities to be plotted after the main solver routine
   kernel:
  #------------------------------------------------------------------- Kernel Initialization
 Poisson Kernel Initialization:
    #---------------------------------------------------------------------- Input parameters
   setup:
     accel                             : DBFFT #  Material Acceleration
     use_gpu_direct                    : Yes #    Force (or not) the usage of GPUdirect communication, if available
     verbose                           : Yes #    Verbosity switch
  #------------------------------------------------------------------- Kernel Initialization
 Poisson Kernel Initialization:
    #---------------------------------------------------------------------- Input parameters
   setup:
     accel                             : DBFFT #  Material Acceleration
     use_gpu_direct                    : Yes #    Force (or not) the usage of GPUdirect communication, if available
     verbose                           : Yes #    Verbosity switch
     keep_gpu_memory                   : Yes #    Do not deallocate GPU memory at each call of the (G)PS routine
     taskgroup_size                    : 0 #      Size of the taskgroups of the Poisson Solver
  #------------------------------------------------------------------- Kernel Initialization
 Poisson Kernel Initialization:
    #---------------------------------------------------------------------- Input parameters
   setup:
     accel                             : DBFFT #  Material Acceleration
     use_gpu_direct                    : Yes #    Force (or not) the usage of GPUdirect communication, if available
     verbose                           : Yes #    Verbosity switch
     keep_gpu_memory                   : Yes #    Do not deallocate GPU memory at each call of the (G)PS routine
     taskgroup_size                    : 0 #      Size of the taskgroups of the Poisson Solver
  #------------------------------------------------------------------- Kernel Initialization
 Poisson Kernel Initialization:
    #---------------------------------------------------------------------- Input parameters
   setup:
     accel                             : DBFFT #  Material Acceleration
     use_gpu_direct                    : Yes #    Force (or not) the usage of GPUdirect communication, if available
     verbose                           : Yes #    Verbosity switch
     keep_gpu_memory                   : Yes #    Do not deallocate GPU memory at each call of the (G)PS routine
     taskgroup_size                    : 0 #      Size of the taskgroups of the Poisson Solver
     global_data                       : No #     Charge density and Electrostatic potential are given by global arrays
     output                            : none #   Quantities to be plotted after the main solver routine
   kernel:
     screening                         : 0 #      Mu screening parameter
     isf_order                         : 16 #     Order of the Interpolating Scaling Function family
  #------------------------------------------------------------------- Kernel Initialization
 Poisson Kernel Initialization:
    #---------------------------------------------------------------------- Input parameters
   setup:
     accel                             : DBFFT #  Material Acceleration
  #------------------------------------------------------------------- Kernel Initialization
 Poisson Kernel Initialization:
    #---------------------------------------------------------------------- Input parameters
   setup:
     accel                             : DBFFT #  Material Acceleration
     use_gpu_direct                    : Yes #    Force (or not) the usage of GPUdirect communication, if available
     verbose                           : Yes #    Verbosity switch
     keep_gpu_memory                   : Yes #    Do not deallocate GPU memory at each call of the (G)PS routine
  #------------------------------------------------------------------- Kernel Initialization
 Poisson Kernel Initialization:
    #---------------------------------------------------------------------- Input parameters
   setup:
     accel                             : DBFFT #  Material Acceleration
     use_gpu_direct                    : Yes #    Force (or not) the usage of GPUdirect communication, if available
     verbose                           : Yes #    Verbosity switch
     keep_gpu_memory                   : Yes #    Do not deallocate GPU memory at each call of the (G)PS routine
     taskgroup_size                    : 0 #      Size of the taskgroups of the Poisson Solver
     global_data                       : No #     Charge density and Electrostatic potential are given by global arrays
     output                            : none #   Quantities to be plotted after the main solver routine
   kernel:
  #------------------------------------------------------------------- Kernel Initialization
 Poisson Kernel Initialization:
    #---------------------------------------------------------------------- Input parameters
   setup:
     accel                             : DBFFT #  Material Acceleration
     use_gpu_direct                    : Yes #    Force (or not) the usage of GPUdirect communication, if available
     verbose                           : Yes #    Verbosity switch
     keep_gpu_memory                   : Yes #    Do not deallocate GPU memory at each call of the (G)PS routine
     taskgroup_size                    : 0 #      Size of the taskgroups of the Poisson Solver
     global_data                       : No #     Charge density and Electrostatic potential are given by global arrays
     output                            : none #   Quantities to be plotted after the main solver routine
  #------------------------------------------------------------------- Kernel Initialization
 Poisson Kernel Initialization:
    #---------------------------------------------------------------------- Input parameters
   setup:
     accel                             : DBFFT #  Material Acceleration
     use_gpu_direct                    : Yes #    Force (or not) the usage of GPUdirect communication, if available
     verbose                           : Yes #    Verbosity switch
     keep_gpu_memory                   : Yes #    Do not deallocate GPU memory at each call of the (G)PS routine
     taskgroup_size                    : 0 #      Size of the taskgroups of the Poisson Solver
     taskgroup_size                    : 0 #      Size of the taskgroups of the Poisson Solver
     global_data                       : No #     Charge density and Electrostatic potential are given by global arrays
     output                            : none #   Quantities to be plotted after the main solver routine
   kernel:
     screening                         : 0 #      Mu screening parameter
  #------------------------------------------------------------------- Kernel Initialization
 Poisson Kernel Initialization:
    #---------------------------------------------------------------------- Input parameters
   setup:
     accel                             : DBFFT #  Material Acceleration
     use_gpu_direct                    : Yes #    Force (or not) the usage of GPUdirect communication, if available
     verbose                           : Yes #    Verbosity switch
     keep_gpu_memory                   : Yes #    Do not deallocate GPU memory at each call of the (G)PS routine
     taskgroup_size                    : 0 #      Size of the taskgroups of the Poisson Solver
     global_data                       : No #     Charge density and Electrostatic potential are given by global arrays
     output                            : none #   Quantities to be plotted after the main solver routine
   kernel:
  #------------------------------------------------------------------- Kernel Initialization
 Poisson Kernel Initialization:
    #---------------------------------------------------------------------- Input parameters
   setup:
     accel                             : DBFFT #  Material Acceleration
     use_gpu_direct                    : Yes #    Force (or not) the usage of GPUdirect communication, if available
     verbose                           : Yes #    Verbosity switch
     keep_gpu_memory                   : Yes #    Do not deallocate GPU memory at each call of the (G)PS routine
  #------------------------------------------------------------------- Kernel Initialization
 Poisson Kernel Initialization:
    #---------------------------------------------------------------------- Input parameters
   setup:
     accel                             : DBFFT #  Material Acceleration
     use_gpu_direct                    : Yes #    Force (or not) the usage of GPUdirect communication, if available
     verbose                           : Yes #    Verbosity switch
     keep_gpu_memory                   : Yes #    Do not deallocate GPU memory at each call of the (G)PS routine
     taskgroup_size                    : 0 #      Size of the taskgroups of the Poisson Solver
     global_data                       : No #     Charge density and Electrostatic potential are given by global arrays
  #------------------------------------------------------------------- Kernel Initialization
 Poisson Kernel Initialization:
    #---------------------------------------------------------------------- Input parameters
   setup:
     accel                             : DBFFT #  Material Acceleration
     use_gpu_direct                    : Yes #    Force (or not) the usage of GPUdirect communication, if available
     verbose                           : Yes #    Verbosity switch
     keep_gpu_memory                   : Yes #    Do not deallocate GPU memory at each call of the (G)PS routine
     taskgroup_size                    : 0 #      Size of the taskgroups of the Poisson Solver
     global_data                       : No #     Charge density and Electrostatic potential are given by global arrays
     output                            : none #   Quantities to be plotted after the main solver routine
   kernel:
     screening                         : 0 #      Mu screening parameter
     isf_order                         : 16 #     Order of the Interpolating Scaling Function family
     stress_tensor                     : Yes #    Triggers the calculation of the stress tensor
   environment:
     cavity                            : none #   Type of the cavity
     fd_order                          : 16 #     Order of the Finite-difference derivatives for the GPS solver
     itermax                           : 200 #    Maximum number of iterations of the GPS outer loop
     minres                            : 1.e-8 #  Convergence threshold of the loop
     pb_method                         : none #   Defines the method for the Poisson Boltzmann Equation
     use_gpu_direct                    : Yes #    Force (or not) the usage of GPUdirect communication, if available
     verbose                           : Yes #    Verbosity switch
     keep_gpu_memory                   : Yes #    Do not deallocate GPU memory at each call of the (G)PS routine
     taskgroup_size                    : 0 #      Size of the taskgroups of the Poisson Solver
     global_data                       : No #     Charge density and Electrostatic potential are given by global arrays
     accel                             : DBFFT #  Material Acceleration
     use_gpu_direct                    : Yes #    Force (or not) the usage of GPUdirect communication, if available
     verbose                           : Yes #    Verbosity switch
     keep_gpu_memory                   : Yes #    Do not deallocate GPU memory at each call of the (G)PS routine
     taskgroup_size                    : 0 #      Size of the taskgroups of the Poisson Solver
     global_data                       : No #     Charge density and Electrostatic potential are given by global arrays
     output                            : none #   Quantities to be plotted after the main solver routine
   kernel:
     screening                         : 0 #      Mu screening parameter
  #------------------------------------------------------------------- Kernel Initialization
 Poisson Kernel Initialization:
    #---------------------------------------------------------------------- Input parameters
   setup:
     accel                             : DBFFT #  Material Acceleration
     use_gpu_direct                    : Yes #    Force (or not) the usage of GPUdirect communication, if available
     verbose                           : Yes #    Verbosity switch
     keep_gpu_memory                   : Yes #    Do not deallocate GPU memory at each call of the (G)PS routine
     taskgroup_size                    : 0 #      Size of the taskgroups of the Poisson Solver
     global_data                       : No #     Charge density and Electrostatic potential are given by global arrays
     output                            : none #   Quantities to be plotted after the main solver routine
   kernel:
     use_gpu_direct                    : Yes #    Force (or not) the usage of GPUdirect communication, if available
     verbose                           : Yes #    Verbosity switch
     keep_gpu_memory                   : Yes #    Do not deallocate GPU memory at each call of the (G)PS routine
     taskgroup_size                    : 0 #      Size of the taskgroups of the Poisson Solver
     global_data                       : No #     Charge density and Electrostatic potential are given by global arrays
     output                            : none #   Quantities to be plotted after the main solver routine
   kernel:
     screening                         : 0 #      Mu screening parameter
  #------------------------------------------------------------------- Kernel Initialization
 Poisson Kernel Initialization:
    #---------------------------------------------------------------------- Input parameters
   setup:
     accel                             : DBFFT #  Material Acceleration
     use_gpu_direct                    : Yes #    Force (or not) the usage of GPUdirect communication, if available
     verbose                           : Yes #    Verbosity switch
     keep_gpu_memory                   : Yes #    Do not deallocate GPU memory at each call of the (G)PS routine
     taskgroup_size                    : 0 #      Size of the taskgroups of the Poisson Solver
     global_data                       : No #     Charge density and Electrostatic potential are given by global arrays
     taskgroup_size                    : 0 #      Size of the taskgroups of the Poisson Solver
     global_data                       : No #     Charge density and Electrostatic potential are given by global arrays
     output                            : none #   Quantities to be plotted after the main solver routine
   kernel:
     screening                         : 0 #      Mu screening parameter
  #------------------------------------------------------------------- Kernel Initialization
 Poisson Kernel Initialization:
    #---------------------------------------------------------------------- Input parameters
   setup:
     accel                             : DBFFT #  Material Acceleration
     use_gpu_direct                    : Yes #    Force (or not) the usage of GPUdirect communication, if available
     verbose                           : Yes #    Verbosity switch
     keep_gpu_memory                   : Yes #    Do not deallocate GPU memory at each call of the (G)PS routine
     taskgroup_size                    : 0 #      Size of the taskgroups of the Poisson Solver
     global_data                       : No #     Charge density and Electrostatic potential are given by global arrays
     output                            : none #   Quantities to be plotted after the main solver routine
   kernel:
     screening                         : 0 #      Mu screening parameter
     use_gpu_direct                    : Yes #    Force (or not) the usage of GPUdirect communication, if available
     verbose                           : Yes #    Verbosity switch
     keep_gpu_memory                   : Yes #    Do not deallocate GPU memory at each call of the (G)PS routine
     taskgroup_size                    : 0 #      Size of the taskgroups of the Poisson Solver
     global_data                       : No #     Charge density and Electrostatic potential are given by global arrays
  #------------------------------------------------------------------- Kernel Initialization
 Poisson Kernel Initialization:
    #---------------------------------------------------------------------- Input parameters
   setup:
     accel                             : DBFFT #  Material Acceleration
     use_gpu_direct                    : Yes #    Force (or not) the usage of GPUdirect communication, if available
     verbose                           : Yes #    Verbosity switch
     keep_gpu_memory                   : Yes #    Do not deallocate GPU memory at each call of the (G)PS routine
     taskgroup_size                    : 0 #      Size of the taskgroups of the Poisson Solver
     global_data                       : No #     Charge density and Electrostatic potential are given by global arrays
  #------------------------------------------------------------------- Kernel Initialization
 Poisson Kernel Initialization:
    #---------------------------------------------------------------------- Input parameters
   setup:
     accel                             : DBFFT #  Material Acceleration
     use_gpu_direct                    : Yes #    Force (or not) the usage of GPUdirect communication, if available
     verbose                           : Yes #    Verbosity switch
     keep_gpu_memory                   : Yes #    Do not deallocate GPU memory at each call of the (G)PS routine
     taskgroup_size                    : 0 #      Size of the taskgroups of the Poisson Solver
     global_data                       : No #     Charge density and Electrostatic potential are given by global arrays
     output                            : none #   Quantities to be plotted after the main solver routine
   kernel:
     screening                         : 0 #      Mu screening parameter
     isf_order                         : 16 #     Order of the Interpolating Scaling Function family
     stress_tensor                     : Yes #    Triggers the calculation of the stress tensor
   environment:
     cavity                            : none #   Type of the cavity
     fd_order                          : 16 #     Order of the Finite-difference derivatives for the GPS solver
     itermax                           : 200 #    Maximum number of iterations of the GPS outer loop
     minres                            : 1.e-8 #  Convergence threshold of the loop
     pb_method                         : none #   Defines the method for the Poisson Boltzmann Equation
   MPI tasks                           :  1
   OpenMP threads per MPI task         :  28
  #------------------------------------------------------------------- Kernel Initialization
 Poisson Kernel Initialization:
    #---------------------------------------------------------------------- Input parameters
   setup:
     use_gpu_direct                    : Yes #    Force (or not) the usage of GPUdirect communication, if available
     verbose                           : Yes #    Verbosity switch
     keep_gpu_memory                   : Yes #    Do not deallocate GPU memory at each call of the (G)PS routine
     taskgroup_size                    : 0 #      Size of the taskgroups of the Poisson Solver
     global_data                       : No #     Charge density and Electrostatic potential are given by global arrays
     output                            : none #   Quantities to be plotted after the main solver routine
   kernel:
     screening                         : 0 #      Mu screening parameter
  #------------------------------------------------------------------- Kernel Initialization
 Poisson Kernel Initialization:
    #---------------------------------------------------------------------- Input parameters
   setup:
     accel                             : DBFFT #  Material Acceleration
     use_gpu_direct                    : Yes #    Force (or not) the usage of GPUdirect communication, if available
     verbose                           : Yes #    Verbosity switch
     keep_gpu_memory                   : Yes #    Do not deallocate GPU memory at each call of the (G)PS routine
     taskgroup_size                    : 0 #      Size of the taskgroups of the Poisson Solver
     global_data                       : No #     Charge density and Electrostatic potential are given by global arrays
     output                            : none #   Quantities to be plotted after the main solver routine
   kernel:
     global_data                       : No #     Charge density and Electrostatic potential are given by global arrays
     output                            : none #   Quantities to be plotted after the main solver routine
   kernel:
     screening                         : 0 #      Mu screening parameter
  #------------------------------------------------------------------- Kernel Initialization
 Poisson Kernel Initialization:
    #---------------------------------------------------------------------- Input parameters
   setup:
     accel                             : DBFFT #  Material Acceleration
     use_gpu_direct                    : Yes #    Force (or not) the usage of GPUdirect communication, if available
     verbose                           : Yes #    Verbosity switch
     keep_gpu_memory                   : Yes #    Do not deallocate GPU memory at each call of the (G)PS routine
     taskgroup_size                    : 0 #      Size of the taskgroups of the Poisson Solver
     global_data                       : No #     Charge density and Electrostatic potential are given by global arrays
     output                            : none #   Quantities to be plotted after the main solver routine
   kernel:
     global_data                       : No #     Charge density and Electrostatic potential are given by global arrays
     output                            : none #   Quantities to be plotted after the main solver routine
   kernel:
     screening                         : 0 #      Mu screening parameter
     isf_order                         : 16 #     Order of the Interpolating Scaling Function family
     accel                             : DBFFT #  Material Acceleration
     use_gpu_direct                    : Yes #    Force (or not) the usage of GPUdirect communication, if available
     verbose                           : Yes #    Verbosity switch
     keep_gpu_memory                   : Yes #    Do not deallocate GPU memory at each call of the (G)PS routine
     taskgroup_size                    : 0 #      Size of the taskgroups of the Poisson Solver
     global_data                       : No #     Charge density and Electrostatic potential are given by global arrays
     output                            : none #   Quantities to be plotted after the main solver routine
   kernel:
     screening                         : 0 #      Mu screening parameter
     isf_order                         : 16 #     Order of the Interpolating Scaling Function family
     stress_tensor                     : Yes #    Triggers the calculation of the stress tensor
   environment:
     cavity                            : none #   Type of the cavity
     keep_gpu_memory                   : Yes #    Do not deallocate GPU memory at each call of the (G)PS routine
     taskgroup_size                    : 0 #      Size of the taskgroups of the Poisson Solver
     global_data                       : No #     Charge density and Electrostatic potential are given by global arrays
  #------------------------------------------------------------------- Kernel Initialization
 Poisson Kernel Initialization:
    #---------------------------------------------------------------------- Input parameters
   setup:
     accel                             : DBFFT #  Material Acceleration
     use_gpu_direct                    : Yes #    Force (or not) the usage of GPUdirect communication, if available
     verbose                           : Yes #    Verbosity switch
     keep_gpu_memory                   : Yes #    Do not deallocate GPU memory at each call of the (G)PS routine
     taskgroup_size                    : 0 #      Size of the taskgroups of the Poisson Solver
     global_data                       : No #     Charge density and Electrostatic potential are given by global arrays
     output                            : none #   Quantities to be plotted after the main solver routine
  #------------------------------------------------------------------- Kernel Initialization
 Poisson Kernel Initialization:
    #---------------------------------------------------------------------- Input parameters
   setup:
     accel                             : DBFFT #  Material Acceleration
     use_gpu_direct                    : Yes #    Force (or not) the usage of GPUdirect communication, if available
     verbose                           : Yes #    Verbosity switch
     keep_gpu_memory                   : Yes #    Do not deallocate GPU memory at each call of the (G)PS routine
     taskgroup_size                    : 0 #      Size of the taskgroups of the Poisson Solver
     global_data                       : No #     Charge density and Electrostatic potential are given by global arrays
     output                            : none #   Quantities to be plotted after the main solver routine
   kernel:
     screening                         : 0 #      Mu screening parameter
     isf_order                         : 16 #     Order of the Interpolating Scaling Function family
     stress_tensor                     : Yes #    Triggers the calculation of the stress tensor
   environment:
     cavity                            : none #   Type of the cavity
     fd_order                          : 16 #     Order of the Finite-difference derivatives for the GPS solver
     itermax                           : 200 #    Maximum number of iterations of the GPS outer loop
     minres                            : 1.e-8 #  Convergence threshold of the loop
     pb_method                         : none #   Defines the method for the Poisson Boltzmann Equation
   MPI tasks                           :  1
   OpenMP threads per MPI task         :  28
   Poisson Solver GPU Enumerator:
     BACKEND                           :  2
     Attributes:
       DEVICE                          :  0
       MODEL                           :  2
     accel                             : DBFFT #  Material Acceleration
     use_gpu_direct                    : Yes #    Force (or not) the usage of GPUdirect communication, if available
     verbose                           : Yes #    Verbosity switch
     keep_gpu_memory                   : Yes #    Do not deallocate GPU memory at each call of the (G)PS routine
     taskgroup_size                    : 0 #      Size of the taskgroups of the Poisson Solver
     global_data                       : No #     Charge density and Electrostatic potential are given by global arrays
     output                            : none #   Quantities to be plotted after the main solver routine
   kernel:
     screening                         : 0 #      Mu screening parameter
     isf_order                         : 16 #     Order of the Interpolating Scaling Function family
  #------------------------------------------------------------------- Kernel Initialization
 Poisson Kernel Initialization:
    #---------------------------------------------------------------------- Input parameters
   setup:
     accel                             : DBFFT #  Material Acceleration
     use_gpu_direct                    : Yes #    Force (or not) the usage of GPUdirect communication, if available
     verbose                           : Yes #    Verbosity switch
     keep_gpu_memory                   : Yes #    Do not deallocate GPU memory at each call of the (G)PS routine
     taskgroup_size                    : 0 #      Size of the taskgroups of the Poisson Solver
     global_data                       : No #     Charge density and Electrostatic potential are given by global arrays
     output                            : none #   Quantities to be plotted after the main solver routine
   kernel:
     screening                         : 0 #      Mu screening parameter
     isf_order                         : 16 #     Order of the Interpolating Scaling Function family
     stress_tensor                     : Yes #    Triggers the calculation of the stress tensor
   environment:
     output                            : none #   Quantities to be plotted after the main solver routine
   kernel:
     screening                         : 0 #      Mu screening parameter
     isf_order                         : 16 #     Order of the Interpolating Scaling Function family
     stress_tensor                     : Yes #    Triggers the calculation of the stress tensor
   environment:
     cavity                            : none #   Type of the cavity
     fd_order                          : 16 #     Order of the Finite-difference derivatives for the GPS solver
     itermax                           : 200 #    Maximum number of iterations of the GPS outer loop
  #------------------------------------------------------------------- Kernel Initialization
 Poisson Kernel Initialization:
    #---------------------------------------------------------------------- Input parameters
   setup:
     accel                             : DBFFT #  Material Acceleration
     use_gpu_direct                    : Yes #    Force (or not) the usage of GPUdirect communication, if available
     verbose                           : Yes #    Verbosity switch
     keep_gpu_memory                   : Yes #    Do not deallocate GPU memory at each call of the (G)PS routine
     taskgroup_size                    : 0 #      Size of the taskgroups of the Poisson Solver
     global_data                       : No #     Charge density and Electrostatic potential are given by global arrays
     output                            : none #   Quantities to be plotted after the main solver routine
   kernel:
     screening                         : 0 #      Mu screening parameter
  #------------------------------------------------------------------- Kernel Initialization
 Poisson Kernel Initialization:
    #---------------------------------------------------------------------- Input parameters
   setup:
     keep_gpu_memory                   : Yes #    Do not deallocate GPU memory at each call of the (G)PS routine
     taskgroup_size                    : 0 #      Size of the taskgroups of the Poisson Solver
     global_data                       : No #     Charge density and Electrostatic potential are given by global arrays
     output                            : none #   Quantities to be plotted after the main solver routine
   kernel:
     screening                         : 0 #      Mu screening parameter
     isf_order                         : 16 #     Order of the Interpolating Scaling Function family
     stress_tensor                     : Yes #    Triggers the calculation of the stress tensor
   environment:
     cavity                            : none #   Type of the cavity
     fd_order                          : 16 #     Order of the Finite-difference derivatives for the GPS solver
     itermax                           : 200 #    Maximum number of iterations of the GPS outer loop
     global_data                       : No #     Charge density and Electrostatic potential are given by global arrays
     output                            : none #   Quantities to be plotted after the main solver routine
   kernel:
     screening                         : 0 #      Mu screening parameter
     isf_order                         : 16 #     Order of the Interpolating Scaling Function family
  #------------------------------------------------------------------- Kernel Initialization
 Poisson Kernel Initialization:
    #---------------------------------------------------------------------- Input parameters
   setup:
     accel                             : DBFFT #  Material Acceleration
     use_gpu_direct                    : Yes #    Force (or not) the usage of GPUdirect communication, if available
     verbose                           : Yes #    Verbosity switch
     keep_gpu_memory                   : Yes #    Do not deallocate GPU memory at each call of the (G)PS routine
     taskgroup_size                    : 0 #      Size of the taskgroups of the Poisson Solver
     global_data                       : No #     Charge density and Electrostatic potential are given by global arrays
     output                            : none #   Quantities to be plotted after the main solver routine
   kernel:
     screening                         : 0 #      Mu screening parameter
     isf_order                         : 16 #     Order of the Interpolating Scaling Function family
     taskgroup_size                    : 0 #      Size of the taskgroups of the Poisson Solver
     global_data                       : No #     Charge density and Electrostatic potential are given by global arrays
     output                            : none #   Quantities to be plotted after the main solver routine
   kernel:
     screening                         : 0 #      Mu screening parameter
     isf_order                         : 16 #     Order of the Interpolating Scaling Function family
     stress_tensor                     : Yes #    Triggers the calculation of the stress tensor
   environment:
     cavity                            : none #   Type of the cavity
     fd_order                          : 16 #     Order of the Finite-difference derivatives for the GPS solver
     itermax                           : 200 #    Maximum number of iterations of the GPS outer loop
     minres                            : 1.e-8 #  Convergence threshold of the loop
     pb_method                         : none #   Defines the method for the Poisson Boltzmann Equation
   MPI tasks                           :  1
   OpenMP threads per MPI task         :  28
   Poisson Solver GPU Enumerator:
     BACKEND                           :  2
     Attributes:
       DEVICE                          :  0
       MODEL                           :  2
     use_gpu_direct                    : Yes #    Force (or not) the usage of GPUdirect communication, if available
     verbose                           : Yes #    Verbosity switch
     keep_gpu_memory                   : Yes #    Do not deallocate GPU memory at each call of the (G)PS routine
     taskgroup_size                    : 0 #      Size of the taskgroups of the Poisson Solver
     global_data                       : No #     Charge density and Electrostatic potential are given by global arrays
     output                            : none #   Quantities to be plotted after the main solver routine
   kernel:
     screening                         : 0 #      Mu screening parameter
     isf_order                         : 16 #     Order of the Interpolating Scaling Function family
     stress_tensor                     : Yes #    Triggers the calculation of the stress tensor
     use_gpu_direct                    : Yes #    Force (or not) the usage of GPUdirect communication, if available
     verbose                           : Yes #    Verbosity switch
     keep_gpu_memory                   : Yes #    Do not deallocate GPU memory at each call of the (G)PS routine
     taskgroup_size                    : 0 #      Size of the taskgroups of the Poisson Solver
     global_data                       : No #     Charge density and Electrostatic potential are given by global arrays
     output                            : none #   Quantities to be plotted after the main solver routine
   kernel:
     screening                         : 0 #      Mu screening parameter
     isf_order                         : 16 #     Order of the Interpolating Scaling Function family
     stress_tensor                     : Yes #    Triggers the calculation of the stress tensor
   environment:
     cavity                            : none #   Type of the cavity
     fd_order                          : 16 #     Order of the Finite-difference derivatives for the GPS solver
     itermax                           : 200 #    Maximum number of iterations of the GPS outer loop
   kernel:
     screening                         : 0 #      Mu screening parameter
     isf_order                         : 16 #     Order of the Interpolating Scaling Function family
     stress_tensor                     : Yes #    Triggers the calculation of the stress tensor
   environment:
     cavity                            : none #   Type of the cavity
     fd_order                          : 16 #     Order of the Finite-difference derivatives for the GPS solver
     itermax                           : 200 #    Maximum number of iterations of the GPS outer loop
  #------------------------------------------------------------------- Kernel Initialization
 Poisson Kernel Initialization:
    #---------------------------------------------------------------------- Input parameters
   setup:
     accel                             : DBFFT #  Material Acceleration
     use_gpu_direct                    : Yes #    Force (or not) the usage of GPUdirect communication, if available
     verbose                           : Yes #    Verbosity switch
     keep_gpu_memory                   : Yes #    Do not deallocate GPU memory at each call of the (G)PS routine
     taskgroup_size                    : 0 #      Size of the taskgroups of the Poisson Solver
     global_data                       : No #     Charge density and Electrostatic potential are given by global arrays
     output                            : none #   Quantities to be plotted after the main solver routine
   kernel:
     screening                         : 0 #      Mu screening parameter
     global_data                       : No #     Charge density and Electrostatic potential are given by global arrays
     output                            : none #   Quantities to be plotted after the main solver routine
   kernel:
     screening                         : 0 #      Mu screening parameter
     isf_order                         : 16 #     Order of the Interpolating Scaling Function family
     stress_tensor                     : Yes #    Triggers the calculation of the stress tensor
   environment:
     cavity                            : none #   Type of the cavity
     taskgroup_size                    : 0 #      Size of the taskgroups of the Poisson Solver
     global_data                       : No #     Charge density and Electrostatic potential are given by global arrays
     output                            : none #   Quantities to be plotted after the main solver routine
   kernel:
     screening                         : 0 #      Mu screening parameter
     isf_order                         : 16 #     Order of the Interpolating Scaling Function family
     stress_tensor                     : Yes #    Triggers the calculation of the stress tensor
   environment:
     cavity                            : none #   Type of the cavity
     fd_order                          : 16 #     Order of the Finite-difference derivatives for the GPS solver
     itermax                           : 200 #    Maximum number of iterations of the GPS outer loop
     minres                            : 1.e-8 #  Convergence threshold of the loop
  #------------------------------------------------------------------- Kernel Initialization
 Poisson Kernel Initialization:
    #---------------------------------------------------------------------- Input parameters
   setup:
     accel                             : DBFFT #  Material Acceleration
     use_gpu_direct                    : Yes #    Force (or not) the usage of GPUdirect communication, if available
     verbose                           : Yes #    Verbosity switch
     keep_gpu_memory                   : Yes #    Do not deallocate GPU memory at each call of the (G)PS routine
     taskgroup_size                    : 0 #      Size of the taskgroups of the Poisson Solver
     global_data                       : No #     Charge density and Electrostatic potential are given by global arrays
     output                            : none #   Quantities to be plotted after the main solver routine
  #------------------------------------------------------------------- Kernel Initialization
 Poisson Kernel Initialization:
    #---------------------------------------------------------------------- Input parameters
   setup:
     accel                             : DBFFT #  Material Acceleration
     use_gpu_direct                    : Yes #    Force (or not) the usage of GPUdirect communication, if available
     verbose                           : Yes #    Verbosity switch
     keep_gpu_memory                   : Yes #    Do not deallocate GPU memory at each call of the (G)PS routine
     taskgroup_size                    : 0 #      Size of the taskgroups of the Poisson Solver
     global_data                       : No #     Charge density and Electrostatic potential are given by global arrays
     output                            : none #   Quantities to be plotted after the main solver routine
   kernel:
     screening                         : 0 #      Mu screening parameter
     isf_order                         : 16 #     Order of the Interpolating Scaling Function family
     stress_tensor                     : Yes #    Triggers the calculation of the stress tensor
     isf_order                         : 16 #     Order of the Interpolating Scaling Function family
     stress_tensor                     : Yes #    Triggers the calculation of the stress tensor
   environment:
     cavity                            : none #   Type of the cavity
     fd_order                          : 16 #     Order of the Finite-difference derivatives for the GPS solver
     itermax                           : 200 #    Maximum number of iterations of the GPS outer loop
     minres                            : 1.e-8 #  Convergence threshold of the loop
     pb_method                         : none #   Defines the method for the Poisson Boltzmann Equation
   MPI tasks                           :  1
   OpenMP threads per MPI task         :  28
   Poisson Solver GPU Enumerator:
     BACKEND                           :  2
     Attributes:
       DEVICE                          :  0
       MODEL                           :  2
  #------------------------------------------------------------------- Kernel Initialization
 Poisson Kernel Initialization:
    #---------------------------------------------------------------------- Input parameters
   setup:
     accel                             : DBFFT #  Material Acceleration
     use_gpu_direct                    : Yes #    Force (or not) the usage of GPUdirect communication, if available
     verbose                           : Yes #    Verbosity switch
     keep_gpu_memory                   : Yes #    Do not deallocate GPU memory at each call of the (G)PS routine
     verbose                           : Yes #    Verbosity switch
     keep_gpu_memory                   : Yes #    Do not deallocate GPU memory at each call of the (G)PS routine
     taskgroup_size                    : 0 #      Size of the taskgroups of the Poisson Solver
     global_data                       : No #     Charge density and Electrostatic potential are given by global arrays
     output                            : none #   Quantities to be plotted after the main solver routine
   kernel:
     screening                         : 0 #      Mu screening parameter
     isf_order                         : 16 #     Order of the Interpolating Scaling Function family
     stress_tensor                     : Yes #    Triggers the calculation of the stress tensor
     keep_gpu_memory                   : Yes #    Do not deallocate GPU memory at each call of the (G)PS routine
     taskgroup_size                    : 0 #      Size of the taskgroups of the Poisson Solver
     global_data                       : No #     Charge density and Electrostatic potential are given by global arrays
     output                            : none #   Quantities to be plotted after the main solver routine
   kernel:
     screening                         : 0 #      Mu screening parameter
     isf_order                         : 16 #     Order of the Interpolating Scaling Function family
     stress_tensor                     : Yes #    Triggers the calculation of the stress tensor
   environment:
     cavity                            : none #   Type of the cavity
     fd_order                          : 16 #     Order of the Finite-difference derivatives for the GPS solver
     itermax                           : 200 #    Maximum number of iterations of the GPS outer loop
     minres                            : 1.e-8 #  Convergence threshold of the loop
     pb_method                         : none #   Defines the method for the Poisson Boltzmann Equation
  #------------------------------------------------------------------- Kernel Initialization
 Poisson Kernel Initialization:
    #---------------------------------------------------------------------- Input parameters
   setup:
     accel                             : DBFFT #  Material Acceleration
     use_gpu_direct                    : Yes #    Force (or not) the usage of GPUdirect communication, if available
     verbose                           : Yes #    Verbosity switch
     keep_gpu_memory                   : Yes #    Do not deallocate GPU memory at each call of the (G)PS routine
     taskgroup_size                    : 0 #      Size of the taskgroups of the Poisson Solver
     global_data                       : No #     Charge density and Electrostatic potential are given by global arrays
     output                            : none #   Quantities to be plotted after the main solver routine
   kernel:
     screening                         : 0 #      Mu screening parameter
     isf_order                         : 16 #     Order of the Interpolating Scaling Function family
     use_gpu_direct                    : Yes #    Force (or not) the usage of GPUdirect communication, if available
     verbose                           : Yes #    Verbosity switch
     keep_gpu_memory                   : Yes #    Do not deallocate GPU memory at each call of the (G)PS routine
     taskgroup_size                    : 0 #      Size of the taskgroups of the Poisson Solver
     global_data                       : No #     Charge density and Electrostatic potential are given by global arrays
     output                            : none #   Quantities to be plotted after the main solver routine
   kernel:
     screening                         : 0 #      Mu screening parameter
     isf_order                         : 16 #     Order of the Interpolating Scaling Function family
  #------------------------------------------------------------------- Kernel Initialization
 Poisson Kernel Initialization:
    #---------------------------------------------------------------------- Input parameters
   setup:
     accel                             : DBFFT #  Material Acceleration
     use_gpu_direct                    : Yes #    Force (or not) the usage of GPUdirect communication, if available
     verbose                           : Yes #    Verbosity switch
     keep_gpu_memory                   : Yes #    Do not deallocate GPU memory at each call of the (G)PS routine
     keep_gpu_memory                   : Yes #    Do not deallocate GPU memory at each call of the (G)PS routine
     taskgroup_size                    : 0 #      Size of the taskgroups of the Poisson Solver
     global_data                       : No #     Charge density and Electrostatic potential are given by global arrays
     output                            : none #   Quantities to be plotted after the main solver routine
   kernel:
     screening                         : 0 #      Mu screening parameter
     isf_order                         : 16 #     Order of the Interpolating Scaling Function family
     stress_tensor                     : Yes #    Triggers the calculation of the stress tensor
   environment:
     cavity                            : none #   Type of the cavity
     fd_order                          : 16 #     Order of the Finite-difference derivatives for the GPS solver
     itermax                           : 200 #    Maximum number of iterations of the GPS outer loop
     minres                            : 1.e-8 #  Convergence threshold of the loop
  #------------------------------------------------------------------- Kernel Initialization
 Poisson Kernel Initialization:
    #---------------------------------------------------------------------- Input parameters
   setup:
     accel                             : DBFFT #  Material Acceleration
     use_gpu_direct                    : Yes #    Force (or not) the usage of GPUdirect communication, if available
     verbose                           : Yes #    Verbosity switch
     keep_gpu_memory                   : Yes #    Do not deallocate GPU memory at each call of the (G)PS routine
     taskgroup_size                    : 0 #      Size of the taskgroups of the Poisson Solver
     global_data                       : No #     Charge density and Electrostatic potential are given by global arrays
     output                            : none #   Quantities to be plotted after the main solver routine
   kernel:
     accel                             : DBFFT #  Material Acceleration
     use_gpu_direct                    : Yes #    Force (or not) the usage of GPUdirect communication, if available
     verbose                           : Yes #    Verbosity switch
     keep_gpu_memory                   : Yes #    Do not deallocate GPU memory at each call of the (G)PS routine
     taskgroup_size                    : 0 #      Size of the taskgroups of the Poisson Solver
     global_data                       : No #     Charge density and Electrostatic potential are given by global arrays
     output                            : none #   Quantities to be plotted after the main solver routine
   kernel:
     screening                         : 0 #      Mu screening parameter
     isf_order                         : 16 #     Order of the Interpolating Scaling Function family
     stress_tensor                     : Yes #    Triggers the calculation of the stress tensor
   environment:
   environment:
     cavity                            : none #   Type of the cavity
     fd_order                          : 16 #     Order of the Finite-difference derivatives for the GPS solver
     itermax                           : 200 #    Maximum number of iterations of the GPS outer loop
     minres                            : 1.e-8 #  Convergence threshold of the loop
     pb_method                         : none #   Defines the method for the Poisson Boltzmann Equation
   MPI tasks                           :  1
   OpenMP threads per MPI task         :  28
   Poisson Solver GPU Enumerator:
     BACKEND                           :  2
     Attributes:
       DEVICE                          :  0
       MODEL                           :  2
  #------------------------------------------------------------------- Kernel Initialization
 Poisson Kernel Initialization:
    #---------------------------------------------------------------------- Input parameters
   setup:
     accel                             : DBFFT #  Material Acceleration
     use_gpu_direct                    : Yes #    Force (or not) the usage of GPUdirect communication, if available
     verbose                           : Yes #    Verbosity switch
     keep_gpu_memory                   : Yes #    Do not deallocate GPU memory at each call of the (G)PS routine
     taskgroup_size                    : 0 #      Size of the taskgroups of the Poisson Solver
     global_data                       : No #     Charge density and Electrostatic potential are given by global arrays
     taskgroup_size                    : 0 #      Size of the taskgroups of the Poisson Solver
     global_data                       : No #     Charge density and Electrostatic potential are given by global arrays
     output                            : none #   Quantities to be plotted after the main solver routine
   kernel:
     screening                         : 0 #      Mu screening parameter
     isf_order                         : 16 #     Order of the Interpolating Scaling Function family
     stress_tensor                     : Yes #    Triggers the calculation of the stress tensor
   environment:
     cavity                            : none #   Type of the cavity
     taskgroup_size                    : 0 #      Size of the taskgroups of the Poisson Solver
     global_data                       : No #     Charge density and Electrostatic potential are given by global arrays
     output                            : none #   Quantities to be plotted after the main solver routine
   kernel:
     screening                         : 0 #      Mu screening parameter
     isf_order                         : 16 #     Order of the Interpolating Scaling Function family
     stress_tensor                     : Yes #    Triggers the calculation of the stress tensor
   environment:
     cavity                            : none #   Type of the cavity
     fd_order                          : 16 #     Order of the Finite-difference derivatives for the GPS solver
     itermax                           : 200 #    Maximum number of iterations of the GPS outer loop
     minres                            : 1.e-8 #  Convergence threshold of the loop
     pb_method                         : none #   Defines the method for the Poisson Boltzmann Equation
  #------------------------------------------------------------------- Kernel Initialization
 Poisson Kernel Initialization:
    #---------------------------------------------------------------------- Input parameters
   setup:
     accel                             : DBFFT #  Material Acceleration
     use_gpu_direct                    : Yes #    Force (or not) the usage of GPUdirect communication, if available
     verbose                           : Yes #    Verbosity switch
     keep_gpu_memory                   : Yes #    Do not deallocate GPU memory at each call of the (G)PS routine
     taskgroup_size                    : 0 #      Size of the taskgroups of the Poisson Solver
     global_data                       : No #     Charge density and Electrostatic potential are given by global arrays
     output                            : none #   Quantities to be plotted after the main solver routine
   kernel:
     screening                         : 0 #      Mu screening parameter
     isf_order                         : 16 #     Order of the Interpolating Scaling Function family
     stress_tensor                     : Yes #    Triggers the calculation of the stress tensor
     taskgroup_size                    : 0 #      Size of the taskgroups of the Poisson Solver
     global_data                       : No #     Charge density and Electrostatic potential are given by global arrays
     output                            : none #   Quantities to be plotted after the main solver routine
   kernel:
     screening                         : 0 #      Mu screening parameter
     isf_order                         : 16 #     Order of the Interpolating Scaling Function family
  #------------------------------------------------------------------- Kernel Initialization
 Poisson Kernel Initialization:
    #---------------------------------------------------------------------- Input parameters
   setup:
     accel                             : DBFFT #  Material Acceleration
     use_gpu_direct                    : Yes #    Force (or not) the usage of GPUdirect communication, if available
     verbose                           : Yes #    Verbosity switch
     keep_gpu_memory                   : Yes #    Do not deallocate GPU memory at each call of the (G)PS routine
     taskgroup_size                    : 0 #      Size of the taskgroups of the Poisson Solver
     global_data                       : No #     Charge density and Electrostatic potential are given by global arrays
     keep_gpu_memory                   : Yes #    Do not deallocate GPU memory at each call of the (G)PS routine
     taskgroup_size                    : 0 #      Size of the taskgroups of the Poisson Solver
     global_data                       : No #     Charge density and Electrostatic potential are given by global arrays
     output                            : none #   Quantities to be plotted after the main solver routine
   kernel:
     screening                         : 0 #      Mu screening parameter
     isf_order                         : 16 #     Order of the Interpolating Scaling Function family
     stress_tensor                     : Yes #    Triggers the calculation of the stress tensor
   environment:
     cavity                            : none #   Type of the cavity
     fd_order                          : 16 #     Order of the Finite-difference derivatives for the GPS solver
     itermax                           : 200 #    Maximum number of iterations of the GPS outer loop
     minres                            : 1.e-8 #  Convergence threshold of the loop
     pb_method                         : none #   Defines the method for the Poisson Boltzmann Equation
   MPI tasks                           :  1
   OpenMP threads per MPI task         :  28
  #------------------------------------------------------------------- Kernel Initialization
 Poisson Kernel Initialization:
    #---------------------------------------------------------------------- Input parameters
   setup:
     accel                             : DBFFT #  Material Acceleration
     use_gpu_direct                    : Yes #    Force (or not) the usage of GPUdirect communication, if available
     verbose                           : Yes #    Verbosity switch
     keep_gpu_memory                   : Yes #    Do not deallocate GPU memory at each call of the (G)PS routine
     taskgroup_size                    : 0 #      Size of the taskgroups of the Poisson Solver
     global_data                       : No #     Charge density and Electrostatic potential are given by global arrays
     output                            : none #   Quantities to be plotted after the main solver routine
   kernel:
     taskgroup_size                    : 0 #      Size of the taskgroups of the Poisson Solver
     global_data                       : No #     Charge density and Electrostatic potential are given by global arrays
     output                            : none #   Quantities to be plotted after the main solver routine
   kernel:
     screening                         : 0 #      Mu screening parameter
     isf_order                         : 16 #     Order of the Interpolating Scaling Function family
     stress_tensor                     : Yes #    Triggers the calculation of the stress tensor
   environment:
     cavity                            : none #   Type of the cavity
     cavity                            : none #   Type of the cavity
     fd_order                          : 16 #     Order of the Finite-difference derivatives for the GPS solver
     itermax                           : 200 #    Maximum number of iterations of the GPS outer loop
     minres                            : 1.e-8 #  Convergence threshold of the loop
     pb_method                         : none #   Defines the method for the Poisson Boltzmann Equation
   MPI tasks                           :  1
   OpenMP threads per MPI task         :  28
   Poisson Solver GPU Enumerator:
     BACKEND                           :  2
     Attributes:
       DEVICE                          :  0
       MODEL                           :  2
     verbose                           : Yes #    Verbosity switch
     keep_gpu_memory                   : Yes #    Do not deallocate GPU memory at each call of the (G)PS routine
     taskgroup_size                    : 0 #      Size of the taskgroups of the Poisson Solver
     global_data                       : No #     Charge density and Electrostatic potential are given by global arrays
     output                            : none #   Quantities to be plotted after the main solver routine
   kernel:
     screening                         : 0 #      Mu screening parameter
     isf_order                         : 16 #     Order of the Interpolating Scaling Function family
     stress_tensor                     : Yes #    Triggers the calculation of the stress tensor
     taskgroup_size                    : 0 #      Size of the taskgroups of the Poisson Solver
     global_data                       : No #     Charge density and Electrostatic potential are given by global arrays
     output                            : none #   Quantities to be plotted after the main solver routine
   kernel:
     screening                         : 0 #      Mu screening parameter
     isf_order                         : 16 #     Order of the Interpolating Scaling Function family
     stress_tensor                     : Yes #    Triggers the calculation of the stress tensor
   environment:
     cavity                            : none #   Type of the cavity
     global_data                       : No #     Charge density and Electrostatic potential are given by global arrays
     output                            : none #   Quantities to be plotted after the main solver routine
   kernel:
     screening                         : 0 #      Mu screening parameter
     isf_order                         : 16 #     Order of the Interpolating Scaling Function family
     stress_tensor                     : Yes #    Triggers the calculation of the stress tensor
   environment:
     cavity                            : none #   Type of the cavity
     fd_order                          : 16 #     Order of the Finite-difference derivatives for the GPS solver
     itermax                           : 200 #    Maximum number of iterations of the GPS outer loop
     minres                            : 1.e-8 #  Convergence threshold of the loop
     pb_method                         : none #   Defines the method for the Poisson Boltzmann Equation
   MPI tasks                           :  1
  #------------------------------------------------------------------- Kernel Initialization
 Poisson Kernel Initialization:
    #---------------------------------------------------------------------- Input parameters
   setup:
     accel                             : DBFFT #  Material Acceleration
     use_gpu_direct                    : Yes #    Force (or not) the usage of GPUdirect communication, if available
     verbose                           : Yes #    Verbosity switch
     keep_gpu_memory                   : Yes #    Do not deallocate GPU memory at each call of the (G)PS routine
     taskgroup_size                    : 0 #      Size of the taskgroups of the Poisson Solver
     global_data                       : No #     Charge density and Electrostatic potential are given by global arrays
     output                            : none #   Quantities to be plotted after the main solver routine
   kernel:
     screening                         : 0 #      Mu screening parameter
     isf_order                         : 16 #     Order of the Interpolating Scaling Function family
     stress_tensor                     : Yes #    Triggers the calculation of the stress tensor
   environment:
     global_data                       : No #     Charge density and Electrostatic potential are given by global arrays
     output                            : none #   Quantities to be plotted after the main solver routine
   kernel:
     screening                         : 0 #      Mu screening parameter
     isf_order                         : 16 #     Order of the Interpolating Scaling Function family
     stress_tensor                     : Yes #    Triggers the calculation of the stress tensor
     screening                         : 0 #      Mu screening parameter
     isf_order                         : 16 #     Order of the Interpolating Scaling Function family
     stress_tensor                     : Yes #    Triggers the calculation of the stress tensor
   environment:
     cavity                            : none #   Type of the cavity
     fd_order                          : 16 #     Order of the Finite-difference derivatives for the GPS solver
     itermax                           : 200 #    Maximum number of iterations of the GPS outer loop
     minres                            : 1.e-8 #  Convergence threshold of the loop
     pb_method                         : none #   Defines the method for the Poisson Boltzmann Equation
   MPI tasks                           :  1
   OpenMP threads per MPI task         :  28
   Poisson Solver GPU Enumerator:
     screening                         : 0 #      Mu screening parameter
     isf_order                         : 16 #     Order of the Interpolating Scaling Function family
     stress_tensor                     : Yes #    Triggers the calculation of the stress tensor
   environment:
     cavity                            : none #   Type of the cavity
     fd_order                          : 16 #     Order of the Finite-difference derivatives for the GPS solver
     itermax                           : 200 #    Maximum number of iterations of the GPS outer loop
     minres                            : 1.e-8 #  Convergence threshold of the loop
     pb_method                         : none #   Defines the method for the Poisson Boltzmann Equation
   MPI tasks                           :  1
   OpenMP threads per MPI task         :  28
  #------------------------------------------------------------------- Kernel Initialization
 Poisson Kernel Initialization:
    #---------------------------------------------------------------------- Input parameters
   setup:
     accel                             : DBFFT #  Material Acceleration
     use_gpu_direct                    : Yes #    Force (or not) the usage of GPUdirect communication, if available
     verbose                           : Yes #    Verbosity switch
     keep_gpu_memory                   : Yes #    Do not deallocate GPU memory at each call of the (G)PS routine
     taskgroup_size                    : 0 #      Size of the taskgroups of the Poisson Solver
     global_data                       : No #     Charge density and Electrostatic potential are given by global arrays
     output                            : none #   Quantities to be plotted after the main solver routine
   kernel:
     screening                         : 0 #      Mu screening parameter
     global_data                       : No #     Charge density and Electrostatic potential are given by global arrays
     output                            : none #   Quantities to be plotted after the main solver routine
   kernel:
     screening                         : 0 #      Mu screening parameter
     isf_order                         : 16 #     Order of the Interpolating Scaling Function family
     stress_tensor                     : Yes #    Triggers the calculation of the stress tensor
   environment:
     cavity                            : none #   Type of the cavity
     fd_order                          : 16 #     Order of the Finite-difference derivatives for the GPS solver
     itermax                           : 200 #    Maximum number of iterations of the GPS outer loop
     stress_tensor                     : Yes #    Triggers the calculation of the stress tensor
   environment:
     cavity                            : none #   Type of the cavity
     fd_order                          : 16 #     Order of the Finite-difference derivatives for the GPS solver
     itermax                           : 200 #    Maximum number of iterations of the GPS outer loop
     minres                            : 1.e-8 #  Convergence threshold of the loop
     pb_method                         : none #   Defines the method for the Poisson Boltzmann Equation
   MPI tasks                           :  1
   OpenMP threads per MPI task         :  28
   Poisson Solver GPU Enumerator:
     BACKEND                           :  2
     Attributes:
       DEVICE                          :  0
       MODEL                           :  2
  #------------------------------------------------------------------- Kernel Initialization
 Poisson Kernel Initialization:
    #---------------------------------------------------------------------- Input parameters
   setup:
     accel                             : DBFFT #  Material Acceleration
     use_gpu_direct                    : Yes #    Force (or not) the usage of GPUdirect communication, if available
     verbose                           : Yes #    Verbosity switch
     keep_gpu_memory                   : Yes #    Do not deallocate GPU memory at each call of the (G)PS routine
     taskgroup_size                    : 0 #      Size of the taskgroups of the Poisson Solver
     isf_order                         : 16 #     Order of the Interpolating Scaling Function family
     stress_tensor                     : Yes #    Triggers the calculation of the stress tensor
   environment:
     cavity                            : none #   Type of the cavity
     fd_order                          : 16 #     Order of the Finite-difference derivatives for the GPS solver
     itermax                           : 200 #    Maximum number of iterations of the GPS outer loop
     minres                            : 1.e-8 #  Convergence threshold of the loop
     pb_method                         : none #   Defines the method for the Poisson Boltzmann Equation
     screening                         : 0 #      Mu screening parameter
     isf_order                         : 16 #     Order of the Interpolating Scaling Function family
     stress_tensor                     : Yes #    Triggers the calculation of the stress tensor
   environment:
     cavity                            : none #   Type of the cavity
     fd_order                          : 16 #     Order of the Finite-difference derivatives for the GPS solver
     itermax                           : 200 #    Maximum number of iterations of the GPS outer loop
     minres                            : 1.e-8 #  Convergence threshold of the loop
     pb_method                         : none #   Defines the method for the Poisson Boltzmann Equation
   MPI tasks                           :  1
   OpenMP threads per MPI task         :  28
   Poisson Solver GPU Enumerator:
     BACKEND                           :  2
     Attributes:
       DEVICE                          :  0
       MODEL                           :  2
  #------------------------------------------------------------------- Kernel Initialization
 Poisson Kernel Initialization:
    #---------------------------------------------------------------------- Input parameters
   setup:
     accel                             : DBFFT #  Material Acceleration
     use_gpu_direct                    : Yes #    Force (or not) the usage of GPUdirect communication, if available
     verbose                           : Yes #    Verbosity switch
     keep_gpu_memory                   : Yes #    Do not deallocate GPU memory at each call of the (G)PS routine
     taskgroup_size                    : 0 #      Size of the taskgroups of the Poisson Solver
     global_data                       : No #     Charge density and Electrostatic potential are given by global arrays
     output                            : none #   Quantities to be plotted after the main solver routine
   kernel:
     screening                         : 0 #      Mu screening parameter
     isf_order                         : 16 #     Order of the Interpolating Scaling Function family
     stress_tensor                     : Yes #    Triggers the calculation of the stress tensor
   environment:
     global_data                       : No #     Charge density and Electrostatic potential are given by global arrays
     output                            : none #   Quantities to be plotted after the main solver routine
   kernel:
     screening                         : 0 #      Mu screening parameter
     isf_order                         : 16 #     Order of the Interpolating Scaling Function family
     isf_order                         : 16 #     Order of the Interpolating Scaling Function family
     stress_tensor                     : Yes #    Triggers the calculation of the stress tensor
   environment:
     cavity                            : none #   Type of the cavity
     fd_order                          : 16 #     Order of the Finite-difference derivatives for the GPS solver
     itermax                           : 200 #    Maximum number of iterations of the GPS outer loop
     minres                            : 1.e-8 #  Convergence threshold of the loop
     pb_method                         : none #   Defines the method for the Poisson Boltzmann Equation
   MPI tasks                           :  1
   OpenMP threads per MPI task         :  28
   Poisson Solver GPU Enumerator:
     BACKEND                           :  2
     Attributes:
       DEVICE                          :  0
     isf_order                         : 16 #     Order of the Interpolating Scaling Function family
     stress_tensor                     : Yes #    Triggers the calculation of the stress tensor
   environment:
     cavity                            : none #   Type of the cavity
     fd_order                          : 16 #     Order of the Finite-difference derivatives for the GPS solver
     itermax                           : 200 #    Maximum number of iterations of the GPS outer loop
     minres                            : 1.e-8 #  Convergence threshold of the loop
     pb_method                         : none #   Defines the method for the Poisson Boltzmann Equation
   MPI tasks                           :  1
   OpenMP threads per MPI task         :  28
   Poisson Solver GPU Enumerator:
     BACKEND                           :  2
     Attributes:
       DEVICE                          :  0
       MODEL                           :  2
     taskgroup_size                    : 0 #      Size of the taskgroups of the Poisson Solver
     global_data                       : No #     Charge density and Electrostatic potential are given by global arrays
     output                            : none #   Quantities to be plotted after the main solver routine
   kernel:
     screening                         : 0 #      Mu screening parameter
     isf_order                         : 16 #     Order of the Interpolating Scaling Function family
     stress_tensor                     : Yes #    Triggers the calculation of the stress tensor
   environment:
     output                            : none #   Quantities to be plotted after the main solver routine
   kernel:
     screening                         : 0 #      Mu screening parameter
     isf_order                         : 16 #     Order of the Interpolating Scaling Function family
     stress_tensor                     : Yes #    Triggers the calculation of the stress tensor
   environment:
     cavity                            : none #   Type of the cavity
     fd_order                          : 16 #     Order of the Finite-difference derivatives for the GPS solver
     itermax                           : 200 #    Maximum number of iterations of the GPS outer loop
   MPI tasks                           :  1
   OpenMP threads per MPI task         :  28
   Poisson Solver GPU Enumerator:
     BACKEND                           :  2
     Attributes:
       DEVICE                          :  0
       MODEL                           :  2
     verbose                           : Yes #    Verbosity switch
     keep_gpu_memory                   : Yes #    Do not deallocate GPU memory at each call of the (G)PS routine
     taskgroup_size                    : 0 #      Size of the taskgroups of the Poisson Solver
     global_data                       : No #     Charge density and Electrostatic potential are given by global arrays
     output                            : none #   Quantities to be plotted after the main solver routine
   kernel:
     screening                         : 0 #      Mu screening parameter
     isf_order                         : 16 #     Order of the Interpolating Scaling Function family
     stress_tensor                     : Yes #    Triggers the calculation of the stress tensor
   environment:
     cavity                            : none #   Type of the cavity
     isf_order                         : 16 #     Order of the Interpolating Scaling Function family
     stress_tensor                     : Yes #    Triggers the calculation of the stress tensor
   environment:
     cavity                            : none #   Type of the cavity
     fd_order                          : 16 #     Order of the Finite-difference derivatives for the GPS solver
     itermax                           : 200 #    Maximum number of iterations of the GPS outer loop
     minres                            : 1.e-8 #  Convergence threshold of the loop
     pb_method                         : none #   Defines the method for the Poisson Boltzmann Equation
   MPI tasks                           :  1
     screening                         : 0 #      Mu screening parameter
     isf_order                         : 16 #     Order of the Interpolating Scaling Function family
     stress_tensor                     : Yes #    Triggers the calculation of the stress tensor
   environment:
     cavity                            : none #   Type of the cavity
     fd_order                          : 16 #     Order of the Finite-difference derivatives for the GPS solver
     itermax                           : 200 #    Maximum number of iterations of the GPS outer loop
     minres                            : 1.e-8 #  Convergence threshold of the loop
     pb_method                         : none #   Defines the method for the Poisson Boltzmann Equation
   MPI tasks                           :  1
   OpenMP threads per MPI task         :  28
   Poisson Solver GPU Enumerator:
     BACKEND                           :  2
     Attributes:
       DEVICE                          :  0
     isf_order                         : 16 #     Order of the Interpolating Scaling Function family
     stress_tensor                     : Yes #    Triggers the calculation of the stress tensor
   environment:
     cavity                            : none #   Type of the cavity
     fd_order                          : 16 #     Order of the Finite-difference derivatives for the GPS solver
     itermax                           : 200 #    Maximum number of iterations of the GPS outer loop
     minres                            : 1.e-8 #  Convergence threshold of the loop
     pb_method                         : none #   Defines the method for the Poisson Boltzmann Equation
   MPI tasks                           :  1
   OpenMP threads per MPI task         :  28
     output                            : none #   Quantities to be plotted after the main solver routine
   kernel:
     screening                         : 0 #      Mu screening parameter
     isf_order                         : 16 #     Order of the Interpolating Scaling Function family
     stress_tensor                     : Yes #    Triggers the calculation of the stress tensor
     isf_order                         : 16 #     Order of the Interpolating Scaling Function family
     stress_tensor                     : Yes #    Triggers the calculation of the stress tensor
   environment:
     cavity                            : none #   Type of the cavity
     fd_order                          : 16 #     Order of the Finite-difference derivatives for the GPS solver
     itermax                           : 200 #    Maximum number of iterations of the GPS outer loop
     minres                            : 1.e-8 #  Convergence threshold of the loop
     pb_method                         : none #   Defines the method for the Poisson Boltzmann Equation
   MPI tasks                           :  1
   OpenMP threads per MPI task         :  28
   Poisson Solver GPU Enumerator:
     BACKEND                           :  2
     Attributes:
       DEVICE                          :  0
       MODEL                           :  2
     fd_order                          : 16 #     Order of the Finite-difference derivatives for the GPS solver
     itermax                           : 200 #    Maximum number of iterations of the GPS outer loop
     minres                            : 1.e-8 #  Convergence threshold of the loop
     pb_method                         : none #   Defines the method for the Poisson Boltzmann Equation
   MPI tasks                           :  1
   OpenMP threads per MPI task         :  28
   Poisson Solver GPU Enumerator:
     BACKEND                           :  2
     Attributes:
       DEVICE                          :  0
       MODEL                           :  2
     output                            : none #   Quantities to be plotted after the main solver routine
   kernel:
     screening                         : 0 #      Mu screening parameter
     isf_order                         : 16 #     Order of the Interpolating Scaling Function family
     stress_tensor                     : Yes #    Triggers the calculation of the stress tensor
   environment:
     cavity                            : none #   Type of the cavity
     fd_order                          : 16 #     Order of the Finite-difference derivatives for the GPS solver
     itermax                           : 200 #    Maximum number of iterations of the GPS outer loop
     output                            : none #   Quantities to be plotted after the main solver routine
   kernel:
     screening                         : 0 #      Mu screening parameter
     isf_order                         : 16 #     Order of the Interpolating Scaling Function family
     stress_tensor                     : Yes #    Triggers the calculation of the stress tensor
   environment:
     cavity                            : none #   Type of the cavity
     fd_order                          : 16 #     Order of the Finite-difference derivatives for the GPS solver
     itermax                           : 200 #    Maximum number of iterations of the GPS outer loop
     minres                            : 1.e-8 #  Convergence threshold of the loop
   Poisson Solver GPU Enumerator:
     BACKEND                           :  2
     Attributes:
       DEVICE                          :  0
       MODEL                           :  2
     output                            : none #   Quantities to be plotted after the main solver routine
   kernel:
     screening                         : 0 #      Mu screening parameter
     isf_order                         : 16 #     Order of the Interpolating Scaling Function family
     stress_tensor                     : Yes #    Triggers the calculation of the stress tensor
   environment:
     cavity                            : none #   Type of the cavity
     fd_order                          : 16 #     Order of the Finite-difference derivatives for the GPS solver
     itermax                           : 200 #    Maximum number of iterations of the GPS outer loop
     minres                            : 1.e-8 #  Convergence threshold of the loop
     pb_method                         : none #   Defines the method for the Poisson Boltzmann Equation
   MPI tasks                           :  1
     stress_tensor                     : Yes #    Triggers the calculation of the stress tensor
   environment:
     cavity                            : none #   Type of the cavity
     fd_order                          : 16 #     Order of the Finite-difference derivatives for the GPS solver
     itermax                           : 200 #    Maximum number of iterations of the GPS outer loop
     minres                            : 1.e-8 #  Convergence threshold of the loop
     pb_method                         : none #   Defines the method for the Poisson Boltzmann Equation
   MPI tasks                           :  1
   OpenMP threads per MPI task         :  28
     screening                         : 0 #      Mu screening parameter
     isf_order                         : 16 #     Order of the Interpolating Scaling Function family
     stress_tensor                     : Yes #    Triggers the calculation of the stress tensor
   environment:
     cavity                            : none #   Type of the cavity
     fd_order                          : 16 #     Order of the Finite-difference derivatives for the GPS solver
     itermax                           : 200 #    Maximum number of iterations of the GPS outer loop
     minres                            : 1.e-8 #  Convergence threshold of the loop
     pb_method                         : none #   Defines the method for the Poisson Boltzmann Equation
   MPI tasks                           :  1
   OpenMP threads per MPI task         :  28
   Poisson Solver GPU Enumerator:
     BACKEND                           :  2
     Attributes:
       DEVICE                          :  0
       MODEL                           :  2
     isf_order                         : 16 #     Order of the Interpolating Scaling Function family
     stress_tensor                     : Yes #    Triggers the calculation of the stress tensor
   environment:
     cavity                            : none #   Type of the cavity
     fd_order                          : 16 #     Order of the Finite-difference derivatives for the GPS solver
     itermax                           : 200 #    Maximum number of iterations of the GPS outer loop
     minres                            : 1.e-8 #  Convergence threshold of the loop
     pb_method                         : none #   Defines the method for the Poisson Boltzmann Equation
   MPI tasks                           :  1
   OpenMP threads per MPI task         :  28
   Poisson Solver GPU Enumerator:
     BACKEND                           :  2
     Attributes:
       DEVICE                          :  0
     screening                         : 0 #      Mu screening parameter
     isf_order                         : 16 #     Order of the Interpolating Scaling Function family
     stress_tensor                     : Yes #    Triggers the calculation of the stress tensor
   environment:
     cavity                            : none #   Type of the cavity
     stress_tensor                     : Yes #    Triggers the calculation of the stress tensor
   environment:
     cavity                            : none #   Type of the cavity
     fd_order                          : 16 #     Order of the Finite-difference derivatives for the GPS solver
     itermax                           : 200 #    Maximum number of iterations of the GPS outer loop
     minres                            : 1.e-8 #  Convergence threshold of the loop
     pb_method                         : none #   Defines the method for the Poisson Boltzmann Equation
   MPI tasks                           :  1
   OpenMP threads per MPI task         :  28
   Poisson Solver GPU Enumerator:
     BACKEND                           :  2
     Attributes:
       DEVICE                          :  0
       MODEL                           :  2
     minres                            : 1.e-8 #  Convergence threshold of the loop
     pb_method                         : none #   Defines the method for the Poisson Boltzmann Equation
   MPI tasks                           :  1
   OpenMP threads per MPI task         :  28
   Poisson Solver GPU Enumerator:
     BACKEND                           :  2
     Attributes:
       DEVICE                          :  0
       MODEL                           :  2
     output                            : none #   Quantities to be plotted after the main solver routine
   kernel:
     screening                         : 0 #      Mu screening parameter
     isf_order                         : 16 #     Order of the Interpolating Scaling Function family
     stress_tensor                     : Yes #    Triggers the calculation of the stress tensor
   environment:
     cavity                            : none #   Type of the cavity
     fd_order                          : 16 #     Order of the Finite-difference derivatives for the GPS solver
     itermax                           : 200 #    Maximum number of iterations of the GPS outer loop
   kernel:
     screening                         : 0 #      Mu screening parameter
     isf_order                         : 16 #     Order of the Interpolating Scaling Function family
     stress_tensor                     : Yes #    Triggers the calculation of the stress tensor
   environment:
     cavity                            : none #   Type of the cavity
     fd_order                          : 16 #     Order of the Finite-difference derivatives for the GPS solver
     itermax                           : 200 #    Maximum number of iterations of the GPS outer loop
     minres                            : 1.e-8 #  Convergence threshold of the loop
     taskgroup_size                    : 0 #      Size of the taskgroups of the Poisson Solver
     global_data                       : No #     Charge density and Electrostatic potential are given by global arrays
     output                            : none #   Quantities to be plotted after the main solver routine
   kernel:
     screening                         : 0 #      Mu screening parameter
   environment:
     cavity                            : none #   Type of the cavity
     fd_order                          : 16 #     Order of the Finite-difference derivatives for the GPS solver
     itermax                           : 200 #    Maximum number of iterations of the GPS outer loop
     minres                            : 1.e-8 #  Convergence threshold of the loop
     pb_method                         : none #   Defines the method for the Poisson Boltzmann Equation
   MPI tasks                           :  1
   OpenMP threads per MPI task         :  28
     cavity                            : none #   Type of the cavity
     fd_order                          : 16 #     Order of the Finite-difference derivatives for the GPS solver
     itermax                           : 200 #    Maximum number of iterations of the GPS outer loop
     minres                            : 1.e-8 #  Convergence threshold of the loop
     pb_method                         : none #   Defines the method for the Poisson Boltzmann Equation
   MPI tasks                           :  1
   OpenMP threads per MPI task         :  28
   Poisson Solver GPU Enumerator:
     BACKEND                           :  2
     Attributes:
       DEVICE                          :  0
       MODEL                           :  2
     minres                            : 1.e-8 #  Convergence threshold of the loop
     pb_method                         : none #   Defines the method for the Poisson Boltzmann Equation
   MPI tasks                           :  1
   OpenMP threads per MPI task         :  28
   Poisson Solver GPU Enumerator:
     BACKEND                           :  2
     Attributes:
       DEVICE                          :  0
       MODEL                           :  2
     isf_order                         : 16 #     Order of the Interpolating Scaling Function family
     stress_tensor                     : Yes #    Triggers the calculation of the stress tensor
   environment:
     cavity                            : none #   Type of the cavity
     fd_order                          : 16 #     Order of the Finite-difference derivatives for the GPS solver
     itermax                           : 200 #    Maximum number of iterations of the GPS outer loop
     accel                             : DBFFT #  Material Acceleration
     use_gpu_direct                    : Yes #    Force (or not) the usage of GPUdirect communication, if available
     verbose                           : Yes #    Verbosity switch
     keep_gpu_memory                   : Yes #    Do not deallocate GPU memory at each call of the (G)PS routine
     taskgroup_size                    : 0 #      Size of the taskgroups of the Poisson Solver
     global_data                       : No #     Charge density and Electrostatic potential are given by global arrays
     output                            : none #   Quantities to be plotted after the main solver routine
   kernel:
     screening                         : 0 #      Mu screening parameter
     taskgroup_size                    : 0 #      Size of the taskgroups of the Poisson Solver
     global_data                       : No #     Charge density and Electrostatic potential are given by global arrays
     output                            : none #   Quantities to be plotted after the main solver routine
   kernel:
     screening                         : 0 #      Mu screening parameter
     isf_order                         : 16 #     Order of the Interpolating Scaling Function family
     stress_tensor                     : Yes #    Triggers the calculation of the stress tensor
   environment:
     cavity                            : none #   Type of the cavity
     fd_order                          : 16 #     Order of the Finite-difference derivatives for the GPS solver
     itermax                           : 200 #    Maximum number of iterations of the GPS outer loop
     minres                            : 1.e-8 #  Convergence threshold of the loop
     pb_method                         : none #   Defines the method for the Poisson Boltzmann Equation
   MPI tasks                           :  1
   OpenMP threads per MPI task         :  28
   Poisson Solver GPU Enumerator:
     BACKEND                           :  2
     Attributes:
       DEVICE                          :  0
       MODEL                           :  2
     stress_tensor                     : Yes #    Triggers the calculation of the stress tensor
   environment:
     cavity                            : none #   Type of the cavity
     fd_order                          : 16 #     Order of the Finite-difference derivatives for the GPS solver
     itermax                           : 200 #    Maximum number of iterations of the GPS outer loop
     minres                            : 1.e-8 #  Convergence threshold of the loop
     stress_tensor                     : Yes #    Triggers the calculation of the stress tensor
   environment:
     cavity                            : none #   Type of the cavity
     fd_order                          : 16 #     Order of the Finite-difference derivatives for the GPS solver
     itermax                           : 200 #    Maximum number of iterations of the GPS outer loop
     minres                            : 1.e-8 #  Convergence threshold of the loop
     pb_method                         : none #   Defines the method for the Poisson Boltzmann Equation
     accel                             : DBFFT #  Material Acceleration
     use_gpu_direct                    : Yes #    Force (or not) the usage of GPUdirect communication, if available
     verbose                           : Yes #    Verbosity switch
     keep_gpu_memory                   : Yes #    Do not deallocate GPU memory at each call of the (G)PS routine
     taskgroup_size                    : 0 #      Size of the taskgroups of the Poisson Solver
     global_data                       : No #     Charge density and Electrostatic potential are given by global arrays
     output                            : none #   Quantities to be plotted after the main solver routine
   kernel:
     screening                         : 0 #      Mu screening parameter
     isf_order                         : 16 #     Order of the Interpolating Scaling Function family
     stress_tensor                     : Yes #    Triggers the calculation of the stress tensor
   environment:
     cavity                            : none #   Type of the cavity
     fd_order                          : 16 #     Order of the Finite-difference derivatives for the GPS solver
     itermax                           : 200 #    Maximum number of iterations of the GPS outer loop
     minres                            : 1.e-8 #  Convergence threshold of the loop
     pb_method                         : none #   Defines the method for the Poisson Boltzmann Equation
   MPI tasks                           :  1
   OpenMP threads per MPI task         :  28
     minres                            : 1.e-8 #  Convergence threshold of the loop
     pb_method                         : none #   Defines the method for the Poisson Boltzmann Equation
   MPI tasks                           :  1
   OpenMP threads per MPI task         :  28
   Poisson Solver GPU Enumerator:
     BACKEND                           :  2
     Attributes:
       DEVICE                          :  0
       MODEL                           :  2
     minres                            : 1.e-8 #  Convergence threshold of the loop
     pb_method                         : none #   Defines the method for the Poisson Boltzmann Equation
   MPI tasks                           :  1
   OpenMP threads per MPI task         :  28
   Poisson Solver GPU Enumerator:
     BACKEND                           :  2
     Attributes:
       DEVICE                          :  0
       MODEL                           :  2
     isf_order                         : 16 #     Order of the Interpolating Scaling Function family
     stress_tensor                     : Yes #    Triggers the calculation of the stress tensor
   environment:
     cavity                            : none #   Type of the cavity
     fd_order                          : 16 #     Order of the Finite-difference derivatives for the GPS solver
     itermax                           : 200 #    Maximum number of iterations of the GPS outer loop
     minres                            : 1.e-8 #  Convergence threshold of the loop
     fd_order                          : 16 #     Order of the Finite-difference derivatives for the GPS solver
     itermax                           : 200 #    Maximum number of iterations of the GPS outer loop
     minres                            : 1.e-8 #  Convergence threshold of the loop
     pb_method                         : none #   Defines the method for the Poisson Boltzmann Equation
   MPI tasks                           :  1
   OpenMP threads per MPI task         :  28
   Poisson Solver GPU Enumerator:
     BACKEND                           :  2
     Attributes:
       DEVICE                          :  0
       MODEL                           :  2
     pb_method                         : none #   Defines the method for the Poisson Boltzmann Equation
   MPI tasks                           :  1
   OpenMP threads per MPI task         :  28
   Poisson Solver GPU Enumerator:
     BACKEND                           :  2
     Attributes:
       DEVICE                          :  0
       MODEL                           :  2
   kernel:
     screening                         : 0 #      Mu screening parameter
     isf_order                         : 16 #     Order of the Interpolating Scaling Function family
     stress_tensor                     : Yes #    Triggers the calculation of the stress tensor
   environment:
     cavity                            : none #   Type of the cavity
   environment:
     cavity                            : none #   Type of the cavity
     fd_order                          : 16 #     Order of the Finite-difference derivatives for the GPS solver
     itermax                           : 200 #    Maximum number of iterations of the GPS outer loop
     minres                            : 1.e-8 #  Convergence threshold of the loop
     pb_method                         : none #   Defines the method for the Poisson Boltzmann Equation
     output                            : none #   Quantities to be plotted after the main solver routine
   kernel:
     screening                         : 0 #      Mu screening parameter
     isf_order                         : 16 #     Order of the Interpolating Scaling Function family
     stress_tensor                     : Yes #    Triggers the calculation of the stress tensor
   environment:
     fd_order                          : 16 #     Order of the Finite-difference derivatives for the GPS solver
     itermax                           : 200 #    Maximum number of iterations of the GPS outer loop
     minres                            : 1.e-8 #  Convergence threshold of the loop
     pb_method                         : none #   Defines the method for the Poisson Boltzmann Equation
   MPI tasks                           :  1
   OpenMP threads per MPI task         :  28
   Poisson Solver GPU Enumerator:
     BACKEND                           :  2
     Attributes:
   MPI tasks                           :  1
   OpenMP threads per MPI task         :  28
   Poisson Solver GPU Enumerator:
     BACKEND                           :  2
     Attributes:
       DEVICE                          :  0
       MODEL                           :  2
     stress_tensor                     : Yes #    Triggers the calculation of the stress tensor
   environment:
     cavity                            : none #   Type of the cavity
     fd_order                          : 16 #     Order of the Finite-difference derivatives for the GPS solver
     itermax                           : 200 #    Maximum number of iterations of the GPS outer loop
     minres                            : 1.e-8 #  Convergence threshold of the loop
     pb_method                         : none #   Defines the method for the Poisson Boltzmann Equation
     stress_tensor                     : Yes #    Triggers the calculation of the stress tensor
   environment:
     cavity                            : none #   Type of the cavity
     fd_order                          : 16 #     Order of the Finite-difference derivatives for the GPS solver
     itermax                           : 200 #    Maximum number of iterations of the GPS outer loop
     minres                            : 1.e-8 #  Convergence threshold of the loop
     pb_method                         : none #   Defines the method for the Poisson Boltzmann Equation
   MPI tasks                           :  1
     taskgroup_size                    : 0 #      Size of the taskgroups of the Poisson Solver
     global_data                       : No #     Charge density and Electrostatic potential are given by global arrays
     output                            : none #   Quantities to be plotted after the main solver routine
   kernel:
     screening                         : 0 #      Mu screening parameter
     isf_order                         : 16 #     Order of the Interpolating Scaling Function family
     pb_method                         : none #   Defines the method for the Poisson Boltzmann Equation
   MPI tasks                           :  1
   OpenMP threads per MPI task         :  28
   Poisson Solver GPU Enumerator:
     BACKEND                           :  2
     Attributes:
       DEVICE                          :  0
       MODEL                           :  2
     screening                         : 0 #      Mu screening parameter
     isf_order                         : 16 #     Order of the Interpolating Scaling Function family
     stress_tensor                     : Yes #    Triggers the calculation of the stress tensor
   environment:
     cavity                            : none #   Type of the cavity
     fd_order                          : 16 #     Order of the Finite-difference derivatives for the GPS solver
     cavity                            : none #   Type of the cavity
     fd_order                          : 16 #     Order of the Finite-difference derivatives for the GPS solver
     itermax                           : 200 #    Maximum number of iterations of the GPS outer loop
     minres                            : 1.e-8 #  Convergence threshold of the loop
     pb_method                         : none #   Defines the method for the Poisson Boltzmann Equation
  #------------------------------------------------------------------- Kernel Initialization
 Poisson Kernel Initialization:
    #---------------------------------------------------------------------- Input parameters
   setup:
     accel                             : DBFFT #  Material Acceleration
     use_gpu_direct                    : Yes #    Force (or not) the usage of GPUdirect communication, if available
     verbose                           : Yes #    Verbosity switch
     keep_gpu_memory                   : Yes #    Do not deallocate GPU memory at each call of the (G)PS routine
     taskgroup_size                    : 0 #      Size of the taskgroups of the Poisson Solver
     global_data                       : No #     Charge density and Electrostatic potential are given by global arrays
     output                            : none #   Quantities to be plotted after the main solver routine
   kernel:
     fd_order                          : 16 #     Order of the Finite-difference derivatives for the GPS solver
     itermax                           : 200 #    Maximum number of iterations of the GPS outer loop
     minres                            : 1.e-8 #  Convergence threshold of the loop
     pb_method                         : none #   Defines the method for the Poisson Boltzmann Equation
   MPI tasks                           :  1
   OpenMP threads per MPI task         :  28
   Poisson Solver GPU Enumerator:
     BACKEND                           :  2
   MPI tasks                           :  1
   OpenMP threads per MPI task         :  28
   Poisson Solver GPU Enumerator:
     BACKEND                           :  2
     Attributes:
       DEVICE                          :  0
       MODEL                           :  2
   environment:
     cavity                            : none #   Type of the cavity
     fd_order                          : 16 #     Order of the Finite-difference derivatives for the GPS solver
     itermax                           : 200 #    Maximum number of iterations of the GPS outer loop
     minres                            : 1.e-8 #  Convergence threshold of the loop
     pb_method                         : none #   Defines the method for the Poisson Boltzmann Equation
     stress_tensor                     : Yes #    Triggers the calculation of the stress tensor
   environment:
     cavity                            : none #   Type of the cavity
     fd_order                          : 16 #     Order of the Finite-difference derivatives for the GPS solver
     itermax                           : 200 #    Maximum number of iterations of the GPS outer loop
     minres                            : 1.e-8 #  Convergence threshold of the loop
     pb_method                         : none #   Defines the method for the Poisson Boltzmann Equation
   MPI tasks                           :  1
   OpenMP threads per MPI task         :  28
     output                            : none #   Quantities to be plotted after the main solver routine
   kernel:
     screening                         : 0 #      Mu screening parameter
     isf_order                         : 16 #     Order of the Interpolating Scaling Function family
     stress_tensor                     : Yes #    Triggers the calculation of the stress tensor
   environment:
   Poisson Solver GPU Enumerator:
     BACKEND                           :  2
     Attributes:
       DEVICE                          :  0
       MODEL                           :  2
     screening                         : 0 #      Mu screening parameter
     isf_order                         : 16 #     Order of the Interpolating Scaling Function family
     stress_tensor                     : Yes #    Triggers the calculation of the stress tensor
   environment:
     cavity                            : none #   Type of the cavity
     fd_order                          : 16 #     Order of the Finite-difference derivatives for the GPS solver
     fd_order                          : 16 #     Order of the Finite-difference derivatives for the GPS solver
     itermax                           : 200 #    Maximum number of iterations of the GPS outer loop
     minres                            : 1.e-8 #  Convergence threshold of the loop
     pb_method                         : none #   Defines the method for the Poisson Boltzmann Equation
   MPI tasks                           :  1
   OpenMP threads per MPI task         :  28
   environment:
     cavity                            : none #   Type of the cavity
     fd_order                          : 16 #     Order of the Finite-difference derivatives for the GPS solver
     itermax                           : 200 #    Maximum number of iterations of the GPS outer loop
     minres                            : 1.e-8 #  Convergence threshold of the loop
     pb_method                         : none #   Defines the method for the Poisson Boltzmann Equation
   MPI tasks                           :  1
   OpenMP threads per MPI task         :  28
   Poisson Solver GPU Enumerator:
     BACKEND                           :  2
     Attributes:
       DEVICE                          :  0
       MODEL                           :  2
   OpenMP threads per MPI task         :  28
   Poisson Solver GPU Enumerator:
     BACKEND                           :  2
     Attributes:
       DEVICE                          :  0
       MODEL                           :  2
     cavity                            : none #   Type of the cavity
     fd_order                          : 16 #     Order of the Finite-difference derivatives for the GPS solver
     itermax                           : 200 #    Maximum number of iterations of the GPS outer loop
     minres                            : 1.e-8 #  Convergence threshold of the loop
     pb_method                         : none #   Defines the method for the Poisson Boltzmann Equation
   MPI tasks                           :  1
   OpenMP threads per MPI task         :  28
   environment:
     cavity                            : none #   Type of the cavity
     fd_order                          : 16 #     Order of the Finite-difference derivatives for the GPS solver
     itermax                           : 200 #    Maximum number of iterations of the GPS outer loop
     minres                            : 1.e-8 #  Convergence threshold of the loop
     pb_method                         : none #   Defines the method for the Poisson Boltzmann Equation
   MPI tasks                           :  1
   OpenMP threads per MPI task         :  28
     BACKEND                           :  2
     Attributes:
       DEVICE                          :  0
       MODEL                           :  2
   Poisson Solver GPU Enumerator:
     BACKEND                           :  2
     Attributes:
       DEVICE                          :  0
       MODEL                           :  2
     isf_order                         : 16 #     Order of the Interpolating Scaling Function family
     stress_tensor                     : Yes #    Triggers the calculation of the stress tensor
   environment:
     cavity                            : none #   Type of the cavity
     fd_order                          : 16 #     Order of the Finite-difference derivatives for the GPS solver
     itermax                           : 200 #    Maximum number of iterations of the GPS outer loop
     minres                            : 1.e-8 #  Convergence threshold of the loop
     pb_method                         : none #   Defines the method for the Poisson Boltzmann Equation
   MPI tasks                           :  1
   OpenMP threads per MPI task         :  28
     global_data                       : No #     Charge density and Electrostatic potential are given by global arrays
     output                            : none #   Quantities to be plotted after the main solver routine
   kernel:
     screening                         : 0 #      Mu screening parameter
     isf_order                         : 16 #     Order of the Interpolating Scaling Function family
   OpenMP threads per MPI task         :  28
   Poisson Solver GPU Enumerator:
     BACKEND                           :  2
     Attributes:
       DEVICE                          :  0
       MODEL                           :  2
       MODEL                           :  2
     cavity                            : none #   Type of the cavity
     fd_order                          : 16 #     Order of the Finite-difference derivatives for the GPS solver
     itermax                           : 200 #    Maximum number of iterations of the GPS outer loop
     minres                            : 1.e-8 #  Convergence threshold of the loop
     pb_method                         : none #   Defines the method for the Poisson Boltzmann Equation
   MPI tasks                           :  1
   OpenMP threads per MPI task         :  28
     stress_tensor                     : Yes #    Triggers the calculation of the stress tensor
   environment:
     cavity                            : none #   Type of the cavity
     fd_order                          : 16 #     Order of the Finite-difference derivatives for the GPS solver
     itermax                           : 200 #    Maximum number of iterations of the GPS outer loop
     minres                            : 1.e-8 #  Convergence threshold of the loop
     pb_method                         : none #   Defines the method for the Poisson Boltzmann Equation
   MPI tasks                           :  1
       MODEL                           :  2
     cavity                            : none #   Type of the cavity
     fd_order                          : 16 #     Order of the Finite-difference derivatives for the GPS solver
     itermax                           : 200 #    Maximum number of iterations of the GPS outer loop
     minres                            : 1.e-8 #  Convergence threshold of the loop
     minres                            : 1.e-8 #  Convergence threshold of the loop
     pb_method                         : none #   Defines the method for the Poisson Boltzmann Equation
   MPI tasks                           :  1
   OpenMP threads per MPI task         :  28
     fd_order                          : 16 #     Order of the Finite-difference derivatives for the GPS solver
     itermax                           : 200 #    Maximum number of iterations of the GPS outer loop
     minres                            : 1.e-8 #  Convergence threshold of the loop
     pb_method                         : none #   Defines the method for the Poisson Boltzmann Equation
   MPI tasks                           :  1
   OpenMP threads per MPI task         :  28
   Poisson Solver GPU Enumerator:
     BACKEND                           :  2
     Attributes:
       DEVICE                          :  0
       MODEL                           :  2
   Poisson Solver GPU Enumerator:
     BACKEND                           :  2
     Attributes:
       DEVICE                          :  0
       MODEL                           :  2
   environment:
     cavity                            : none #   Type of the cavity
     fd_order                          : 16 #     Order of the Finite-difference derivatives for the GPS solver
     itermax                           : 200 #    Maximum number of iterations of the GPS outer loop
     minres                            : 1.e-8 #  Convergence threshold of the loop
     pb_method                         : none #   Defines the method for the Poisson Boltzmann Equation
   MPI tasks                           :  1
   OpenMP threads per MPI task         :  28
     isf_order                         : 16 #     Order of the Interpolating Scaling Function family
     stress_tensor                     : Yes #    Triggers the calculation of the stress tensor
   environment:
     cavity                            : none #   Type of the cavity
     fd_order                          : 16 #     Order of the Finite-difference derivatives for the GPS solver
     itermax                           : 200 #    Maximum number of iterations of the GPS outer loop
     minres                            : 1.e-8 #  Convergence threshold of the loop
     pb_method                         : none #   Defines the method for the Poisson Boltzmann Equation
   MPI tasks                           :  1
     pb_method                         : none #   Defines the method for the Poisson Boltzmann Equation
   MPI tasks                           :  1
   OpenMP threads per MPI task         :  28
   OpenMP threads per MPI task         :  28
   Poisson Solver GPU Enumerator:
     BACKEND                           :  2
     Attributes:
       DEVICE                          :  0
       MODEL                           :  2
   Poisson Solver GPU Enumerator:
     BACKEND                           :  2
     Attributes:
       DEVICE                          :  0
       MODEL                           :  2
       MODEL                           :  2
     fd_order                          : 16 #     Order of the Finite-difference derivatives for the GPS solver
     itermax                           : 200 #    Maximum number of iterations of the GPS outer loop
     minres                            : 1.e-8 #  Convergence threshold of the loop
     pb_method                         : none #   Defines the method for the Poisson Boltzmann Equation
   MPI tasks                           :  1
   OpenMP threads per MPI task         :  28
   Poisson Solver GPU Enumerator:
     BACKEND                           :  2
     Attributes:
       DEVICE                          :  0
       MODEL                           :  2
     stress_tensor                     : Yes #    Triggers the calculation of the stress tensor
   environment:
     cavity                            : none #   Type of the cavity
     fd_order                          : 16 #     Order of the Finite-difference derivatives for the GPS solver
     itermax                           : 200 #    Maximum number of iterations of the GPS outer loop
     minres                            : 1.e-8 #  Convergence threshold of the loop
     pb_method                         : none #   Defines the method for the Poisson Boltzmann Equation
   MPI tasks                           :  1
   OpenMP threads per MPI task         :  28
     pb_method                         : none #   Defines the method for the Poisson Boltzmann Equation
   MPI tasks                           :  1
   OpenMP threads per MPI task         :  28
     isf_order                         : 16 #     Order of the Interpolating Scaling Function family
     stress_tensor                     : Yes #    Triggers the calculation of the stress tensor
   environment:
     cavity                            : none #   Type of the cavity
     fd_order                          : 16 #     Order of the Finite-difference derivatives for the GPS solver
     itermax                           : 200 #    Maximum number of iterations of the GPS outer loop
     minres                            : 1.e-8 #  Convergence threshold of the loop
   Poisson Solver GPU Enumerator:
     BACKEND                           :  2
     Attributes:
       DEVICE                          :  0
       MODEL                           :  2
   MPI tasks                           :  1
   OpenMP threads per MPI task         :  28
     minres                            : 1.e-8 #  Convergence threshold of the loop
     pb_method                         : none #   Defines the method for the Poisson Boltzmann Equation
   MPI tasks                           :  1
   OpenMP threads per MPI task         :  28
   Poisson Solver GPU Enumerator:
     BACKEND                           :  2
     Attributes:
       DEVICE                          :  0
       MODEL                           :  2
     cavity                            : none #   Type of the cavity
     fd_order                          : 16 #     Order of the Finite-difference derivatives for the GPS solver
     itermax                           : 200 #    Maximum number of iterations of the GPS outer loop
     minres                            : 1.e-8 #  Convergence threshold of the loop
     pb_method                         : none #   Defines the method for the Poisson Boltzmann Equation
   MPI tasks                           :  1
   OpenMP threads per MPI task         :  28
   MPI tasks                           :  1
   OpenMP threads per MPI task         :  28
   Poisson Solver GPU Enumerator:
     BACKEND                           :  2
     Attributes:
       DEVICE                          :  0
       MODEL                           :  2
   environment:
     cavity                            : none #   Type of the cavity
     fd_order                          : 16 #     Order of the Finite-difference derivatives for the GPS solver
     itermax                           : 200 #    Maximum number of iterations of the GPS outer loop
     minres                            : 1.e-8 #  Convergence threshold of the loop
     pb_method                         : none #   Defines the method for the Poisson Boltzmann Equation
   MPI tasks                           :  1
       DEVICE                          :  0
       MODEL                           :  2
   MPI tasks                           :  1
   OpenMP threads per MPI task         :  28
   Poisson Solver GPU Enumerator:
     BACKEND                           :  2
     Attributes:
       DEVICE                          :  0
       MODEL                           :  2
     pb_method                         : none #   Defines the method for the Poisson Boltzmann Equation
   MPI tasks                           :  1
   OpenMP threads per MPI task         :  28
   Poisson Solver GPU Enumerator:
     BACKEND                           :  2
     Attributes:
       DEVICE                          :  0
       MODEL                           :  2
     minres                            : 1.e-8 #  Convergence threshold of the loop
     fd_order                          : 16 #     Order of the Finite-difference derivatives for the GPS solver
     itermax                           : 200 #    Maximum number of iterations of the GPS outer loop
     minres                            : 1.e-8 #  Convergence threshold of the loop
   MPI tasks                           :  1
   OpenMP threads per MPI task         :  28
   Poisson Solver GPU Enumerator:
     BACKEND                           :  2
     Attributes:
       DEVICE                          :  0
       MODEL                           :  2
     cavity                            : none #   Type of the cavity
     fd_order                          : 16 #     Order of the Finite-difference derivatives for the GPS solver
     itermax                           : 200 #    Maximum number of iterations of the GPS outer loop
     minres                            : 1.e-8 #  Convergence threshold of the loop
     pb_method                         : none #   Defines the method for the Poisson Boltzmann Equation
   MPI tasks                           :  1
   OpenMP threads per MPI task         :  28
     Attributes:
       DEVICE                          :  0
       MODEL                           :  2
   Poisson Solver GPU Enumerator:
     BACKEND                           :  2
     Attributes:
       DEVICE                          :  0
       MODEL                           :  2
   OpenMP threads per MPI task         :  28
   Poisson Solver GPU Enumerator:
     BACKEND                           :  2
     Attributes:
       DEVICE                          :  0
       MODEL                           :  2
     minres                            : 1.e-8 #  Convergence threshold of the loop
     itermax                           : 200 #    Maximum number of iterations of the GPS outer loop
     minres                            : 1.e-8 #  Convergence threshold of the loop
     pb_method                         : none #   Defines the method for the Poisson Boltzmann Equation
   MPI tasks                           :  1
   MPI tasks                           :  1
   OpenMP threads per MPI task         :  28
   Poisson Solver GPU Enumerator:
     BACKEND                           :  2
     Attributes:
       DEVICE                          :  0
     screening                         : 0 #      Mu screening parameter
     isf_order                         : 16 #     Order of the Interpolating Scaling Function family
     stress_tensor                     : Yes #    Triggers the calculation of the stress tensor
   environment:
     cavity                            : none #   Type of the cavity
     fd_order                          : 16 #     Order of the Finite-difference derivatives for the GPS solver
     itermax                           : 200 #    Maximum number of iterations of the GPS outer loop
   Poisson Solver GPU Enumerator:
     BACKEND                           :  2
     Attributes:
       DEVICE                          :  0
       MODEL                           :  2
   Poisson Solver GPU Enumerator:
     BACKEND                           :  2
     Attributes:
       DEVICE                          :  0
       MODEL                           :  2
     pb_method                         : none #   Defines the method for the Poisson Boltzmann Equation
   MPI tasks                           :  1
   OpenMP threads per MPI task         :  28
   Poisson Solver GPU Enumerator:
     itermax                           : 200 #    Maximum number of iterations of the GPS outer loop
     minres                            : 1.e-8 #  Convergence threshold of the loop
     pb_method                         : none #   Defines the method for the Poisson Boltzmann Equation
   MPI tasks                           :  1
   Poisson Solver GPU Enumerator:
     BACKEND                           :  2
     Attributes:
       DEVICE                          :  0
   MPI tasks                           :  1
   OpenMP threads per MPI task         :  28
   Poisson Solver GPU Enumerator:
     BACKEND                           :  2
     Attributes:
       DEVICE                          :  0
       MODEL                           :  2
   Poisson Solver GPU Enumerator:
     BACKEND                           :  2
     Attributes:
       DEVICE                          :  0
       MODEL                           :  2
   Poisson Solver GPU Enumerator:
     BACKEND                           :  2
     Attributes:
       DEVICE                          :  0
       MODEL                           :  2
     pb_method                         : none #   Defines the method for the Poisson Boltzmann Equation
   MPI tasks                           :  1
   OpenMP threads per MPI task         :  28
     pb_method                         : none #   Defines the method for the Poisson Boltzmann Equation
   MPI tasks                           :  1
   OpenMP threads per MPI task         :  28
   Poisson Solver GPU Enumerator:
     BACKEND                           :  2
   Poisson Solver GPU Enumerator:
     BACKEND                           :  2
     Attributes:
       DEVICE                          :  0
       MODEL                           :  2
     stress_tensor                     : Yes #    Triggers the calculation of the stress tensor
   environment:
     cavity                            : none #   Type of the cavity
     fd_order                          : 16 #     Order of the Finite-difference derivatives for the GPS solver
     itermax                           : 200 #    Maximum number of iterations of the GPS outer loop
     minres                            : 1.e-8 #  Convergence threshold of the loop
     pb_method                         : none #   Defines the method for the Poisson Boltzmann Equation
   OpenMP threads per MPI task         :  28
   Poisson Solver GPU Enumerator:
     BACKEND                           :  2
     Attributes:
       DEVICE                          :  0
       MODEL                           :  2
     pb_method                         : none #   Defines the method for the Poisson Boltzmann Equation
   MPI tasks                           :  1
   OpenMP threads per MPI task         :  28
   Poisson Solver GPU Enumerator:
     BACKEND                           :  2
     Attributes:
       DEVICE                          :  0
       MODEL                           :  2
   OpenMP threads per MPI task         :  28
   Poisson Solver GPU Enumerator:
     BACKEND                           :  2
     Attributes:
       DEVICE                          :  0
       MODEL                           :  2
   Poisson Solver GPU Enumerator:
     BACKEND                           :  2
     Attributes:
       DEVICE                          :  0
       MODEL                           :  2
   Poisson Solver GPU Enumerator:
     BACKEND                           :  2
     Attributes:
       DEVICE                          :  0
       MODEL                           :  2
   Poisson Solver GPU Enumerator:
     BACKEND                           :  2
     Attributes:
       DEVICE                          :  0
       MODEL                           :  2
     BACKEND                           :  2
     Attributes:
       DEVICE                          :  0
       MODEL                           :  2
   Poisson Solver GPU Enumerator:
     BACKEND                           :  2
     Attributes:
       DEVICE                          :  0
       MODEL                           :  2
   Poisson Solver GPU Enumerator:
     BACKEND                           :  2
     Attributes:
       DEVICE                          :  0
       MODEL                           :  2
     pb_method                         : none #   Defines the method for the Poisson Boltzmann Equation
   MPI tasks                           :  1
   OpenMP threads per MPI task         :  28
   Poisson Solver GPU Enumerator:
     BACKEND                           :  2
     Attributes:
       DEVICE                          :  0
       MODEL                           :  2
   Poisson Solver GPU Enumerator:
     BACKEND                           :  2
     Attributes:
   Poisson Solver GPU Enumerator:
     BACKEND                           :  2
     Attributes:
       DEVICE                          :  0
       MODEL                           :  2
   Poisson Solver GPU Enumerator:
     BACKEND                           :  2
     Attributes:
       DEVICE                          :  0
       MODEL                           :  2
   OpenMP threads per MPI task         :  28
   Poisson Solver GPU Enumerator:
     BACKEND                           :  2
     Attributes:
       DEVICE                          :  0
       MODEL                           :  2
       DEVICE                          :  0
       MODEL                           :  2
     pb_method                         : none #   Defines the method for the Poisson Boltzmann Equation
   MPI tasks                           :  1
   OpenMP threads per MPI task         :  28
   Poisson Solver GPU Enumerator:
     BACKEND                           :  2
       MODEL                           :  2
   Poisson Solver GPU Enumerator:
     BACKEND                           :  2
     Attributes:
       DEVICE                          :  0
       MODEL                           :  2
   OpenMP threads per MPI task         :  28
   Poisson Solver GPU Enumerator:
     BACKEND                           :  2
     Attributes:
       DEVICE                          :  0
       MODEL                           :  2
       MODEL                           :  2
     minres                            : 1.e-8 #  Convergence threshold of the loop
     pb_method                         : none #   Defines the method for the Poisson Boltzmann Equation
   OpenMP threads per MPI task         :  28
   Poisson Solver GPU Enumerator:
     BACKEND                           :  2
     Attributes:
       DEVICE                          :  0
       MODEL                           :  2
   MPI tasks                           :  1
   OpenMP threads per MPI task         :  28
   Poisson Solver GPU Enumerator:
     BACKEND                           :  2
     minres                            : 1.e-8 #  Convergence threshold of the loop
     pb_method                         : none #   Defines the method for the Poisson Boltzmann Equation
   MPI tasks                           :  1
   OpenMP threads per MPI task         :  28
   Poisson Solver GPU Enumerator:
     BACKEND                           :  2
     Attributes:
       DEVICE                          :  0
       MODEL                           :  2
   MPI tasks                           :  1
   OpenMP threads per MPI task         :  28
   Poisson Solver GPU Enumerator:
     BACKEND                           :  2
     Attributes:
     Attributes:
       DEVICE                          :  0
       MODEL                           :  2
     Attributes:
       DEVICE                          :  0
       MODEL                           :  2
     Attributes:
       DEVICE                          :  0
       MODEL                           :  2
       DEVICE                          :  0
       MODEL                           :  2
  #------------------------------------------------------------------- Kernel Initialization
 Poisson Kernel Initialization:
    #---------------------------------------------------------------------- Input parameters
   setup:
     accel                   : DBFFT #            Material Acceleration
     use_gpu_direct          : Yes #              Force (or not) the usage of GPUdirect communication, if available
     verbose                 : Yes #              Verbosity switch
     keep_gpu_memory         : Yes #              Do not deallocate GPU memory at each call of the (G)PS routine
     taskgroup_size          : 0 #                Size of the taskgroups of the Poisson Solver
     global_data             : No #               Charge density and Electrostatic potential are given by global arrays
     output                  : none #             Quantities to be plotted after the main solver routine
   kernel:
     screening               : 0 #                Mu screening parameter
     isf_order               : 16 #               Order of the Interpolating Scaling Function family
     stress_tensor           : Yes #              Triggers the calculation of the stress tensor
   environment:
     cavity                  : none #             Type of the cavity
     fd_order                : 16 #               Order of the Finite-difference derivatives for the GPS solver
     itermax                 : 200 #              Maximum number of iterations of the GPS outer loop
     minres                  : 1.e-8 #            Convergence threshold of the loop
     pb_method               : none #             Defines the method for the Poisson Boltzmann Equation
   MPI tasks                 :  1
   OpenMP threads per MPI task:  28
   Poisson Solver GPU Enumerator:
     BACKEND                 :  2
     Attributes:
       DEVICE                :  0
       MODEL                 :  2
 Poisson Kernel Creation:
   Boundary Conditions       : Free
   Memory Requirements per MPI task:
     Density (MB)            :  50.62
     Kernel (MB)             :  51.44
     Full Grid Arrays (MB)   :  45.07
   Kernel Copied on GPU      :  Yes
 Orbital repartition:
 -  [ 3,  3,  3,  3,  3,  3,  3,  3,  3,  3,  3,  3,  3,  3,  3,  3,  3,  3,  3,  3,  3, 
                                                                                  3,  3, 
                                                                                  3,  3, 
                                                                                  3,  3, 
                                                                                  3,  3, 
                                                                                  3,  3, 
                                                                                  3,  3, 
                                                                                  3,  3, 
                                                                                  3,  3, 
                                                                                  3,  3, 
                                                                                  3,  3, 
                                                                                  3,  3, 
                                                                                  3,  3, 
                                                                                  3,  3, 
                                                                                  3,  2, 
                                                                                  2,  2, 
                                                                                  2,  2, 
                                                                                  2,  2, 
                                                                                  2,  2, 
                                                                                  2,  2, 
                                                                                  2,  2, 
                                                                                  2,  2, 
                                                                                  2,  2, 
                                                                                  2,  2, 
                                                                                  2,  2, 
                                                                                  2,  2, 
                                                                                  2,  2, 
                                                                                  2,  2, 
                                                                                  2,  2, 
                                                                                  2,  2, 
                                                                                  2]
  #WARNING: insufficient GPU memory : don't store and exchange results (double the 
  #computation amount)
  #Exact exchange calculation:1%; Time (s): Elapsed=0.0362, Remaining=3.6
  #Exact exchange calculation:2%; Time (s): Elapsed=0.0950, Remaining=4.7
  #Exact exchange calculation:3%; Time (s): Elapsed=0.1306, Remaining=4.2
  #Exact exchange calculation:4%; Time (s): Elapsed=0.1725, Remaining=4.1
  #Exact exchange calculation:5%; Time (s): Elapsed=0.2386, Remaining=4.5
  #Exact exchange calculation:6%; Time (s): Elapsed=0.3827, Remaining=6.0
  #Exact exchange calculation:7%; Time (s): Elapsed=0.4412, Remaining=5.9
  #Exact exchange calculation:8%; Time (s): Elapsed=0.5421, Remaining=6.2
  #Exact exchange calculation:9%; Time (s): Elapsed=0.6079, Remaining=6.1
  #Exact exchange calculation:10%; Time (s): Elapsed=0.6828, Remaining=6.1
  #Exact exchange calculation:11%; Time (s): Elapsed=0.7401, Remaining=6.0
  #Exact exchange calculation:12%; Time (s): Elapsed=0.8158, Remaining=6.0
  #Exact exchange calculation:13%; Time (s): Elapsed=0.9477, Remaining=6.3
  #Exact exchange calculation:14%; Time (s): Elapsed=1.0041, Remaining=6.2
  #Exact exchange calculation:14%; Time (s): Elapsed=1.0450, Remaining=6.4
  #Exact exchange calculation:15%; Time (s): Elapsed=1.1543, Remaining=6.5
  #Exact exchange calculation:16%; Time (s): Elapsed=1.2140, Remaining=6.4
  #Exact exchange calculation:17%; Time (s): Elapsed=1.2754, Remaining=6.2
  #Exact exchange calculation:18%; Time (s): Elapsed=1.3444, Remaining=6.1
  #Exact exchange calculation:19%; Time (s): Elapsed=1.4201, Remaining=6.1
  #Exact exchange calculation:20%; Time (s): Elapsed=1.4968, Remaining=6.0
  #Exact exchange calculation:21%; Time (s): Elapsed=1.5511, Remaining=5.8
  #Exact exchange calculation:22%; Time (s): Elapsed=1.6205, Remaining=5.7
  #Exact exchange calculation:23%; Time (s): Elapsed=1.6791, Remaining=5.6
  #Exact exchange calculation:24%; Time (s): Elapsed=1.7339, Remaining=5.5
  #Exact exchange calculation:25%; Time (s): Elapsed=1.7966, Remaining=5.4
  #Exact exchange calculation:26%; Time (s): Elapsed=1.8558, Remaining=5.3
  #Exact exchange calculation:27%; Time (s): Elapsed=1.9136, Remaining=5.2
  #Exact exchange calculation:28%; Time (s): Elapsed=1.9515, Remaining=5.0
  #Exact exchange calculation:29%; Time (s): Elapsed=2.0672, Remaining=5.1
  #Exact exchange calculation:30%; Time (s): Elapsed=2.1324, Remaining=5.0
  #Exact exchange calculation:31%; Time (s): Elapsed=2.1778, Remaining=4.8
  #Exact exchange calculation:32%; Time (s): Elapsed=2.2185, Remaining=4.7
  #Exact exchange calculation:33%; Time (s): Elapsed=2.3306, Remaining=4.7
  #Exact exchange calculation:35%; Time (s): Elapsed=2.4169, Remaining=4.5
  #Exact exchange calculation:36%; Time (s): Elapsed=2.4916, Remaining=4.4
  #Exact exchange calculation:38%; Time (s): Elapsed=2.5550, Remaining=4.2
  #Exact exchange calculation:39%; Time (s): Elapsed=2.6292, Remaining=4.1
  #Exact exchange calculation:41%; Time (s): Elapsed=2.7059, Remaining=3.9
  #Exact exchange calculation:42%; Time (s): Elapsed=2.7743, Remaining=3.8
  #Exact exchange calculation:43%; Time (s): Elapsed=2.8597, Remaining=3.8
  #Exact exchange calculation:45%; Time (s): Elapsed=2.9360, Remaining=3.6
  #Exact exchange calculation:46%; Time (s): Elapsed=3.0126, Remaining=3.5
  #Exact exchange calculation:48%; Time (s): Elapsed=3.0779, Remaining=3.3
  #Exact exchange calculation:49%; Time (s): Elapsed=3.1523, Remaining=3.3
  #Exact exchange calculation:51%; Time (s): Elapsed=3.2309, Remaining=3.1
  #Exact exchange calculation:52%; Time (s): Elapsed=3.3008, Remaining=3.0
  #Exact exchange calculation:54%; Time (s): Elapsed=3.3634, Remaining=2.9
  #Exact exchange calculation:55%; Time (s): Elapsed=3.4279, Remaining=2.8
  #Exact exchange calculation:57%; Time (s): Elapsed=3.4825, Remaining=2.6
  #Exact exchange calculation:58%; Time (s): Elapsed=3.5424, Remaining=2.6
  #Exact exchange calculation:59%; Time (s): Elapsed=3.6041, Remaining=2.5
  #Exact exchange calculation:61%; Time (s): Elapsed=3.6600, Remaining=2.3
  #Exact exchange calculation:62%; Time (s): Elapsed=3.7199, Remaining=2.3
  #Exact exchange calculation:64%; Time (s): Elapsed=3.7836, Remaining=2.1
  #Exact exchange calculation:65%; Time (s): Elapsed=3.8463, Remaining=2.1
  #Exact exchange calculation:67%; Time (s): Elapsed=3.9146, Remaining=1.9
  #Exact exchange calculation:68%; Time (s): Elapsed=3.9888, Remaining=1.9
  #Exact exchange calculation:70%; Time (s): Elapsed=4.0612, Remaining=1.7
  #Exact exchange calculation:71%; Time (s): Elapsed=4.1255, Remaining=1.7
  #Exact exchange calculation:72%; Time (s): Elapsed=4.1937, Remaining=1.6
  #Exact exchange calculation:74%; Time (s): Elapsed=4.2551, Remaining=1.5
  #Exact exchange calculation:75%; Time (s): Elapsed=4.3191, Remaining=1.4
  #Exact exchange calculation:77%; Time (s): Elapsed=4.3815, Remaining=1.3
  #Exact exchange calculation:78%; Time (s): Elapsed=4.4467, Remaining=1.3
  #Exact exchange calculation:80%; Time (s): Elapsed=4.5162, Remaining=1.1
  #Exact exchange calculation:81%; Time (s): Elapsed=4.5840, Remaining=1.1
  #Exact exchange calculation:83%; Time (s): Elapsed=4.6543, Remaining=0.95
  #Exact exchange calculation:84%; Time (s): Elapsed=4.7326, Remaining=0.90
  #Exact exchange calculation:86%; Time (s): Elapsed=4.7913, Remaining=0.78
  #Exact exchange calculation:87%; Time (s): Elapsed=4.8481, Remaining=0.72
  #Exact exchange calculation:88%; Time (s): Elapsed=4.9449, Remaining=0.67
  #Exact exchange calculation:90%; Time (s): Elapsed=5.0175, Remaining=0.56
  #Exact exchange calculation:91%; Time (s): Elapsed=5.0835, Remaining=0.50
  #Exact exchange calculation:93%; Time (s): Elapsed=5.1509, Remaining=0.39
  #Exact exchange calculation:94%; Time (s): Elapsed=5.2057, Remaining=0.33
  #Exact exchange calculation:96%; Time (s): Elapsed=5.2611, Remaining=0.22
  #Exact exchange calculation:97%; Time (s): Elapsed=5.3298, Remaining=0.16
  #Exact exchange calculation:99%; Time (s): Elapsed=5.3859, Remaining=5.44E-02
  #Exact exchange calculation:100%; Time (s): Elapsed=5.4436, Remaining=0.0
 Exact Exchange Energy       :  1.71681878276E+09
 Expected Exchange Energy    :  3.98942280401E-01
  #-------------------------------- Warnings obtained during the run, check their relevance!
 WARNINGS:
 - insufficient GPU memory : don't store and exchange results (double the computation amount)
 Memory Consumption Report:
   Tot. No. of Allocations             :  549
   Tot. No. of Deallocations           :  549
   Remaining Memory (B)                :  0
   Memory occupation:
     Peak Value (MB)                   :  519.032
     for the array                     : displ_res
     in the routine                    : null
     Memory Peak of process            : 1139.184 MB
 Walltime since initialization         :  00:00:09.038386551
 Max No. of dictionaries used          :  595 #( 241 still in use)
 Number of dictionary folders allocated:  1
