[0] MPI startup(): ===== GPU topology on compute11 =====
[0] MPI startup(): NUMA nodes     : 2
[0] MPI startup(): GPUs           : 4
[0] MPI startup(): Stacks (Tiles) : 8
[0] MPI startup(): Hierarchy mode : flat
[0] MPI startup(): Backend        : level zero
[0] MPI startup(): Device name    : Intel(R) Data Center GPU Max 1550
[0] MPI startup(): NUMA Id	GPU Id         Stacks (tiles)                 Ranks on this NUMA
[0] MPI startup(): 0      	0,1            (0,1)(2,3)                     0,1,2,3
[0] MPI startup(): 1      	2,3            (4,5)(6,7)                     4,5,6,7
[0] MPI startup(): ===== GPU pinning on compute11 =====
[0] MPI startup(): Rank	 Pin stack (tile)
[0] MPI startup(): 0	 {0}
[0] MPI startup(): 1	 {1}
[0] MPI startup(): 2	 {2}
[0] MPI startup(): 3	 {3}
[0] MPI startup(): 4	 {4}
[0] MPI startup(): 5	 {5}
[0] MPI startup(): 6	 {6}
[0] MPI startup(): 7	 {7}
[0] MPI startup(): Intel(R) MPI Library, Version 2021.16  Build 20250513 (id: a7c135c)
[0] MPI startup(): Copyright (C) 2003-2025 Intel Corporation.  All rights reserved.
[0] MPI startup(): library kind: release
[0] MPI startup(): libfabric version: 2.1.0-impi
[0] MPI startup(): libfabric provider: psm3
[0] MPI startup(): File "/install/software/oneAPI/2025.2/mpi/2021.16/opt/mpi/etc/tuning_spr_shm-ofi_psm3_200_x1.dat" not found
[0] MPI startup(): File "/install/software/oneAPI/2025.2/mpi/2021.16/opt/mpi/etc/tuning_spr_shm-ofi_psm3_200.dat" not found
[0] MPI startup(): File "/install/software/oneAPI/2025.2/mpi/2021.16/opt/mpi/etc/tuning_spr_shm-ofi_psm3.dat" not found
[0] MPI startup(): Load tuning file: "/install/software/oneAPI/2025.2/mpi/2021.16/opt/mpi/etc/tuning_spr_shm-ofi.dat"
[0] MPI startup(): Number of NICs:  1 
[0] MPI startup(): ===== NIC pinning on compute11 =====
[0] MPI startup(): Rank    Thread id  Pin nic
[0] MPI startup(): 0       0          autoselect_one:mlx5_0;mlx5_1
[0] MPI startup(): 1       0          autoselect_one:mlx5_0;mlx5_1
[0] MPI startup(): 2       0          autoselect_one:mlx5_0;mlx5_1
[0] MPI startup(): 3       0          autoselect_one:mlx5_0;mlx5_1
[0] MPI startup(): 4       0          autoselect_one:mlx5_0;mlx5_1
[0] MPI startup(): 5       0          autoselect_one:mlx5_0;mlx5_1
[0] MPI startup(): 6       0          autoselect_one:mlx5_0;mlx5_1
[0] MPI startup(): 7       0          autoselect_one:mlx5_0;mlx5_1
[0] MPI startup(): ===== CPU pinning =====
[0] MPI startup(): Rank    Pid      Node name  Pin cpu
[0] MPI startup(): 0       208510   compute11  {0-13,112-125}
[0] MPI startup(): 1       208511   compute11  {14-27,126-139}
[0] MPI startup(): 2       208512   compute11  {28-41,140-153}
[0] MPI startup(): 3       208513   compute11  {42-55,154-167}
[0] MPI startup(): 4       208514   compute11  {56-69,168-181}
[0] MPI startup(): 5       208515   compute11  {70-83,182-195}
[0] MPI startup(): 6       208516   compute11  {84-97,196-209}
[0] MPI startup(): 7       208517   compute11  {98-111,210-223}
[0] MPI startup(): 8       104950   compute12  {0-13,112-125}
[0] MPI startup(): 9       104951   compute12  {14-27,126-139}
[0] MPI startup(): 10      104952   compute12  {28-41,140-153}
[0] MPI startup(): 11      104953   compute12  {42-55,154-167}
[0] MPI startup(): 12      104954   compute12  {56-69,168-181}
[0] MPI startup(): 13      104955   compute12  {70-83,182-195}
[0] MPI startup(): 14      104956   compute12  {84-97,196-209}
[0] MPI startup(): 15      104957   compute12  {98-111,210-223}
[0] MPI startup(): 16      199670   compute13  {0-13,112-125}
[0] MPI startup(): 17      199671   compute13  {14-27,126-139}
[0] MPI startup(): 18      199672   compute13  {28-41,140-153}
[0] MPI startup(): 19      199673   compute13  {42-55,154-167}
[0] MPI startup(): 20      199674   compute13  {56-69,168-181}
[0] MPI startup(): 21      199675   compute13  {70-83,182-195}
[0] MPI startup(): 22      199676   compute13  {84-97,196-209}
[0] MPI startup(): 23      199677   compute13  {98-111,210-223}
[0] MPI startup(): 24      109515   compute14  {0-13,112-125}
[0] MPI startup(): 25      109516   compute14  {14-27,126-139}
[0] MPI startup(): 26      109517   compute14  {28-41,140-153}
[0] MPI startup(): 27      109518   compute14  {42-55,154-167}
[0] MPI startup(): 28      109519   compute14  {56-69,168-181}
[0] MPI startup(): 29      109520   compute14  {70-83,182-195}
[0] MPI startup(): 30      109521   compute14  {84-97,196-209}
[0] MPI startup(): 31      109522   compute14  {98-111,210-223}
[0] MPI startup(): 32      190527   compute21  {0-13,112-125}
[0] MPI startup(): 33      190528   compute21  {14-27,126-139}
[0] MPI startup(): 34      190529   compute21  {28-41,140-153}
[0] MPI startup(): 35      190530   compute21  {42-55,154-167}
[0] MPI startup(): 36      190531   compute21  {56-69,168-181}
[0] MPI startup(): 37      190532   compute21  {70-83,182-195}
[0] MPI startup(): 38      190533   compute21  {84-97,196-209}
[0] MPI startup(): 39      190534   compute21  {98-111,210-223}
[0] MPI startup(): 40      201307   compute22  {0-13,112-125}
[0] MPI startup(): 41      201308   compute22  {14-27,126-139}
[0] MPI startup(): 42      201309   compute22  {28-41,140-153}
[0] MPI startup(): 43      201310   compute22  {42-55,154-167}
[0] MPI startup(): 44      201311   compute22  {56-69,168-181}
[0] MPI startup(): 45      201312   compute22  {70-83,182-195}
[0] MPI startup(): 46      201313   compute22  {84-97,196-209}
[0] MPI startup(): 47      201314   compute22  {98-111,210-223}
[0] MPI startup(): 48      53265    compute23  {0-13,112-125}
[0] MPI startup(): 49      53266    compute23  {14-27,126-139}
[0] MPI startup(): 50      53267    compute23  {28-41,140-153}
[0] MPI startup(): 51      53268    compute23  {42-55,154-167}
[0] MPI startup(): 52      53269    compute23  {56-69,168-181}
[0] MPI startup(): 53      53270    compute23  {70-83,182-195}
[0] MPI startup(): 54      53271    compute23  {84-97,196-209}
[0] MPI startup(): 55      53272    compute23  {98-111,210-223}
[0] MPI startup(): 56      145308   compute31  {0-13,112-125}
[0] MPI startup(): 57      145309   compute31  {14-27,126-139}
[0] MPI startup(): 58      145310   compute31  {28-41,140-153}
[0] MPI startup(): 59      145311   compute31  {42-55,154-167}
[0] MPI startup(): 60      145312   compute31  {56-69,168-181}
[0] MPI startup(): 61      145313   compute31  {70-83,182-195}
[0] MPI startup(): 62      145314   compute31  {84-97,196-209}
[0] MPI startup(): 63      145315   compute31  {98-111,210-223}
[0] MPI startup(): 64      149241   compute33  {0-13,112-125}
[0] MPI startup(): 65      149242   compute33  {14-27,126-139}
[0] MPI startup(): 66      149243   compute33  {28-41,140-153}
[0] MPI startup(): 67      149244   compute33  {42-55,154-167}
[0] MPI startup(): 68      149245   compute33  {56-69,168-181}
[0] MPI startup(): 69      149246   compute33  {70-83,182-195}
[0] MPI startup(): 70      149247   compute33  {84-97,196-209}
[0] MPI startup(): 71      149248   compute33  {98-111,210-223}
[0] MPI startup(): 72      17149    compute34  {0-13,112-125}
[0] MPI startup(): 73      17150    compute34  {14-27,126-139}
[0] MPI startup(): 74      17151    compute34  {28-41,140-153}
[0] MPI startup(): 75      17152    compute34  {42-55,154-167}
[0] MPI startup(): 76      17153    compute34  {56-69,168-181}
[0] MPI startup(): 77      17154    compute34  {70-83,182-195}
[0] MPI startup(): 78      17155    compute34  {84-97,196-209}
[0] MPI startup(): 79      17156    compute34  {98-111,210-223}
[0] MPI startup(): I_MPI_ROOT=/install/software/oneAPI/2025.2/mpi/2021.16
[0] MPI startup(): ONEAPI_ROOT=/install/software/oneAPI/2025.2
[0] MPI startup(): I_MPI_MPIRUN=mpirun
[0] MPI startup(): I_MPI_BIND_WIN_ALLOCATE=localalloc
[0] MPI startup(): I_MPI_HYDRA_TOPOLIB=ipl2
[0] MPI startup(): I_MPI_HYDRA_BOOTSTRAP=slurm
[0] MPI startup(): I_MPI_OFFLOAD_DOMAIN_SIZE=1
[0] MPI startup(): I_MPI_OFFLOAD_CELL=tile
[0] MPI startup(): I_MPI_RETURN_WIN_MEM_NUMA=0
[0] MPI startup(): I_MPI_INTERNAL_MEM_POLICY=default
[0] MPI startup(): I_MPI_OFFLOAD_TOPOLIB=level_zero
[0] MPI startup(): I_MPI_OFFLOAD=1
[0] MPI startup(): I_MPI_OFFLOAD_CBWR=0
[0] MPI startup(): I_MPI_OFFLOAD_PIPELINE=0
[0] MPI startup(): I_MPI_OFFLOAD_FAST_MEMCPY_COLL=1
[0] MPI startup(): I_MPI_OFFLOAD_RDMA=1
[0] MPI startup(): I_MPI_OFFLOAD_RDMA_THRESHOLD=0
[0] MPI startup(): I_MPI_INFO_GPU_ID_LOCAL_MAP=0,0,1,1,2,2,3,3
[0] MPI startup(): I_MPI_INFO_GPU_TILE_ID_LOCAL_MAP=0,1,2,3,4,5,6,7
[0] MPI startup(): I_MPI_OFI_PROVIDER=psm3
[0] MPI startup(): I_MPI_DEBUG=5
---
 Reference Paper             : The Journal of Chemical Physics 137, 134108 (2012)
 Version Number              : PSolver 1.10
 Timestamp of this run       : 2025-11-27 01:52:24.180
 Root process Hostname       : compute11
  #------------------------------------------------------------------- Kernel Initialization
 Poisson Kernel Initialization:
    #---------------------------------------------------------------------- Input parameters
   setup:
  #------------------------------------------------------------------- Kernel Initialization
 Poisson Kernel Initialization:
    #---------------------------------------------------------------------- Input parameters
   setup:
     accel                             : DBFFT #  Material Acceleration
  #------------------------------------------------------------------- Kernel Initialization
 Poisson Kernel Initialization:
    #---------------------------------------------------------------------- Input parameters
   setup:
     accel                             : DBFFT #  Material Acceleration
     accel                             : DBFFT #  Material Acceleration
     use_gpu_direct                    : Yes #    Force (or not) the usage of GPUdirect communication, if available
     verbose                           : Yes #    Verbosity switch
  #------------------------------------------------------------------- Kernel Initialization
 Poisson Kernel Initialization:
    #---------------------------------------------------------------------- Input parameters
   setup:
     accel                             : DBFFT #  Material Acceleration
     use_gpu_direct                    : Yes #    Force (or not) the usage of GPUdirect communication, if available
     verbose                           : Yes #    Verbosity switch
     keep_gpu_memory                   : Yes #    Do not deallocate GPU memory at each call of the (G)PS routine
  #------------------------------------------------------------------- Kernel Initialization
 Poisson Kernel Initialization:
    #---------------------------------------------------------------------- Input parameters
   setup:
     use_gpu_direct                    : Yes #    Force (or not) the usage of GPUdirect communication, if available
     verbose                           : Yes #    Verbosity switch
     keep_gpu_memory                   : Yes #    Do not deallocate GPU memory at each call of the (G)PS routine
     taskgroup_size                    : 0 #      Size of the taskgroups of the Poisson Solver
     global_data                       : No #     Charge density and Electrostatic potential are given by global arrays
  #------------------------------------------------------------------- Kernel Initialization
 Poisson Kernel Initialization:
    #---------------------------------------------------------------------- Input parameters
   setup:
     accel                             : DBFFT #  Material Acceleration
     use_gpu_direct                    : Yes #    Force (or not) the usage of GPUdirect communication, if available
     verbose                           : Yes #    Verbosity switch
     keep_gpu_memory                   : Yes #    Do not deallocate GPU memory at each call of the (G)PS routine
  #------------------------------------------------------------------- Kernel Initialization
 Poisson Kernel Initialization:
    #---------------------------------------------------------------------- Input parameters
   setup:
     accel                             : DBFFT #  Material Acceleration
  #------------------------------------------------------------------- Kernel Initialization
 Poisson Kernel Initialization:
    #---------------------------------------------------------------------- Input parameters
   setup:
     accel                             : DBFFT #  Material Acceleration
     use_gpu_direct                    : Yes #    Force (or not) the usage of GPUdirect communication, if available
     use_gpu_direct                    : Yes #    Force (or not) the usage of GPUdirect communication, if available
     verbose                           : Yes #    Verbosity switch
     keep_gpu_memory                   : Yes #    Do not deallocate GPU memory at each call of the (G)PS routine
     taskgroup_size                    : 0 #      Size of the taskgroups of the Poisson Solver
     global_data                       : No #     Charge density and Electrostatic potential are given by global arrays
     output                            : none #   Quantities to be plotted after the main solver routine
   kernel:
  #------------------------------------------------------------------- Kernel Initialization
 Poisson Kernel Initialization:
    #---------------------------------------------------------------------- Input parameters
   setup:
     accel                             : DBFFT #  Material Acceleration
  #------------------------------------------------------------------- Kernel Initialization
 Poisson Kernel Initialization:
    #---------------------------------------------------------------------- Input parameters
   setup:
     accel                             : DBFFT #  Material Acceleration
     use_gpu_direct                    : Yes #    Force (or not) the usage of GPUdirect communication, if available
     verbose                           : Yes #    Verbosity switch
     keep_gpu_memory                   : Yes #    Do not deallocate GPU memory at each call of the (G)PS routine
  #------------------------------------------------------------------- Kernel Initialization
 Poisson Kernel Initialization:
    #---------------------------------------------------------------------- Input parameters
   setup:
  #------------------------------------------------------------------- Kernel Initialization
 Poisson Kernel Initialization:
    #---------------------------------------------------------------------- Input parameters
   setup:
     accel                             : DBFFT #  Material Acceleration
     use_gpu_direct                    : Yes #    Force (or not) the usage of GPUdirect communication, if available
     verbose                           : Yes #    Verbosity switch
  #------------------------------------------------------------------- Kernel Initialization
 Poisson Kernel Initialization:
    #---------------------------------------------------------------------- Input parameters
   setup:
     accel                             : DBFFT #  Material Acceleration
     use_gpu_direct                    : Yes #    Force (or not) the usage of GPUdirect communication, if available
     verbose                           : Yes #    Verbosity switch
     keep_gpu_memory                   : Yes #    Do not deallocate GPU memory at each call of the (G)PS routine
     taskgroup_size                    : 0 #      Size of the taskgroups of the Poisson Solver
     global_data                       : No #     Charge density and Electrostatic potential are given by global arrays
  #------------------------------------------------------------------- Kernel Initialization
 Poisson Kernel Initialization:
    #---------------------------------------------------------------------- Input parameters
   setup:
     accel                             : DBFFT #  Material Acceleration
     use_gpu_direct                    : Yes #    Force (or not) the usage of GPUdirect communication, if available
  #------------------------------------------------------------------- Kernel Initialization
 Poisson Kernel Initialization:
    #---------------------------------------------------------------------- Input parameters
   setup:
     accel                             : DBFFT #  Material Acceleration
     use_gpu_direct                    : Yes #    Force (or not) the usage of GPUdirect communication, if available
     verbose                           : Yes #    Verbosity switch
  #------------------------------------------------------------------- Kernel Initialization
 Poisson Kernel Initialization:
    #---------------------------------------------------------------------- Input parameters
   setup:
     accel                             : DBFFT #  Material Acceleration
     use_gpu_direct                    : Yes #    Force (or not) the usage of GPUdirect communication, if available
     verbose                           : Yes #    Verbosity switch
     keep_gpu_memory                   : Yes #    Do not deallocate GPU memory at each call of the (G)PS routine
  #------------------------------------------------------------------- Kernel Initialization
 Poisson Kernel Initialization:
    #---------------------------------------------------------------------- Input parameters
   setup:
     accel                             : DBFFT #  Material Acceleration
     use_gpu_direct                    : Yes #    Force (or not) the usage of GPUdirect communication, if available
     verbose                           : Yes #    Verbosity switch
     keep_gpu_memory                   : Yes #    Do not deallocate GPU memory at each call of the (G)PS routine
  #------------------------------------------------------------------- Kernel Initialization
 Poisson Kernel Initialization:
    #---------------------------------------------------------------------- Input parameters
   setup:
     accel                             : DBFFT #  Material Acceleration
     use_gpu_direct                    : Yes #    Force (or not) the usage of GPUdirect communication, if available
     verbose                           : Yes #    Verbosity switch
  #------------------------------------------------------------------- Kernel Initialization
 Poisson Kernel Initialization:
    #---------------------------------------------------------------------- Input parameters
   setup:
     accel                             : DBFFT #  Material Acceleration
     use_gpu_direct                    : Yes #    Force (or not) the usage of GPUdirect communication, if available
     verbose                           : Yes #    Verbosity switch
     keep_gpu_memory                   : Yes #    Do not deallocate GPU memory at each call of the (G)PS routine
  #------------------------------------------------------------------- Kernel Initialization
 Poisson Kernel Initialization:
    #---------------------------------------------------------------------- Input parameters
   setup:
  #------------------------------------------------------------------- Kernel Initialization
 Poisson Kernel Initialization:
    #---------------------------------------------------------------------- Input parameters
   setup:
     accel                             : DBFFT #  Material Acceleration
     use_gpu_direct                    : Yes #    Force (or not) the usage of GPUdirect communication, if available
     verbose                           : Yes #    Verbosity switch
     keep_gpu_memory                   : Yes #    Do not deallocate GPU memory at each call of the (G)PS routine
     taskgroup_size                    : 0 #      Size of the taskgroups of the Poisson Solver
     global_data                       : No #     Charge density and Electrostatic potential are given by global arrays
     output                            : none #   Quantities to be plotted after the main solver routine
   kernel:
  #------------------------------------------------------------------- Kernel Initialization
 Poisson Kernel Initialization:
    #---------------------------------------------------------------------- Input parameters
   setup:
     accel                             : DBFFT #  Material Acceleration
     use_gpu_direct                    : Yes #    Force (or not) the usage of GPUdirect communication, if available
     verbose                           : Yes #    Verbosity switch
     keep_gpu_memory                   : Yes #    Do not deallocate GPU memory at each call of the (G)PS routine
     taskgroup_size                    : 0 #      Size of the taskgroups of the Poisson Solver
  #------------------------------------------------------------------- Kernel Initialization
 Poisson Kernel Initialization:
    #---------------------------------------------------------------------- Input parameters
   setup:
     accel                             : DBFFT #  Material Acceleration
     use_gpu_direct                    : Yes #    Force (or not) the usage of GPUdirect communication, if available
     verbose                           : Yes #    Verbosity switch
     keep_gpu_memory                   : Yes #    Do not deallocate GPU memory at each call of the (G)PS routine
     taskgroup_size                    : 0 #      Size of the taskgroups of the Poisson Solver
     global_data                       : No #     Charge density and Electrostatic potential are given by global arrays
     output                            : none #   Quantities to be plotted after the main solver routine
   kernel:
     screening                         : 0 #      Mu screening parameter
     isf_order                         : 16 #     Order of the Interpolating Scaling Function family
  #------------------------------------------------------------------- Kernel Initialization
 Poisson Kernel Initialization:
    #---------------------------------------------------------------------- Input parameters
   setup:
     accel                             : DBFFT #  Material Acceleration
     use_gpu_direct                    : Yes #    Force (or not) the usage of GPUdirect communication, if available
     verbose                           : Yes #    Verbosity switch
     keep_gpu_memory                   : Yes #    Do not deallocate GPU memory at each call of the (G)PS routine
     taskgroup_size                    : 0 #      Size of the taskgroups of the Poisson Solver
  #------------------------------------------------------------------- Kernel Initialization
 Poisson Kernel Initialization:
    #---------------------------------------------------------------------- Input parameters
   setup:
     accel                             : DBFFT #  Material Acceleration
     use_gpu_direct                    : Yes #    Force (or not) the usage of GPUdirect communication, if available
     verbose                           : Yes #    Verbosity switch
     keep_gpu_memory                   : Yes #    Do not deallocate GPU memory at each call of the (G)PS routine
     taskgroup_size                    : 0 #      Size of the taskgroups of the Poisson Solver
     global_data                       : No #     Charge density and Electrostatic potential are given by global arrays
  #------------------------------------------------------------------- Kernel Initialization
 Poisson Kernel Initialization:
    #---------------------------------------------------------------------- Input parameters
   setup:
     accel                             : DBFFT #  Material Acceleration
     use_gpu_direct                    : Yes #    Force (or not) the usage of GPUdirect communication, if available
     verbose                           : Yes #    Verbosity switch
     keep_gpu_memory                   : Yes #    Do not deallocate GPU memory at each call of the (G)PS routine
  #------------------------------------------------------------------- Kernel Initialization
 Poisson Kernel Initialization:
    #---------------------------------------------------------------------- Input parameters
   setup:
     accel                             : DBFFT #  Material Acceleration
  #------------------------------------------------------------------- Kernel Initialization
 Poisson Kernel Initialization:
    #---------------------------------------------------------------------- Input parameters
   setup:
  #------------------------------------------------------------------- Kernel Initialization
 Poisson Kernel Initialization:
    #---------------------------------------------------------------------- Input parameters
   setup:
     accel                             : DBFFT #  Material Acceleration
     use_gpu_direct                    : Yes #    Force (or not) the usage of GPUdirect communication, if available
     verbose                           : Yes #    Verbosity switch
     keep_gpu_memory                   : Yes #    Do not deallocate GPU memory at each call of the (G)PS routine
     taskgroup_size                    : 0 #      Size of the taskgroups of the Poisson Solver
  #------------------------------------------------------------------- Kernel Initialization
 Poisson Kernel Initialization:
    #---------------------------------------------------------------------- Input parameters
   setup:
     accel                             : DBFFT #  Material Acceleration
     use_gpu_direct                    : Yes #    Force (or not) the usage of GPUdirect communication, if available
     verbose                           : Yes #    Verbosity switch
     keep_gpu_memory                   : Yes #    Do not deallocate GPU memory at each call of the (G)PS routine
     taskgroup_size                    : 0 #      Size of the taskgroups of the Poisson Solver
     global_data                       : No #     Charge density and Electrostatic potential are given by global arrays
     output                            : none #   Quantities to be plotted after the main solver routine
   kernel:
     screening                         : 0 #      Mu screening parameter
     isf_order                         : 16 #     Order of the Interpolating Scaling Function family
     stress_tensor                     : Yes #    Triggers the calculation of the stress tensor
   environment:
     cavity                            : none #   Type of the cavity
     fd_order                          : 16 #     Order of the Finite-difference derivatives for the GPS solver
  #------------------------------------------------------------------- Kernel Initialization
 Poisson Kernel Initialization:
    #---------------------------------------------------------------------- Input parameters
   setup:
     accel                             : DBFFT #  Material Acceleration
     use_gpu_direct                    : Yes #    Force (or not) the usage of GPUdirect communication, if available
     verbose                           : Yes #    Verbosity switch
     keep_gpu_memory                   : Yes #    Do not deallocate GPU memory at each call of the (G)PS routine
     taskgroup_size                    : 0 #      Size of the taskgroups of the Poisson Solver
  #------------------------------------------------------------------- Kernel Initialization
 Poisson Kernel Initialization:
    #---------------------------------------------------------------------- Input parameters
   setup:
     accel                             : DBFFT #  Material Acceleration
     use_gpu_direct                    : Yes #    Force (or not) the usage of GPUdirect communication, if available
     verbose                           : Yes #    Verbosity switch
     keep_gpu_memory                   : Yes #    Do not deallocate GPU memory at each call of the (G)PS routine
     taskgroup_size                    : 0 #      Size of the taskgroups of the Poisson Solver
     global_data                       : No #     Charge density and Electrostatic potential are given by global arrays
     output                            : none #   Quantities to be plotted after the main solver routine
   kernel:
     screening                         : 0 #      Mu screening parameter
     isf_order                         : 16 #     Order of the Interpolating Scaling Function family
     stress_tensor                     : Yes #    Triggers the calculation of the stress tensor
   environment:
     cavity                            : none #   Type of the cavity
     fd_order                          : 16 #     Order of the Finite-difference derivatives for the GPS solver
     itermax                           : 200 #    Maximum number of iterations of the GPS outer loop
  #------------------------------------------------------------------- Kernel Initialization
 Poisson Kernel Initialization:
    #---------------------------------------------------------------------- Input parameters
   setup:
     accel                             : DBFFT #  Material Acceleration
     use_gpu_direct                    : Yes #    Force (or not) the usage of GPUdirect communication, if available
     verbose                           : Yes #    Verbosity switch
     keep_gpu_memory                   : Yes #    Do not deallocate GPU memory at each call of the (G)PS routine
     taskgroup_size                    : 0 #      Size of the taskgroups of the Poisson Solver
     global_data                       : No #     Charge density and Electrostatic potential are given by global arrays
  #------------------------------------------------------------------- Kernel Initialization
 Poisson Kernel Initialization:
    #---------------------------------------------------------------------- Input parameters
   setup:
     accel                             : DBFFT #  Material Acceleration
     use_gpu_direct                    : Yes #    Force (or not) the usage of GPUdirect communication, if available
     verbose                           : Yes #    Verbosity switch
     keep_gpu_memory                   : Yes #    Do not deallocate GPU memory at each call of the (G)PS routine
     taskgroup_size                    : 0 #      Size of the taskgroups of the Poisson Solver
     global_data                       : No #     Charge density and Electrostatic potential are given by global arrays
     output                            : none #   Quantities to be plotted after the main solver routine
   kernel:
     screening                         : 0 #      Mu screening parameter
     isf_order                         : 16 #     Order of the Interpolating Scaling Function family
  #------------------------------------------------------------------- Kernel Initialization
 Poisson Kernel Initialization:
    #---------------------------------------------------------------------- Input parameters
   setup:
     accel                             : DBFFT #  Material Acceleration
     use_gpu_direct                    : Yes #    Force (or not) the usage of GPUdirect communication, if available
     verbose                           : Yes #    Verbosity switch
     keep_gpu_memory                   : Yes #    Do not deallocate GPU memory at each call of the (G)PS routine
  #------------------------------------------------------------------- Kernel Initialization
 Poisson Kernel Initialization:
    #---------------------------------------------------------------------- Input parameters
   setup:
     accel                             : DBFFT #  Material Acceleration
     use_gpu_direct                    : Yes #    Force (or not) the usage of GPUdirect communication, if available
     verbose                           : Yes #    Verbosity switch
  #------------------------------------------------------------------- Kernel Initialization
 Poisson Kernel Initialization:
    #---------------------------------------------------------------------- Input parameters
   setup:
     accel                             : DBFFT #  Material Acceleration
     use_gpu_direct                    : Yes #    Force (or not) the usage of GPUdirect communication, if available
     verbose                           : Yes #    Verbosity switch
     keep_gpu_memory                   : Yes #    Do not deallocate GPU memory at each call of the (G)PS routine
     taskgroup_size                    : 0 #      Size of the taskgroups of the Poisson Solver
     global_data                       : No #     Charge density and Electrostatic potential are given by global arrays
  #------------------------------------------------------------------- Kernel Initialization
 Poisson Kernel Initialization:
    #---------------------------------------------------------------------- Input parameters
   setup:
     accel                             : DBFFT #  Material Acceleration
     use_gpu_direct                    : Yes #    Force (or not) the usage of GPUdirect communication, if available
     verbose                           : Yes #    Verbosity switch
     keep_gpu_memory                   : Yes #    Do not deallocate GPU memory at each call of the (G)PS routine
     taskgroup_size                    : 0 #      Size of the taskgroups of the Poisson Solver
     global_data                       : No #     Charge density and Electrostatic potential are given by global arrays
     output                            : none #   Quantities to be plotted after the main solver routine
   kernel:
     screening                         : 0 #      Mu screening parameter
     isf_order                         : 16 #     Order of the Interpolating Scaling Function family
     stress_tensor                     : Yes #    Triggers the calculation of the stress tensor
   environment:
     cavity                            : none #   Type of the cavity
  #------------------------------------------------------------------- Kernel Initialization
 Poisson Kernel Initialization:
    #---------------------------------------------------------------------- Input parameters
   setup:
     accel                             : DBFFT #  Material Acceleration
     use_gpu_direct                    : Yes #    Force (or not) the usage of GPUdirect communication, if available
     verbose                           : Yes #    Verbosity switch
     keep_gpu_memory                   : Yes #    Do not deallocate GPU memory at each call of the (G)PS routine
     taskgroup_size                    : 0 #      Size of the taskgroups of the Poisson Solver
     global_data                       : No #     Charge density and Electrostatic potential are given by global arrays
  #------------------------------------------------------------------- Kernel Initialization
 Poisson Kernel Initialization:
    #---------------------------------------------------------------------- Input parameters
   setup:
     accel                             : DBFFT #  Material Acceleration
     use_gpu_direct                    : Yes #    Force (or not) the usage of GPUdirect communication, if available
     verbose                           : Yes #    Verbosity switch
     keep_gpu_memory                   : Yes #    Do not deallocate GPU memory at each call of the (G)PS routine
     taskgroup_size                    : 0 #      Size of the taskgroups of the Poisson Solver
     global_data                       : No #     Charge density and Electrostatic potential are given by global arrays
     output                            : none #   Quantities to be plotted after the main solver routine
   kernel:
     use_gpu_direct                    : Yes #    Force (or not) the usage of GPUdirect communication, if available
     verbose                           : Yes #    Verbosity switch
     keep_gpu_memory                   : Yes #    Do not deallocate GPU memory at each call of the (G)PS routine
     taskgroup_size                    : 0 #      Size of the taskgroups of the Poisson Solver
     global_data                       : No #     Charge density and Electrostatic potential are given by global arrays
     output                            : none #   Quantities to be plotted after the main solver routine
  #------------------------------------------------------------------- Kernel Initialization
 Poisson Kernel Initialization:
    #---------------------------------------------------------------------- Input parameters
   setup:
     accel                             : DBFFT #  Material Acceleration
     use_gpu_direct                    : Yes #    Force (or not) the usage of GPUdirect communication, if available
     verbose                           : Yes #    Verbosity switch
     keep_gpu_memory                   : Yes #    Do not deallocate GPU memory at each call of the (G)PS routine
     taskgroup_size                    : 0 #      Size of the taskgroups of the Poisson Solver
     global_data                       : No #     Charge density and Electrostatic potential are given by global arrays
     output                            : none #   Quantities to be plotted after the main solver routine
   kernel:
     screening                         : 0 #      Mu screening parameter
     isf_order                         : 16 #     Order of the Interpolating Scaling Function family
     stress_tensor                     : Yes #    Triggers the calculation of the stress tensor
   environment:
     cavity                            : none #   Type of the cavity
     fd_order                          : 16 #     Order of the Finite-difference derivatives for the GPS solver
     itermax                           : 200 #    Maximum number of iterations of the GPS outer loop
  #------------------------------------------------------------------- Kernel Initialization
 Poisson Kernel Initialization:
    #---------------------------------------------------------------------- Input parameters
   setup:
     accel                             : DBFFT #  Material Acceleration
     use_gpu_direct                    : Yes #    Force (or not) the usage of GPUdirect communication, if available
     verbose                           : Yes #    Verbosity switch
     keep_gpu_memory                   : Yes #    Do not deallocate GPU memory at each call of the (G)PS routine
     taskgroup_size                    : 0 #      Size of the taskgroups of the Poisson Solver
  #------------------------------------------------------------------- Kernel Initialization
 Poisson Kernel Initialization:
    #---------------------------------------------------------------------- Input parameters
   setup:
     accel                             : DBFFT #  Material Acceleration
     use_gpu_direct                    : Yes #    Force (or not) the usage of GPUdirect communication, if available
     verbose                           : Yes #    Verbosity switch
     keep_gpu_memory                   : Yes #    Do not deallocate GPU memory at each call of the (G)PS routine
     taskgroup_size                    : 0 #      Size of the taskgroups of the Poisson Solver
  #------------------------------------------------------------------- Kernel Initialization
 Poisson Kernel Initialization:
    #---------------------------------------------------------------------- Input parameters
   setup:
     accel                             : DBFFT #  Material Acceleration
     use_gpu_direct                    : Yes #    Force (or not) the usage of GPUdirect communication, if available
     verbose                           : Yes #    Verbosity switch
     keep_gpu_memory                   : Yes #    Do not deallocate GPU memory at each call of the (G)PS routine
     taskgroup_size                    : 0 #      Size of the taskgroups of the Poisson Solver
     global_data                       : No #     Charge density and Electrostatic potential are given by global arrays
     output                            : none #   Quantities to be plotted after the main solver routine
  #------------------------------------------------------------------- Kernel Initialization
 Poisson Kernel Initialization:
    #---------------------------------------------------------------------- Input parameters
   setup:
     accel                             : DBFFT #  Material Acceleration
     use_gpu_direct                    : Yes #    Force (or not) the usage of GPUdirect communication, if available
     verbose                           : Yes #    Verbosity switch
     keep_gpu_memory                   : Yes #    Do not deallocate GPU memory at each call of the (G)PS routine
     output                            : none #   Quantities to be plotted after the main solver routine
   kernel:
     screening                         : 0 #      Mu screening parameter
     isf_order                         : 16 #     Order of the Interpolating Scaling Function family
     stress_tensor                     : Yes #    Triggers the calculation of the stress tensor
   environment:
     cavity                            : none #   Type of the cavity
     fd_order                          : 16 #     Order of the Finite-difference derivatives for the GPS solver
     itermax                           : 200 #    Maximum number of iterations of the GPS outer loop
     minres                            : 1.e-8 #  Convergence threshold of the loop
  #------------------------------------------------------------------- Kernel Initialization
 Poisson Kernel Initialization:
    #---------------------------------------------------------------------- Input parameters
   setup:
     accel                             : DBFFT #  Material Acceleration
     use_gpu_direct                    : Yes #    Force (or not) the usage of GPUdirect communication, if available
     verbose                           : Yes #    Verbosity switch
     keep_gpu_memory                   : Yes #    Do not deallocate GPU memory at each call of the (G)PS routine
     taskgroup_size                    : 0 #      Size of the taskgroups of the Poisson Solver
     global_data                       : No #     Charge density and Electrostatic potential are given by global arrays
     output                            : none #   Quantities to be plotted after the main solver routine
   kernel:
  #------------------------------------------------------------------- Kernel Initialization
 Poisson Kernel Initialization:
    #---------------------------------------------------------------------- Input parameters
   setup:
     accel                             : DBFFT #  Material Acceleration
     use_gpu_direct                    : Yes #    Force (or not) the usage of GPUdirect communication, if available
     verbose                           : Yes #    Verbosity switch
     keep_gpu_memory                   : Yes #    Do not deallocate GPU memory at each call of the (G)PS routine
     taskgroup_size                    : 0 #      Size of the taskgroups of the Poisson Solver
     global_data                       : No #     Charge density and Electrostatic potential are given by global arrays
     output                            : none #   Quantities to be plotted after the main solver routine
   kernel:
     screening                         : 0 #      Mu screening parameter
     isf_order                         : 16 #     Order of the Interpolating Scaling Function family
     stress_tensor                     : Yes #    Triggers the calculation of the stress tensor
   environment:
     cavity                            : none #   Type of the cavity
     fd_order                          : 16 #     Order of the Finite-difference derivatives for the GPS solver
     itermax                           : 200 #    Maximum number of iterations of the GPS outer loop
     minres                            : 1.e-8 #  Convergence threshold of the loop
     taskgroup_size                    : 0 #      Size of the taskgroups of the Poisson Solver
     global_data                       : No #     Charge density and Electrostatic potential are given by global arrays
     output                            : none #   Quantities to be plotted after the main solver routine
   kernel:
     screening                         : 0 #      Mu screening parameter
  #------------------------------------------------------------------- Kernel Initialization
 Poisson Kernel Initialization:
    #---------------------------------------------------------------------- Input parameters
   setup:
     accel                             : DBFFT #  Material Acceleration
     use_gpu_direct                    : Yes #    Force (or not) the usage of GPUdirect communication, if available
     verbose                           : Yes #    Verbosity switch
     keep_gpu_memory                   : Yes #    Do not deallocate GPU memory at each call of the (G)PS routine
     taskgroup_size                    : 0 #      Size of the taskgroups of the Poisson Solver
     global_data                       : No #     Charge density and Electrostatic potential are given by global arrays
     output                            : none #   Quantities to be plotted after the main solver routine
   kernel:
     screening                         : 0 #      Mu screening parameter
     isf_order                         : 16 #     Order of the Interpolating Scaling Function family
     stress_tensor                     : Yes #    Triggers the calculation of the stress tensor
   environment:
     cavity                            : none #   Type of the cavity
     fd_order                          : 16 #     Order of the Finite-difference derivatives for the GPS solver
     itermax                           : 200 #    Maximum number of iterations of the GPS outer loop
     minres                            : 1.e-8 #  Convergence threshold of the loop
  #------------------------------------------------------------------- Kernel Initialization
 Poisson Kernel Initialization:
    #---------------------------------------------------------------------- Input parameters
   setup:
     accel                             : DBFFT #  Material Acceleration
     use_gpu_direct                    : Yes #    Force (or not) the usage of GPUdirect communication, if available
     verbose                           : Yes #    Verbosity switch
     keep_gpu_memory                   : Yes #    Do not deallocate GPU memory at each call of the (G)PS routine
  #------------------------------------------------------------------- Kernel Initialization
 Poisson Kernel Initialization:
    #---------------------------------------------------------------------- Input parameters
   setup:
     accel                             : DBFFT #  Material Acceleration
     use_gpu_direct                    : Yes #    Force (or not) the usage of GPUdirect communication, if available
     verbose                           : Yes #    Verbosity switch
     keep_gpu_memory                   : Yes #    Do not deallocate GPU memory at each call of the (G)PS routine
     taskgroup_size                    : 0 #      Size of the taskgroups of the Poisson Solver
     global_data                       : No #     Charge density and Electrostatic potential are given by global arrays
     output                            : none #   Quantities to be plotted after the main solver routine
  #------------------------------------------------------------------- Kernel Initialization
 Poisson Kernel Initialization:
    #---------------------------------------------------------------------- Input parameters
   setup:
     accel                             : DBFFT #  Material Acceleration
     use_gpu_direct                    : Yes #    Force (or not) the usage of GPUdirect communication, if available
     verbose                           : Yes #    Verbosity switch
     keep_gpu_memory                   : Yes #    Do not deallocate GPU memory at each call of the (G)PS routine
     taskgroup_size                    : 0 #      Size of the taskgroups of the Poisson Solver
     global_data                       : No #     Charge density and Electrostatic potential are given by global arrays
  #------------------------------------------------------------------- Kernel Initialization
 Poisson Kernel Initialization:
    #---------------------------------------------------------------------- Input parameters
   setup:
     accel                             : DBFFT #  Material Acceleration
     use_gpu_direct                    : Yes #    Force (or not) the usage of GPUdirect communication, if available
     verbose                           : Yes #    Verbosity switch
     keep_gpu_memory                   : Yes #    Do not deallocate GPU memory at each call of the (G)PS routine
     taskgroup_size                    : 0 #      Size of the taskgroups of the Poisson Solver
     global_data                       : No #     Charge density and Electrostatic potential are given by global arrays
     output                            : none #   Quantities to be plotted after the main solver routine
  #------------------------------------------------------------------- Kernel Initialization
 Poisson Kernel Initialization:
    #---------------------------------------------------------------------- Input parameters
   setup:
     accel                             : DBFFT #  Material Acceleration
     use_gpu_direct                    : Yes #    Force (or not) the usage of GPUdirect communication, if available
     verbose                           : Yes #    Verbosity switch
     keep_gpu_memory                   : Yes #    Do not deallocate GPU memory at each call of the (G)PS routine
     taskgroup_size                    : 0 #      Size of the taskgroups of the Poisson Solver
     global_data                       : No #     Charge density and Electrostatic potential are given by global arrays
     taskgroup_size                    : 0 #      Size of the taskgroups of the Poisson Solver
     global_data                       : No #     Charge density and Electrostatic potential are given by global arrays
  #------------------------------------------------------------------- Kernel Initialization
 Poisson Kernel Initialization:
    #---------------------------------------------------------------------- Input parameters
   setup:
     accel                             : DBFFT #  Material Acceleration
     use_gpu_direct                    : Yes #    Force (or not) the usage of GPUdirect communication, if available
     verbose                           : Yes #    Verbosity switch
     keep_gpu_memory                   : Yes #    Do not deallocate GPU memory at each call of the (G)PS routine
     taskgroup_size                    : 0 #      Size of the taskgroups of the Poisson Solver
     global_data                       : No #     Charge density and Electrostatic potential are given by global arrays
     output                            : none #   Quantities to be plotted after the main solver routine
   kernel:
     screening                         : 0 #      Mu screening parameter
     isf_order                         : 16 #     Order of the Interpolating Scaling Function family
     stress_tensor                     : Yes #    Triggers the calculation of the stress tensor
   environment:
     cavity                            : none #   Type of the cavity
  #------------------------------------------------------------------- Kernel Initialization
 Poisson Kernel Initialization:
    #---------------------------------------------------------------------- Input parameters
   setup:
     accel                             : DBFFT #  Material Acceleration
     use_gpu_direct                    : Yes #    Force (or not) the usage of GPUdirect communication, if available
     verbose                           : Yes #    Verbosity switch
     keep_gpu_memory                   : Yes #    Do not deallocate GPU memory at each call of the (G)PS routine
     taskgroup_size                    : 0 #      Size of the taskgroups of the Poisson Solver
     global_data                       : No #     Charge density and Electrostatic potential are given by global arrays
     output                            : none #   Quantities to be plotted after the main solver routine
   kernel:
     screening                         : 0 #      Mu screening parameter
     isf_order                         : 16 #     Order of the Interpolating Scaling Function family
     stress_tensor                     : Yes #    Triggers the calculation of the stress tensor
   environment:
     cavity                            : none #   Type of the cavity
     fd_order                          : 16 #     Order of the Finite-difference derivatives for the GPS solver
     itermax                           : 200 #    Maximum number of iterations of the GPS outer loop
     minres                            : 1.e-8 #  Convergence threshold of the loop
     pb_method                         : none #   Defines the method for the Poisson Boltzmann Equation
     global_data                       : No #     Charge density and Electrostatic potential are given by global arrays
     output                            : none #   Quantities to be plotted after the main solver routine
   kernel:
     screening                         : 0 #      Mu screening parameter
  #------------------------------------------------------------------- Kernel Initialization
 Poisson Kernel Initialization:
    #---------------------------------------------------------------------- Input parameters
   setup:
     accel                             : DBFFT #  Material Acceleration
     use_gpu_direct                    : Yes #    Force (or not) the usage of GPUdirect communication, if available
     verbose                           : Yes #    Verbosity switch
     keep_gpu_memory                   : Yes #    Do not deallocate GPU memory at each call of the (G)PS routine
     taskgroup_size                    : 0 #      Size of the taskgroups of the Poisson Solver
     global_data                       : No #     Charge density and Electrostatic potential are given by global arrays
     output                            : none #   Quantities to be plotted after the main solver routine
   kernel:
     screening                         : 0 #      Mu screening parameter
     isf_order                         : 16 #     Order of the Interpolating Scaling Function family
     stress_tensor                     : Yes #    Triggers the calculation of the stress tensor
   environment:
     cavity                            : none #   Type of the cavity
     fd_order                          : 16 #     Order of the Finite-difference derivatives for the GPS solver
     itermax                           : 200 #    Maximum number of iterations of the GPS outer loop
     minres                            : 1.e-8 #  Convergence threshold of the loop
     pb_method                         : none #   Defines the method for the Poisson Boltzmann Equation
   MPI tasks                           :  1
   OpenMP threads per MPI task         :  28
  #------------------------------------------------------------------- Kernel Initialization
 Poisson Kernel Initialization:
    #---------------------------------------------------------------------- Input parameters
   setup:
     accel                             : DBFFT #  Material Acceleration
     use_gpu_direct                    : Yes #    Force (or not) the usage of GPUdirect communication, if available
     verbose                           : Yes #    Verbosity switch
     keep_gpu_memory                   : Yes #    Do not deallocate GPU memory at each call of the (G)PS routine
     taskgroup_size                    : 0 #      Size of the taskgroups of the Poisson Solver
     use_gpu_direct                    : Yes #    Force (or not) the usage of GPUdirect communication, if available
     verbose                           : Yes #    Verbosity switch
     keep_gpu_memory                   : Yes #    Do not deallocate GPU memory at each call of the (G)PS routine
     taskgroup_size                    : 0 #      Size of the taskgroups of the Poisson Solver
     global_data                       : No #     Charge density and Electrostatic potential are given by global arrays
     output                            : none #   Quantities to be plotted after the main solver routine
   kernel:
     screening                         : 0 #      Mu screening parameter
  #------------------------------------------------------------------- Kernel Initialization
 Poisson Kernel Initialization:
    #---------------------------------------------------------------------- Input parameters
   setup:
     accel                             : DBFFT #  Material Acceleration
     use_gpu_direct                    : Yes #    Force (or not) the usage of GPUdirect communication, if available
     verbose                           : Yes #    Verbosity switch
     keep_gpu_memory                   : Yes #    Do not deallocate GPU memory at each call of the (G)PS routine
     taskgroup_size                    : 0 #      Size of the taskgroups of the Poisson Solver
     global_data                       : No #     Charge density and Electrostatic potential are given by global arrays
     accel                             : DBFFT #  Material Acceleration
     use_gpu_direct                    : Yes #    Force (or not) the usage of GPUdirect communication, if available
     verbose                           : Yes #    Verbosity switch
     keep_gpu_memory                   : Yes #    Do not deallocate GPU memory at each call of the (G)PS routine
     taskgroup_size                    : 0 #      Size of the taskgroups of the Poisson Solver
     global_data                       : No #     Charge density and Electrostatic potential are given by global arrays
     output                            : none #   Quantities to be plotted after the main solver routine
   kernel:
     screening                         : 0 #      Mu screening parameter
  #------------------------------------------------------------------- Kernel Initialization
 Poisson Kernel Initialization:
    #---------------------------------------------------------------------- Input parameters
   setup:
     accel                             : DBFFT #  Material Acceleration
     use_gpu_direct                    : Yes #    Force (or not) the usage of GPUdirect communication, if available
     verbose                           : Yes #    Verbosity switch
     keep_gpu_memory                   : Yes #    Do not deallocate GPU memory at each call of the (G)PS routine
     taskgroup_size                    : 0 #      Size of the taskgroups of the Poisson Solver
     global_data                       : No #     Charge density and Electrostatic potential are given by global arrays
     screening                         : 0 #      Mu screening parameter
     isf_order                         : 16 #     Order of the Interpolating Scaling Function family
     stress_tensor                     : Yes #    Triggers the calculation of the stress tensor
   environment:
     cavity                            : none #   Type of the cavity
     fd_order                          : 16 #     Order of the Finite-difference derivatives for the GPS solver
     itermax                           : 200 #    Maximum number of iterations of the GPS outer loop
     minres                            : 1.e-8 #  Convergence threshold of the loop
     pb_method                         : none #   Defines the method for the Poisson Boltzmann Equation
  #------------------------------------------------------------------- Kernel Initialization
 Poisson Kernel Initialization:
    #---------------------------------------------------------------------- Input parameters
   setup:
     accel                             : DBFFT #  Material Acceleration
     use_gpu_direct                    : Yes #    Force (or not) the usage of GPUdirect communication, if available
     verbose                           : Yes #    Verbosity switch
     keep_gpu_memory                   : Yes #    Do not deallocate GPU memory at each call of the (G)PS routine
     taskgroup_size                    : 0 #      Size of the taskgroups of the Poisson Solver
     global_data                       : No #     Charge density and Electrostatic potential are given by global arrays
     output                            : none #   Quantities to be plotted after the main solver routine
   kernel:
     screening                         : 0 #      Mu screening parameter
     isf_order                         : 16 #     Order of the Interpolating Scaling Function family
     stress_tensor                     : Yes #    Triggers the calculation of the stress tensor
   environment:
     cavity                            : none #   Type of the cavity
     fd_order                          : 16 #     Order of the Finite-difference derivatives for the GPS solver
     itermax                           : 200 #    Maximum number of iterations of the GPS outer loop
     minres                            : 1.e-8 #  Convergence threshold of the loop
  #------------------------------------------------------------------- Kernel Initialization
 Poisson Kernel Initialization:
    #---------------------------------------------------------------------- Input parameters
   setup:
     accel                             : DBFFT #  Material Acceleration
     use_gpu_direct                    : Yes #    Force (or not) the usage of GPUdirect communication, if available
     verbose                           : Yes #    Verbosity switch
     keep_gpu_memory                   : Yes #    Do not deallocate GPU memory at each call of the (G)PS routine
     taskgroup_size                    : 0 #      Size of the taskgroups of the Poisson Solver
     global_data                       : No #     Charge density and Electrostatic potential are given by global arrays
     output                            : none #   Quantities to be plotted after the main solver routine
   kernel:
     screening                         : 0 #      Mu screening parameter
     isf_order                         : 16 #     Order of the Interpolating Scaling Function family
     stress_tensor                     : Yes #    Triggers the calculation of the stress tensor
   environment:
     cavity                            : none #   Type of the cavity
     fd_order                          : 16 #     Order of the Finite-difference derivatives for the GPS solver
     itermax                           : 200 #    Maximum number of iterations of the GPS outer loop
     minres                            : 1.e-8 #  Convergence threshold of the loop
     pb_method                         : none #   Defines the method for the Poisson Boltzmann Equation
   MPI tasks                           :  1
   OpenMP threads per MPI task         :  28
   Poisson Solver GPU Enumerator:
     output                            : none #   Quantities to be plotted after the main solver routine
   kernel:
     screening                         : 0 #      Mu screening parameter
     use_gpu_direct                    : Yes #    Force (or not) the usage of GPUdirect communication, if available
     verbose                           : Yes #    Verbosity switch
     keep_gpu_memory                   : Yes #    Do not deallocate GPU memory at each call of the (G)PS routine
     taskgroup_size                    : 0 #      Size of the taskgroups of the Poisson Solver
     global_data                       : No #     Charge density and Electrostatic potential are given by global arrays
     output                            : none #   Quantities to be plotted after the main solver routine
   kernel:
     screening                         : 0 #      Mu screening parameter
     isf_order                         : 16 #     Order of the Interpolating Scaling Function family
     stress_tensor                     : Yes #    Triggers the calculation of the stress tensor
   environment:
     cavity                            : none #   Type of the cavity
     fd_order                          : 16 #     Order of the Finite-difference derivatives for the GPS solver
     itermax                           : 200 #    Maximum number of iterations of the GPS outer loop
     minres                            : 1.e-8 #  Convergence threshold of the loop
     pb_method                         : none #   Defines the method for the Poisson Boltzmann Equation
   MPI tasks                           :  1
   OpenMP threads per MPI task         :  28
   Poisson Solver GPU Enumerator:
     BACKEND                           :  2
     Attributes:
       DEVICE                          :  0
       MODEL                           :  2
  #------------------------------------------------------------------- Kernel Initialization
 Poisson Kernel Initialization:
    #---------------------------------------------------------------------- Input parameters
   setup:
     accel                             : DBFFT #  Material Acceleration
     use_gpu_direct                    : Yes #    Force (or not) the usage of GPUdirect communication, if available
     verbose                           : Yes #    Verbosity switch
     keep_gpu_memory                   : Yes #    Do not deallocate GPU memory at each call of the (G)PS routine
     taskgroup_size                    : 0 #      Size of the taskgroups of the Poisson Solver
     taskgroup_size                    : 0 #      Size of the taskgroups of the Poisson Solver
     global_data                       : No #     Charge density and Electrostatic potential are given by global arrays
     output                            : none #   Quantities to be plotted after the main solver routine
   kernel:
     screening                         : 0 #      Mu screening parameter
     isf_order                         : 16 #     Order of the Interpolating Scaling Function family
     stress_tensor                     : Yes #    Triggers the calculation of the stress tensor
   environment:
     cavity                            : none #   Type of the cavity
     fd_order                          : 16 #     Order of the Finite-difference derivatives for the GPS solver
     itermax                           : 200 #    Maximum number of iterations of the GPS outer loop
     minres                            : 1.e-8 #  Convergence threshold of the loop
  #------------------------------------------------------------------- Kernel Initialization
 Poisson Kernel Initialization:
    #---------------------------------------------------------------------- Input parameters
   setup:
     accel                             : DBFFT #  Material Acceleration
     use_gpu_direct                    : Yes #    Force (or not) the usage of GPUdirect communication, if available
     verbose                           : Yes #    Verbosity switch
     keep_gpu_memory                   : Yes #    Do not deallocate GPU memory at each call of the (G)PS routine
     taskgroup_size                    : 0 #      Size of the taskgroups of the Poisson Solver
     global_data                       : No #     Charge density and Electrostatic potential are given by global arrays
     output                            : none #   Quantities to be plotted after the main solver routine
     verbose                           : Yes #    Verbosity switch
     keep_gpu_memory                   : Yes #    Do not deallocate GPU memory at each call of the (G)PS routine
     taskgroup_size                    : 0 #      Size of the taskgroups of the Poisson Solver
     global_data                       : No #     Charge density and Electrostatic potential are given by global arrays
     output                            : none #   Quantities to be plotted after the main solver routine
   kernel:
     screening                         : 0 #      Mu screening parameter
     isf_order                         : 16 #     Order of the Interpolating Scaling Function family
     stress_tensor                     : Yes #    Triggers the calculation of the stress tensor
   environment:
     cavity                            : none #   Type of the cavity
  #------------------------------------------------------------------- Kernel Initialization
 Poisson Kernel Initialization:
    #---------------------------------------------------------------------- Input parameters
   setup:
     accel                             : DBFFT #  Material Acceleration
     use_gpu_direct                    : Yes #    Force (or not) the usage of GPUdirect communication, if available
     verbose                           : Yes #    Verbosity switch
     keep_gpu_memory                   : Yes #    Do not deallocate GPU memory at each call of the (G)PS routine
     taskgroup_size                    : 0 #      Size of the taskgroups of the Poisson Solver
     global_data                       : No #     Charge density and Electrostatic potential are given by global arrays
     output                            : none #   Quantities to be plotted after the main solver routine
   kernel:
     output                            : none #   Quantities to be plotted after the main solver routine
   kernel:
     screening                         : 0 #      Mu screening parameter
     isf_order                         : 16 #     Order of the Interpolating Scaling Function family
     stress_tensor                     : Yes #    Triggers the calculation of the stress tensor
   environment:
     cavity                            : none #   Type of the cavity
     fd_order                          : 16 #     Order of the Finite-difference derivatives for the GPS solver
     itermax                           : 200 #    Maximum number of iterations of the GPS outer loop
  #------------------------------------------------------------------- Kernel Initialization
 Poisson Kernel Initialization:
    #---------------------------------------------------------------------- Input parameters
   setup:
     accel                             : DBFFT #  Material Acceleration
     use_gpu_direct                    : Yes #    Force (or not) the usage of GPUdirect communication, if available
     verbose                           : Yes #    Verbosity switch
     keep_gpu_memory                   : Yes #    Do not deallocate GPU memory at each call of the (G)PS routine
     taskgroup_size                    : 0 #      Size of the taskgroups of the Poisson Solver
     global_data                       : No #     Charge density and Electrostatic potential are given by global arrays
     output                            : none #   Quantities to be plotted after the main solver routine
   kernel:
     screening                         : 0 #      Mu screening parameter
     isf_order                         : 16 #     Order of the Interpolating Scaling Function family
     stress_tensor                     : Yes #    Triggers the calculation of the stress tensor
   environment:
     cavity                            : none #   Type of the cavity
     fd_order                          : 16 #     Order of the Finite-difference derivatives for the GPS solver
     itermax                           : 200 #    Maximum number of iterations of the GPS outer loop
     minres                            : 1.e-8 #  Convergence threshold of the loop
     pb_method                         : none #   Defines the method for the Poisson Boltzmann Equation
   MPI tasks                           :  1
  #------------------------------------------------------------------- Kernel Initialization
 Poisson Kernel Initialization:
    #---------------------------------------------------------------------- Input parameters
   setup:
     accel                             : DBFFT #  Material Acceleration
     use_gpu_direct                    : Yes #    Force (or not) the usage of GPUdirect communication, if available
     verbose                           : Yes #    Verbosity switch
     keep_gpu_memory                   : Yes #    Do not deallocate GPU memory at each call of the (G)PS routine
     taskgroup_size                    : 0 #      Size of the taskgroups of the Poisson Solver
     global_data                       : No #     Charge density and Electrostatic potential are given by global arrays
     output                            : none #   Quantities to be plotted after the main solver routine
   kernel:
     screening                         : 0 #      Mu screening parameter
     isf_order                         : 16 #     Order of the Interpolating Scaling Function family
     stress_tensor                     : Yes #    Triggers the calculation of the stress tensor
   environment:
     cavity                            : none #   Type of the cavity
     fd_order                          : 16 #     Order of the Finite-difference derivatives for the GPS solver
     itermax                           : 200 #    Maximum number of iterations of the GPS outer loop
     minres                            : 1.e-8 #  Convergence threshold of the loop
     pb_method                         : none #   Defines the method for the Poisson Boltzmann Equation
   MPI tasks                           :  1
   OpenMP threads per MPI task         :  28
   Poisson Solver GPU Enumerator:
     BACKEND                           :  2
     Attributes:
       DEVICE                          :  0
       MODEL                           :  2
  #------------------------------------------------------------------- Kernel Initialization
 Poisson Kernel Initialization:
    #---------------------------------------------------------------------- Input parameters
   setup:
     accel                             : DBFFT #  Material Acceleration
     use_gpu_direct                    : Yes #    Force (or not) the usage of GPUdirect communication, if available
     verbose                           : Yes #    Verbosity switch
     keep_gpu_memory                   : Yes #    Do not deallocate GPU memory at each call of the (G)PS routine
     taskgroup_size                    : 0 #      Size of the taskgroups of the Poisson Solver
     taskgroup_size                    : 0 #      Size of the taskgroups of the Poisson Solver
     global_data                       : No #     Charge density and Electrostatic potential are given by global arrays
     output                            : none #   Quantities to be plotted after the main solver routine
   kernel:
     screening                         : 0 #      Mu screening parameter
     isf_order                         : 16 #     Order of the Interpolating Scaling Function family
     stress_tensor                     : Yes #    Triggers the calculation of the stress tensor
   environment:
     cavity                            : none #   Type of the cavity
     fd_order                          : 16 #     Order of the Finite-difference derivatives for the GPS solver
     itermax                           : 200 #    Maximum number of iterations of the GPS outer loop
     minres                            : 1.e-8 #  Convergence threshold of the loop
     pb_method                         : none #   Defines the method for the Poisson Boltzmann Equation
   MPI tasks                           :  1
   OpenMP threads per MPI task         :  28
   Poisson Solver GPU Enumerator:
     BACKEND                           :  2
     Attributes:
       DEVICE                          :  0
       MODEL                           :  2
  #------------------------------------------------------------------- Kernel Initialization
 Poisson Kernel Initialization:
    #---------------------------------------------------------------------- Input parameters
   setup:
     accel                             : DBFFT #  Material Acceleration
     use_gpu_direct                    : Yes #    Force (or not) the usage of GPUdirect communication, if available
     verbose                           : Yes #    Verbosity switch
     keep_gpu_memory                   : Yes #    Do not deallocate GPU memory at each call of the (G)PS routine
     taskgroup_size                    : 0 #      Size of the taskgroups of the Poisson Solver
     global_data                       : No #     Charge density and Electrostatic potential are given by global arrays
     global_data                       : No #     Charge density and Electrostatic potential are given by global arrays
     output                            : none #   Quantities to be plotted after the main solver routine
   kernel:
     screening                         : 0 #      Mu screening parameter
     isf_order                         : 16 #     Order of the Interpolating Scaling Function family
     stress_tensor                     : Yes #    Triggers the calculation of the stress tensor
   environment:
     cavity                            : none #   Type of the cavity
     fd_order                          : 16 #     Order of the Finite-difference derivatives for the GPS solver
     itermax                           : 200 #    Maximum number of iterations of the GPS outer loop
     minres                            : 1.e-8 #  Convergence threshold of the loop
     pb_method                         : none #   Defines the method for the Poisson Boltzmann Equation
  #------------------------------------------------------------------- Kernel Initialization
 Poisson Kernel Initialization:
    #---------------------------------------------------------------------- Input parameters
   setup:
     accel                             : DBFFT #  Material Acceleration
     use_gpu_direct                    : Yes #    Force (or not) the usage of GPUdirect communication, if available
     verbose                           : Yes #    Verbosity switch
     keep_gpu_memory                   : Yes #    Do not deallocate GPU memory at each call of the (G)PS routine
     taskgroup_size                    : 0 #      Size of the taskgroups of the Poisson Solver
     global_data                       : No #     Charge density and Electrostatic potential are given by global arrays
     output                            : none #   Quantities to be plotted after the main solver routine
   kernel:
     keep_gpu_memory                   : Yes #    Do not deallocate GPU memory at each call of the (G)PS routine
     taskgroup_size                    : 0 #      Size of the taskgroups of the Poisson Solver
     global_data                       : No #     Charge density and Electrostatic potential are given by global arrays
     output                            : none #   Quantities to be plotted after the main solver routine
   kernel:
     screening                         : 0 #      Mu screening parameter
     isf_order                         : 16 #     Order of the Interpolating Scaling Function family
     stress_tensor                     : Yes #    Triggers the calculation of the stress tensor
   environment:
     cavity                            : none #   Type of the cavity
  #------------------------------------------------------------------- Kernel Initialization
 Poisson Kernel Initialization:
    #---------------------------------------------------------------------- Input parameters
   setup:
     accel                             : DBFFT #  Material Acceleration
     use_gpu_direct                    : Yes #    Force (or not) the usage of GPUdirect communication, if available
     verbose                           : Yes #    Verbosity switch
     keep_gpu_memory                   : Yes #    Do not deallocate GPU memory at each call of the (G)PS routine
     taskgroup_size                    : 0 #      Size of the taskgroups of the Poisson Solver
     global_data                       : No #     Charge density and Electrostatic potential are given by global arrays
     output                            : none #   Quantities to be plotted after the main solver routine
   kernel:
     screening                         : 0 #      Mu screening parameter
     screening                         : 0 #      Mu screening parameter
     isf_order                         : 16 #     Order of the Interpolating Scaling Function family
     stress_tensor                     : Yes #    Triggers the calculation of the stress tensor
   environment:
     cavity                            : none #   Type of the cavity
     fd_order                          : 16 #     Order of the Finite-difference derivatives for the GPS solver
     itermax                           : 200 #    Maximum number of iterations of the GPS outer loop
     minres                            : 1.e-8 #  Convergence threshold of the loop
     verbose                           : Yes #    Verbosity switch
     keep_gpu_memory                   : Yes #    Do not deallocate GPU memory at each call of the (G)PS routine
     taskgroup_size                    : 0 #      Size of the taskgroups of the Poisson Solver
     global_data                       : No #     Charge density and Electrostatic potential are given by global arrays
     output                            : none #   Quantities to be plotted after the main solver routine
   kernel:
     screening                         : 0 #      Mu screening parameter
     isf_order                         : 16 #     Order of the Interpolating Scaling Function family
     stress_tensor                     : Yes #    Triggers the calculation of the stress tensor
   environment:
     cavity                            : none #   Type of the cavity
     fd_order                          : 16 #     Order of the Finite-difference derivatives for the GPS solver
     itermax                           : 200 #    Maximum number of iterations of the GPS outer loop
     minres                            : 1.e-8 #  Convergence threshold of the loop
     pb_method                         : none #   Defines the method for the Poisson Boltzmann Equation
   MPI tasks                           :  1
     keep_gpu_memory                   : Yes #    Do not deallocate GPU memory at each call of the (G)PS routine
     taskgroup_size                    : 0 #      Size of the taskgroups of the Poisson Solver
     global_data                       : No #     Charge density and Electrostatic potential are given by global arrays
     output                            : none #   Quantities to be plotted after the main solver routine
   kernel:
     screening                         : 0 #      Mu screening parameter
     isf_order                         : 16 #     Order of the Interpolating Scaling Function family
     stress_tensor                     : Yes #    Triggers the calculation of the stress tensor
   environment:
     cavity                            : none #   Type of the cavity
     fd_order                          : 16 #     Order of the Finite-difference derivatives for the GPS solver
     itermax                           : 200 #    Maximum number of iterations of the GPS outer loop
     minres                            : 1.e-8 #  Convergence threshold of the loop
     pb_method                         : none #   Defines the method for the Poisson Boltzmann Equation
   MPI tasks                           :  1
   OpenMP threads per MPI task         :  28
   Poisson Solver GPU Enumerator:
     BACKEND                           :  2
     Attributes:
       DEVICE                          :  0
       MODEL                           :  2
  #------------------------------------------------------------------- Kernel Initialization
 Poisson Kernel Initialization:
    #---------------------------------------------------------------------- Input parameters
   setup:
     accel                             : DBFFT #  Material Acceleration
     use_gpu_direct                    : Yes #    Force (or not) the usage of GPUdirect communication, if available
     verbose                           : Yes #    Verbosity switch
     keep_gpu_memory                   : Yes #    Do not deallocate GPU memory at each call of the (G)PS routine
     taskgroup_size                    : 0 #      Size of the taskgroups of the Poisson Solver
     global_data                       : No #     Charge density and Electrostatic potential are given by global arrays
     taskgroup_size                    : 0 #      Size of the taskgroups of the Poisson Solver
     global_data                       : No #     Charge density and Electrostatic potential are given by global arrays
     output                            : none #   Quantities to be plotted after the main solver routine
   kernel:
     screening                         : 0 #      Mu screening parameter
     isf_order                         : 16 #     Order of the Interpolating Scaling Function family
     stress_tensor                     : Yes #    Triggers the calculation of the stress tensor
   environment:
     cavity                            : none #   Type of the cavity
     fd_order                          : 16 #     Order of the Finite-difference derivatives for the GPS solver
     itermax                           : 200 #    Maximum number of iterations of the GPS outer loop
     minres                            : 1.e-8 #  Convergence threshold of the loop
     pb_method                         : none #   Defines the method for the Poisson Boltzmann Equation
   MPI tasks                           :  1
   OpenMP threads per MPI task         :  28
   Poisson Solver GPU Enumerator:
     BACKEND                           :  2
     Attributes:
       DEVICE                          :  0
       MODEL                           :  2
  #------------------------------------------------------------------- Kernel Initialization
 Poisson Kernel Initialization:
    #---------------------------------------------------------------------- Input parameters
   setup:
     accel                             : DBFFT #  Material Acceleration
     use_gpu_direct                    : Yes #    Force (or not) the usage of GPUdirect communication, if available
     verbose                           : Yes #    Verbosity switch
     keep_gpu_memory                   : Yes #    Do not deallocate GPU memory at each call of the (G)PS routine
     taskgroup_size                    : 0 #      Size of the taskgroups of the Poisson Solver
     global_data                       : No #     Charge density and Electrostatic potential are given by global arrays
     output                            : none #   Quantities to be plotted after the main solver routine
   kernel:
     screening                         : 0 #      Mu screening parameter
     isf_order                         : 16 #     Order of the Interpolating Scaling Function family
     stress_tensor                     : Yes #    Triggers the calculation of the stress tensor
   environment:
     cavity                            : none #   Type of the cavity
     fd_order                          : 16 #     Order of the Finite-difference derivatives for the GPS solver
     itermax                           : 200 #    Maximum number of iterations of the GPS outer loop
     minres                            : 1.e-8 #  Convergence threshold of the loop
     pb_method                         : none #   Defines the method for the Poisson Boltzmann Equation
   MPI tasks                           :  1
  #------------------------------------------------------------------- Kernel Initialization
 Poisson Kernel Initialization:
    #---------------------------------------------------------------------- Input parameters
   setup:
     accel                             : DBFFT #  Material Acceleration
     use_gpu_direct                    : Yes #    Force (or not) the usage of GPUdirect communication, if available
     verbose                           : Yes #    Verbosity switch
     keep_gpu_memory                   : Yes #    Do not deallocate GPU memory at each call of the (G)PS routine
     taskgroup_size                    : 0 #      Size of the taskgroups of the Poisson Solver
     global_data                       : No #     Charge density and Electrostatic potential are given by global arrays
     output                            : none #   Quantities to be plotted after the main solver routine
   kernel:
     screening                         : 0 #      Mu screening parameter
     taskgroup_size                    : 0 #      Size of the taskgroups of the Poisson Solver
     global_data                       : No #     Charge density and Electrostatic potential are given by global arrays
     output                            : none #   Quantities to be plotted after the main solver routine
   kernel:
     screening                         : 0 #      Mu screening parameter
     isf_order                         : 16 #     Order of the Interpolating Scaling Function family
     stress_tensor                     : Yes #    Triggers the calculation of the stress tensor
   environment:
     cavity                            : none #   Type of the cavity
     fd_order                          : 16 #     Order of the Finite-difference derivatives for the GPS solver
     accel                             : DBFFT #  Material Acceleration
     use_gpu_direct                    : Yes #    Force (or not) the usage of GPUdirect communication, if available
     verbose                           : Yes #    Verbosity switch
     keep_gpu_memory                   : Yes #    Do not deallocate GPU memory at each call of the (G)PS routine
     taskgroup_size                    : 0 #      Size of the taskgroups of the Poisson Solver
     global_data                       : No #     Charge density and Electrostatic potential are given by global arrays
     output                            : none #   Quantities to be plotted after the main solver routine
   kernel:
     screening                         : 0 #      Mu screening parameter
     isf_order                         : 16 #     Order of the Interpolating Scaling Function family
     stress_tensor                     : Yes #    Triggers the calculation of the stress tensor
   environment:
     itermax                           : 200 #    Maximum number of iterations of the GPS outer loop
     minres                            : 1.e-8 #  Convergence threshold of the loop
     pb_method                         : none #   Defines the method for the Poisson Boltzmann Equation
   MPI tasks                           :  1
   OpenMP threads per MPI task         :  28
   Poisson Solver GPU Enumerator:
     BACKEND                           :  2
     Attributes:
       DEVICE                          :  0
       MODEL                           :  2
     global_data                       : No #     Charge density and Electrostatic potential are given by global arrays
     output                            : none #   Quantities to be plotted after the main solver routine
   kernel:
     screening                         : 0 #      Mu screening parameter
     isf_order                         : 16 #     Order of the Interpolating Scaling Function family
     stress_tensor                     : Yes #    Triggers the calculation of the stress tensor
   environment:
     cavity                            : none #   Type of the cavity
     fd_order                          : 16 #     Order of the Finite-difference derivatives for the GPS solver
     itermax                           : 200 #    Maximum number of iterations of the GPS outer loop
     minres                            : 1.e-8 #  Convergence threshold of the loop
     pb_method                         : none #   Defines the method for the Poisson Boltzmann Equation
   MPI tasks                           :  1
   OpenMP threads per MPI task         :  28
   Poisson Solver GPU Enumerator:
     BACKEND                           :  2
     Attributes:
     stress_tensor                     : Yes #    Triggers the calculation of the stress tensor
   environment:
     cavity                            : none #   Type of the cavity
     fd_order                          : 16 #     Order of the Finite-difference derivatives for the GPS solver
     itermax                           : 200 #    Maximum number of iterations of the GPS outer loop
     minres                            : 1.e-8 #  Convergence threshold of the loop
     pb_method                         : none #   Defines the method for the Poisson Boltzmann Equation
   MPI tasks                           :  1
   OpenMP threads per MPI task         :  28
   Poisson Solver GPU Enumerator:
     BACKEND                           :  2
     Attributes:
       DEVICE                          :  0
       MODEL                           :  2
  #------------------------------------------------------------------- Kernel Initialization
 Poisson Kernel Initialization:
    #---------------------------------------------------------------------- Input parameters
   setup:
     accel                             : DBFFT #  Material Acceleration
     use_gpu_direct                    : Yes #    Force (or not) the usage of GPUdirect communication, if available
     verbose                           : Yes #    Verbosity switch
     keep_gpu_memory                   : Yes #    Do not deallocate GPU memory at each call of the (G)PS routine
     taskgroup_size                    : 0 #      Size of the taskgroups of the Poisson Solver
     global_data                       : No #     Charge density and Electrostatic potential are given by global arrays
     output                            : none #   Quantities to be plotted after the main solver routine
     output                            : none #   Quantities to be plotted after the main solver routine
   kernel:
     screening                         : 0 #      Mu screening parameter
     isf_order                         : 16 #     Order of the Interpolating Scaling Function family
     stress_tensor                     : Yes #    Triggers the calculation of the stress tensor
   environment:
     cavity                            : none #   Type of the cavity
     fd_order                          : 16 #     Order of the Finite-difference derivatives for the GPS solver
     itermax                           : 200 #    Maximum number of iterations of the GPS outer loop
     minres                            : 1.e-8 #  Convergence threshold of the loop
     pb_method                         : none #   Defines the method for the Poisson Boltzmann Equation
   MPI tasks                           :  1
   OpenMP threads per MPI task         :  28
   Poisson Solver GPU Enumerator:
     BACKEND                           :  2
     Attributes:
       DEVICE                          :  0
       MODEL                           :  2
     accel                             : DBFFT #  Material Acceleration
     use_gpu_direct                    : Yes #    Force (or not) the usage of GPUdirect communication, if available
     verbose                           : Yes #    Verbosity switch
     keep_gpu_memory                   : Yes #    Do not deallocate GPU memory at each call of the (G)PS routine
     taskgroup_size                    : 0 #      Size of the taskgroups of the Poisson Solver
     global_data                       : No #     Charge density and Electrostatic potential are given by global arrays
     output                            : none #   Quantities to be plotted after the main solver routine
   kernel:
  #------------------------------------------------------------------- Kernel Initialization
 Poisson Kernel Initialization:
    #---------------------------------------------------------------------- Input parameters
   setup:
     accel                             : DBFFT #  Material Acceleration
     use_gpu_direct                    : Yes #    Force (or not) the usage of GPUdirect communication, if available
     verbose                           : Yes #    Verbosity switch
     keep_gpu_memory                   : Yes #    Do not deallocate GPU memory at each call of the (G)PS routine
     taskgroup_size                    : 0 #      Size of the taskgroups of the Poisson Solver
     global_data                       : No #     Charge density and Electrostatic potential are given by global arrays
     output                            : none #   Quantities to be plotted after the main solver routine
   kernel:
     screening                         : 0 #      Mu screening parameter
     isf_order                         : 16 #     Order of the Interpolating Scaling Function family
     stress_tensor                     : Yes #    Triggers the calculation of the stress tensor
   environment:
     cavity                            : none #   Type of the cavity
     fd_order                          : 16 #     Order of the Finite-difference derivatives for the GPS solver
     accel                             : DBFFT #  Material Acceleration
     use_gpu_direct                    : Yes #    Force (or not) the usage of GPUdirect communication, if available
     verbose                           : Yes #    Verbosity switch
     keep_gpu_memory                   : Yes #    Do not deallocate GPU memory at each call of the (G)PS routine
     taskgroup_size                    : 0 #      Size of the taskgroups of the Poisson Solver
     global_data                       : No #     Charge density and Electrostatic potential are given by global arrays
     output                            : none #   Quantities to be plotted after the main solver routine
   kernel:
     screening                         : 0 #      Mu screening parameter
     isf_order                         : 16 #     Order of the Interpolating Scaling Function family
     global_data                       : No #     Charge density and Electrostatic potential are given by global arrays
     output                            : none #   Quantities to be plotted after the main solver routine
   kernel:
     screening                         : 0 #      Mu screening parameter
     isf_order                         : 16 #     Order of the Interpolating Scaling Function family
     stress_tensor                     : Yes #    Triggers the calculation of the stress tensor
   environment:
     cavity                            : none #   Type of the cavity
     fd_order                          : 16 #     Order of the Finite-difference derivatives for the GPS solver
     itermax                           : 200 #    Maximum number of iterations of the GPS outer loop
     keep_gpu_memory                   : Yes #    Do not deallocate GPU memory at each call of the (G)PS routine
     taskgroup_size                    : 0 #      Size of the taskgroups of the Poisson Solver
     global_data                       : No #     Charge density and Electrostatic potential are given by global arrays
     output                            : none #   Quantities to be plotted after the main solver routine
   kernel:
     screening                         : 0 #      Mu screening parameter
     isf_order                         : 16 #     Order of the Interpolating Scaling Function family
     stress_tensor                     : Yes #    Triggers the calculation of the stress tensor
   environment:
     cavity                            : none #   Type of the cavity
     fd_order                          : 16 #     Order of the Finite-difference derivatives for the GPS solver
     itermax                           : 200 #    Maximum number of iterations of the GPS outer loop
     minres                            : 1.e-8 #  Convergence threshold of the loop
     pb_method                         : none #   Defines the method for the Poisson Boltzmann Equation
   MPI tasks                           :  1
   OpenMP threads per MPI task         :  28
   Poisson Solver GPU Enumerator:
     BACKEND                           :  2
     Attributes:
       DEVICE                          :  0
       MODEL                           :  2
     global_data                       : No #     Charge density and Electrostatic potential are given by global arrays
     output                            : none #   Quantities to be plotted after the main solver routine
   kernel:
     screening                         : 0 #      Mu screening parameter
     isf_order                         : 16 #     Order of the Interpolating Scaling Function family
     stress_tensor                     : Yes #    Triggers the calculation of the stress tensor
   environment:
     cavity                            : none #   Type of the cavity
     fd_order                          : 16 #     Order of the Finite-difference derivatives for the GPS solver
     itermax                           : 200 #    Maximum number of iterations of the GPS outer loop
     minres                            : 1.e-8 #  Convergence threshold of the loop
     pb_method                         : none #   Defines the method for the Poisson Boltzmann Equation
   MPI tasks                           :  1
   OpenMP threads per MPI task         :  28
   Poisson Solver GPU Enumerator:
     BACKEND                           :  2
     minres                            : 1.e-8 #  Convergence threshold of the loop
     pb_method                         : none #   Defines the method for the Poisson Boltzmann Equation
   MPI tasks                           :  1
   OpenMP threads per MPI task         :  28
   Poisson Solver GPU Enumerator:
     BACKEND                           :  2
     Attributes:
       DEVICE                          :  0
       MODEL                           :  2
  #------------------------------------------------------------------- Kernel Initialization
 Poisson Kernel Initialization:
    #---------------------------------------------------------------------- Input parameters
   setup:
     accel                             : DBFFT #  Material Acceleration
     use_gpu_direct                    : Yes #    Force (or not) the usage of GPUdirect communication, if available
     verbose                           : Yes #    Verbosity switch
     keep_gpu_memory                   : Yes #    Do not deallocate GPU memory at each call of the (G)PS routine
     taskgroup_size                    : 0 #      Size of the taskgroups of the Poisson Solver
     global_data                       : No #     Charge density and Electrostatic potential are given by global arrays
     stress_tensor                     : Yes #    Triggers the calculation of the stress tensor
   environment:
     cavity                            : none #   Type of the cavity
     fd_order                          : 16 #     Order of the Finite-difference derivatives for the GPS solver
     itermax                           : 200 #    Maximum number of iterations of the GPS outer loop
     minres                            : 1.e-8 #  Convergence threshold of the loop
     pb_method                         : none #   Defines the method for the Poisson Boltzmann Equation
   MPI tasks                           :  1
   OpenMP threads per MPI task         :  28
   Poisson Solver GPU Enumerator:
     BACKEND                           :  2
     Attributes:
       DEVICE                          :  0
       MODEL                           :  2
     keep_gpu_memory                   : Yes #    Do not deallocate GPU memory at each call of the (G)PS routine
     taskgroup_size                    : 0 #      Size of the taskgroups of the Poisson Solver
     global_data                       : No #     Charge density and Electrostatic potential are given by global arrays
     output                            : none #   Quantities to be plotted after the main solver routine
   kernel:
     screening                         : 0 #      Mu screening parameter
     isf_order                         : 16 #     Order of the Interpolating Scaling Function family
     stress_tensor                     : Yes #    Triggers the calculation of the stress tensor
  #------------------------------------------------------------------- Kernel Initialization
 Poisson Kernel Initialization:
    #---------------------------------------------------------------------- Input parameters
   setup:
     accel                             : DBFFT #  Material Acceleration
     use_gpu_direct                    : Yes #    Force (or not) the usage of GPUdirect communication, if available
     verbose                           : Yes #    Verbosity switch
     keep_gpu_memory                   : Yes #    Do not deallocate GPU memory at each call of the (G)PS routine
     taskgroup_size                    : 0 #      Size of the taskgroups of the Poisson Solver
     global_data                       : No #     Charge density and Electrostatic potential are given by global arrays
     output                            : none #   Quantities to be plotted after the main solver routine
   kernel:
     screening                         : 0 #      Mu screening parameter
     isf_order                         : 16 #     Order of the Interpolating Scaling Function family
     stress_tensor                     : Yes #    Triggers the calculation of the stress tensor
   environment:
     cavity                            : none #   Type of the cavity
     fd_order                          : 16 #     Order of the Finite-difference derivatives for the GPS solver
     keep_gpu_memory                   : Yes #    Do not deallocate GPU memory at each call of the (G)PS routine
     taskgroup_size                    : 0 #      Size of the taskgroups of the Poisson Solver
     global_data                       : No #     Charge density and Electrostatic potential are given by global arrays
     output                            : none #   Quantities to be plotted after the main solver routine
   kernel:
     screening                         : 0 #      Mu screening parameter
     isf_order                         : 16 #     Order of the Interpolating Scaling Function family
     stress_tensor                     : Yes #    Triggers the calculation of the stress tensor
   environment:
     cavity                            : none #   Type of the cavity
     output                            : none #   Quantities to be plotted after the main solver routine
   kernel:
     screening                         : 0 #      Mu screening parameter
     isf_order                         : 16 #     Order of the Interpolating Scaling Function family
     stress_tensor                     : Yes #    Triggers the calculation of the stress tensor
   environment:
     cavity                            : none #   Type of the cavity
     fd_order                          : 16 #     Order of the Finite-difference derivatives for the GPS solver
     itermax                           : 200 #    Maximum number of iterations of the GPS outer loop
     minres                            : 1.e-8 #  Convergence threshold of the loop
     pb_method                         : none #   Defines the method for the Poisson Boltzmann Equation
     taskgroup_size                    : 0 #      Size of the taskgroups of the Poisson Solver
     global_data                       : No #     Charge density and Electrostatic potential are given by global arrays
     output                            : none #   Quantities to be plotted after the main solver routine
   kernel:
     screening                         : 0 #      Mu screening parameter
     isf_order                         : 16 #     Order of the Interpolating Scaling Function family
     stress_tensor                     : Yes #    Triggers the calculation of the stress tensor
   environment:
     cavity                            : none #   Type of the cavity
     pb_method                         : none #   Defines the method for the Poisson Boltzmann Equation
   MPI tasks                           :  1
   OpenMP threads per MPI task         :  28
   Poisson Solver GPU Enumerator:
     BACKEND                           :  2
     Attributes:
       DEVICE                          :  0
       MODEL                           :  2
     output                            : none #   Quantities to be plotted after the main solver routine
   kernel:
     screening                         : 0 #      Mu screening parameter
     isf_order                         : 16 #     Order of the Interpolating Scaling Function family
     stress_tensor                     : Yes #    Triggers the calculation of the stress tensor
   environment:
     cavity                            : none #   Type of the cavity
     fd_order                          : 16 #     Order of the Finite-difference derivatives for the GPS solver
     itermax                           : 200 #    Maximum number of iterations of the GPS outer loop
     minres                            : 1.e-8 #  Convergence threshold of the loop
     pb_method                         : none #   Defines the method for the Poisson Boltzmann Equation
   MPI tasks                           :  1
   OpenMP threads per MPI task         :  28
   Poisson Solver GPU Enumerator:
     BACKEND                           :  2
     Attributes:
       DEVICE                          :  0
       MODEL                           :  2
     screening                         : 0 #      Mu screening parameter
     isf_order                         : 16 #     Order of the Interpolating Scaling Function family
     stress_tensor                     : Yes #    Triggers the calculation of the stress tensor
   environment:
     cavity                            : none #   Type of the cavity
     fd_order                          : 16 #     Order of the Finite-difference derivatives for the GPS solver
     itermax                           : 200 #    Maximum number of iterations of the GPS outer loop
     minres                            : 1.e-8 #  Convergence threshold of the loop
     pb_method                         : none #   Defines the method for the Poisson Boltzmann Equation
   MPI tasks                           :  1
   OpenMP threads per MPI task         :  28
   Poisson Solver GPU Enumerator:
     BACKEND                           :  2
     Attributes:
       DEVICE                          :  0
       MODEL                           :  2
   kernel:
     screening                         : 0 #      Mu screening parameter
     isf_order                         : 16 #     Order of the Interpolating Scaling Function family
     stress_tensor                     : Yes #    Triggers the calculation of the stress tensor
   environment:
     cavity                            : none #   Type of the cavity
     minres                            : 1.e-8 #  Convergence threshold of the loop
     pb_method                         : none #   Defines the method for the Poisson Boltzmann Equation
   MPI tasks                           :  1
   OpenMP threads per MPI task         :  28
   Poisson Solver GPU Enumerator:
     BACKEND                           :  2
     Attributes:
       DEVICE                          :  0
       MODEL                           :  2
     taskgroup_size                    : 0 #      Size of the taskgroups of the Poisson Solver
     global_data                       : No #     Charge density and Electrostatic potential are given by global arrays
     output                            : none #   Quantities to be plotted after the main solver routine
   kernel:
     screening                         : 0 #      Mu screening parameter
     isf_order                         : 16 #     Order of the Interpolating Scaling Function family
     stress_tensor                     : Yes #    Triggers the calculation of the stress tensor
  #------------------------------------------------------------------- Kernel Initialization
 Poisson Kernel Initialization:
    #---------------------------------------------------------------------- Input parameters
   setup:
     accel                             : DBFFT #  Material Acceleration
     use_gpu_direct                    : Yes #    Force (or not) the usage of GPUdirect communication, if available
     verbose                           : Yes #    Verbosity switch
     keep_gpu_memory                   : Yes #    Do not deallocate GPU memory at each call of the (G)PS routine
     taskgroup_size                    : 0 #      Size of the taskgroups of the Poisson Solver
     global_data                       : No #     Charge density and Electrostatic potential are given by global arrays
     output                            : none #   Quantities to be plotted after the main solver routine
   kernel:
     screening                         : 0 #      Mu screening parameter
     isf_order                         : 16 #     Order of the Interpolating Scaling Function family
     stress_tensor                     : Yes #    Triggers the calculation of the stress tensor
   environment:
     cavity                            : none #   Type of the cavity
     fd_order                          : 16 #     Order of the Finite-difference derivatives for the GPS solver
     itermax                           : 200 #    Maximum number of iterations of the GPS outer loop
     global_data                       : No #     Charge density and Electrostatic potential are given by global arrays
     output                            : none #   Quantities to be plotted after the main solver routine
   kernel:
     screening                         : 0 #      Mu screening parameter
     isf_order                         : 16 #     Order of the Interpolating Scaling Function family
     stress_tensor                     : Yes #    Triggers the calculation of the stress tensor
   environment:
     cavity                            : none #   Type of the cavity
     fd_order                          : 16 #     Order of the Finite-difference derivatives for the GPS solver
     itermax                           : 200 #    Maximum number of iterations of the GPS outer loop
   kernel:
     screening                         : 0 #      Mu screening parameter
     isf_order                         : 16 #     Order of the Interpolating Scaling Function family
     stress_tensor                     : Yes #    Triggers the calculation of the stress tensor
   environment:
     cavity                            : none #   Type of the cavity
     fd_order                          : 16 #     Order of the Finite-difference derivatives for the GPS solver
     itermax                           : 200 #    Maximum number of iterations of the GPS outer loop
     minres                            : 1.e-8 #  Convergence threshold of the loop
     taskgroup_size                    : 0 #      Size of the taskgroups of the Poisson Solver
     global_data                       : No #     Charge density and Electrostatic potential are given by global arrays
     output                            : none #   Quantities to be plotted after the main solver routine
   kernel:
     screening                         : 0 #      Mu screening parameter
     isf_order                         : 16 #     Order of the Interpolating Scaling Function family
     stress_tensor                     : Yes #    Triggers the calculation of the stress tensor
   environment:
     cavity                            : none #   Type of the cavity
     output                            : none #   Quantities to be plotted after the main solver routine
   kernel:
     screening                         : 0 #      Mu screening parameter
     isf_order                         : 16 #     Order of the Interpolating Scaling Function family
     stress_tensor                     : Yes #    Triggers the calculation of the stress tensor
     screening                         : 0 #      Mu screening parameter
     isf_order                         : 16 #     Order of the Interpolating Scaling Function family
     stress_tensor                     : Yes #    Triggers the calculation of the stress tensor
   environment:
     cavity                            : none #   Type of the cavity
     fd_order                          : 16 #     Order of the Finite-difference derivatives for the GPS solver
     itermax                           : 200 #    Maximum number of iterations of the GPS outer loop
     minres                            : 1.e-8 #  Convergence threshold of the loop
     pb_method                         : none #   Defines the method for the Poisson Boltzmann Equation
   MPI tasks                           :  1
   OpenMP threads per MPI task         :  28
   Poisson Solver GPU Enumerator:
     BACKEND                           :  2
     Attributes:
       DEVICE                          :  0
       MODEL                           :  2
     pb_method                         : none #   Defines the method for the Poisson Boltzmann Equation
   MPI tasks                           :  1
   OpenMP threads per MPI task         :  28
   Poisson Solver GPU Enumerator:
     BACKEND                           :  2
     Attributes:
       DEVICE                          :  0
       MODEL                           :  2
     isf_order                         : 16 #     Order of the Interpolating Scaling Function family
     stress_tensor                     : Yes #    Triggers the calculation of the stress tensor
   environment:
     cavity                            : none #   Type of the cavity
     fd_order                          : 16 #     Order of the Finite-difference derivatives for the GPS solver
     pb_method                         : none #   Defines the method for the Poisson Boltzmann Equation
   MPI tasks                           :  1
   OpenMP threads per MPI task         :  28
   Poisson Solver GPU Enumerator:
     BACKEND                           :  2
     Attributes:
       DEVICE                          :  0
       MODEL                           :  2
     taskgroup_size                    : 0 #      Size of the taskgroups of the Poisson Solver
     global_data                       : No #     Charge density and Electrostatic potential are given by global arrays
     output                            : none #   Quantities to be plotted after the main solver routine
   kernel:
     screening                         : 0 #      Mu screening parameter
     isf_order                         : 16 #     Order of the Interpolating Scaling Function family
  #------------------------------------------------------------------- Kernel Initialization
 Poisson Kernel Initialization:
    #---------------------------------------------------------------------- Input parameters
   setup:
     accel                             : DBFFT #  Material Acceleration
     use_gpu_direct                    : Yes #    Force (or not) the usage of GPUdirect communication, if available
     verbose                           : Yes #    Verbosity switch
     keep_gpu_memory                   : Yes #    Do not deallocate GPU memory at each call of the (G)PS routine
     taskgroup_size                    : 0 #      Size of the taskgroups of the Poisson Solver
     global_data                       : No #     Charge density and Electrostatic potential are given by global arrays
     output                            : none #   Quantities to be plotted after the main solver routine
   kernel:
     screening                         : 0 #      Mu screening parameter
     isf_order                         : 16 #     Order of the Interpolating Scaling Function family
     stress_tensor                     : Yes #    Triggers the calculation of the stress tensor
   environment:
     cavity                            : none #   Type of the cavity
     fd_order                          : 16 #     Order of the Finite-difference derivatives for the GPS solver
     itermax                           : 200 #    Maximum number of iterations of the GPS outer loop
     minres                            : 1.e-8 #  Convergence threshold of the loop
     output                            : none #   Quantities to be plotted after the main solver routine
   kernel:
     screening                         : 0 #      Mu screening parameter
     isf_order                         : 16 #     Order of the Interpolating Scaling Function family
     stress_tensor                     : Yes #    Triggers the calculation of the stress tensor
   environment:
     cavity                            : none #   Type of the cavity
     fd_order                          : 16 #     Order of the Finite-difference derivatives for the GPS solver
     itermax                           : 200 #    Maximum number of iterations of the GPS outer loop
     minres                            : 1.e-8 #  Convergence threshold of the loop
     pb_method                         : none #   Defines the method for the Poisson Boltzmann Equation
   kernel:
     screening                         : 0 #      Mu screening parameter
     isf_order                         : 16 #     Order of the Interpolating Scaling Function family
     stress_tensor                     : Yes #    Triggers the calculation of the stress tensor
   environment:
     cavity                            : none #   Type of the cavity
     fd_order                          : 16 #     Order of the Finite-difference derivatives for the GPS solver
     itermax                           : 200 #    Maximum number of iterations of the GPS outer loop
     minres                            : 1.e-8 #  Convergence threshold of the loop
     pb_method                         : none #   Defines the method for the Poisson Boltzmann Equation
   MPI tasks                           :  1
   OpenMP threads per MPI task         :  28
     output                            : none #   Quantities to be plotted after the main solver routine
   kernel:
     screening                         : 0 #      Mu screening parameter
     isf_order                         : 16 #     Order of the Interpolating Scaling Function family
     stress_tensor                     : Yes #    Triggers the calculation of the stress tensor
   environment:
     cavity                            : none #   Type of the cavity
     fd_order                          : 16 #     Order of the Finite-difference derivatives for the GPS solver
     itermax                           : 200 #    Maximum number of iterations of the GPS outer loop
     minres                            : 1.e-8 #  Convergence threshold of the loop
     pb_method                         : none #   Defines the method for the Poisson Boltzmann Equation
   MPI tasks                           :  1
   OpenMP threads per MPI task         :  28
   Poisson Solver GPU Enumerator:
     BACKEND                           :  2
     Attributes:
       DEVICE                          :  0
       MODEL                           :  2
     fd_order                          : 16 #     Order of the Finite-difference derivatives for the GPS solver
     itermax                           : 200 #    Maximum number of iterations of the GPS outer loop
     minres                            : 1.e-8 #  Convergence threshold of the loop
     pb_method                         : none #   Defines the method for the Poisson Boltzmann Equation
   MPI tasks                           :  1
   OpenMP threads per MPI task         :  28
   Poisson Solver GPU Enumerator:
     BACKEND                           :  2
     Attributes:
       DEVICE                          :  0
       MODEL                           :  2
   MPI tasks                           :  1
   OpenMP threads per MPI task         :  28
   Poisson Solver GPU Enumerator:
     BACKEND                           :  2
     Attributes:
       DEVICE                          :  0
       MODEL                           :  2
     isf_order                         : 16 #     Order of the Interpolating Scaling Function family
     stress_tensor                     : Yes #    Triggers the calculation of the stress tensor
   environment:
     cavity                            : none #   Type of the cavity
     fd_order                          : 16 #     Order of the Finite-difference derivatives for the GPS solver
   Poisson Solver GPU Enumerator:
     BACKEND                           :  2
     Attributes:
       DEVICE                          :  0
       MODEL                           :  2
     global_data                       : No #     Charge density and Electrostatic potential are given by global arrays
     output                            : none #   Quantities to be plotted after the main solver routine
   kernel:
     screening                         : 0 #      Mu screening parameter
     isf_order                         : 16 #     Order of the Interpolating Scaling Function family
     stress_tensor                     : Yes #    Triggers the calculation of the stress tensor
   environment:
     isf_order                         : 16 #     Order of the Interpolating Scaling Function family
     stress_tensor                     : Yes #    Triggers the calculation of the stress tensor
   environment:
     cavity                            : none #   Type of the cavity
     fd_order                          : 16 #     Order of the Finite-difference derivatives for the GPS solver
     itermax                           : 200 #    Maximum number of iterations of the GPS outer loop
     minres                            : 1.e-8 #  Convergence threshold of the loop
     pb_method                         : none #   Defines the method for the Poisson Boltzmann Equation
   MPI tasks                           :  1
   OpenMP threads per MPI task         :  28
   Poisson Solver GPU Enumerator:
     BACKEND                           :  2
     Attributes:
       DEVICE                          :  0
     output                            : none #   Quantities to be plotted after the main solver routine
   kernel:
     screening                         : 0 #      Mu screening parameter
     isf_order                         : 16 #     Order of the Interpolating Scaling Function family
     stress_tensor                     : Yes #    Triggers the calculation of the stress tensor
   environment:
     cavity                            : none #   Type of the cavity
     fd_order                          : 16 #     Order of the Finite-difference derivatives for the GPS solver
     itermax                           : 200 #    Maximum number of iterations of the GPS outer loop
     minres                            : 1.e-8 #  Convergence threshold of the loop
     isf_order                         : 16 #     Order of the Interpolating Scaling Function family
     stress_tensor                     : Yes #    Triggers the calculation of the stress tensor
   environment:
     cavity                            : none #   Type of the cavity
     fd_order                          : 16 #     Order of the Finite-difference derivatives for the GPS solver
     itermax                           : 200 #    Maximum number of iterations of the GPS outer loop
     minres                            : 1.e-8 #  Convergence threshold of the loop
     pb_method                         : none #   Defines the method for the Poisson Boltzmann Equation
   MPI tasks                           :  1
   OpenMP threads per MPI task         :  28
     output                            : none #   Quantities to be plotted after the main solver routine
   kernel:
     screening                         : 0 #      Mu screening parameter
     isf_order                         : 16 #     Order of the Interpolating Scaling Function family
     stress_tensor                     : Yes #    Triggers the calculation of the stress tensor
   environment:
     cavity                            : none #   Type of the cavity
     fd_order                          : 16 #     Order of the Finite-difference derivatives for the GPS solver
     itermax                           : 200 #    Maximum number of iterations of the GPS outer loop
     minres                            : 1.e-8 #  Convergence threshold of the loop
     pb_method                         : none #   Defines the method for the Poisson Boltzmann Equation
     minres                            : 1.e-8 #  Convergence threshold of the loop
     pb_method                         : none #   Defines the method for the Poisson Boltzmann Equation
   MPI tasks                           :  1
   OpenMP threads per MPI task         :  28
   Poisson Solver GPU Enumerator:
     BACKEND                           :  2
     Attributes:
       DEVICE                          :  0
       MODEL                           :  2
     pb_method                         : none #   Defines the method for the Poisson Boltzmann Equation
   MPI tasks                           :  1
   OpenMP threads per MPI task         :  28
   Poisson Solver GPU Enumerator:
     BACKEND                           :  2
     Attributes:
       DEVICE                          :  0
       MODEL                           :  2
     BACKEND                           :  2
     Attributes:
       DEVICE                          :  0
       MODEL                           :  2
     isf_order                         : 16 #     Order of the Interpolating Scaling Function family
     stress_tensor                     : Yes #    Triggers the calculation of the stress tensor
   environment:
     cavity                            : none #   Type of the cavity
     fd_order                          : 16 #     Order of the Finite-difference derivatives for the GPS solver
     itermax                           : 200 #    Maximum number of iterations of the GPS outer loop
     global_data                       : No #     Charge density and Electrostatic potential are given by global arrays
     output                            : none #   Quantities to be plotted after the main solver routine
   kernel:
     screening                         : 0 #      Mu screening parameter
     isf_order                         : 16 #     Order of the Interpolating Scaling Function family
     pb_method                         : none #   Defines the method for the Poisson Boltzmann Equation
   MPI tasks                           :  1
   OpenMP threads per MPI task         :  28
   Poisson Solver GPU Enumerator:
     BACKEND                           :  2
     Attributes:
       DEVICE                          :  0
       MODEL                           :  2
   kernel:
     screening                         : 0 #      Mu screening parameter
     isf_order                         : 16 #     Order of the Interpolating Scaling Function family
     stress_tensor                     : Yes #    Triggers the calculation of the stress tensor
   environment:
     cavity                            : none #   Type of the cavity
     fd_order                          : 16 #     Order of the Finite-difference derivatives for the GPS solver
     itermax                           : 200 #    Maximum number of iterations of the GPS outer loop
     minres                            : 1.e-8 #  Convergence threshold of the loop
     pb_method                         : none #   Defines the method for the Poisson Boltzmann Equation
     fd_order                          : 16 #     Order of the Finite-difference derivatives for the GPS solver
     itermax                           : 200 #    Maximum number of iterations of the GPS outer loop
     minres                            : 1.e-8 #  Convergence threshold of the loop
     pb_method                         : none #   Defines the method for the Poisson Boltzmann Equation
   MPI tasks                           :  1
   OpenMP threads per MPI task         :  28
   Poisson Solver GPU Enumerator:
     BACKEND                           :  2
     Attributes:
     screening                         : 0 #      Mu screening parameter
     isf_order                         : 16 #     Order of the Interpolating Scaling Function family
     stress_tensor                     : Yes #    Triggers the calculation of the stress tensor
   environment:
     cavity                            : none #   Type of the cavity
     fd_order                          : 16 #     Order of the Finite-difference derivatives for the GPS solver
     itermax                           : 200 #    Maximum number of iterations of the GPS outer loop
     minres                            : 1.e-8 #  Convergence threshold of the loop
     pb_method                         : none #   Defines the method for the Poisson Boltzmann Equation
     pb_method                         : none #   Defines the method for the Poisson Boltzmann Equation
   MPI tasks                           :  1
   OpenMP threads per MPI task         :  28
   Poisson Solver GPU Enumerator:
     BACKEND                           :  2
     Attributes:
       DEVICE                          :  0
       MODEL                           :  2
   OpenMP threads per MPI task         :  28
   Poisson Solver GPU Enumerator:
     BACKEND                           :  2
     Attributes:
       DEVICE                          :  0
       MODEL                           :  2
     global_data                       : No #     Charge density and Electrostatic potential are given by global arrays
     output                            : none #   Quantities to be plotted after the main solver routine
   kernel:
     screening                         : 0 #      Mu screening parameter
     isf_order                         : 16 #     Order of the Interpolating Scaling Function family
     output                            : none #   Quantities to be plotted after the main solver routine
   kernel:
     screening                         : 0 #      Mu screening parameter
     isf_order                         : 16 #     Order of the Interpolating Scaling Function family
     stress_tensor                     : Yes #    Triggers the calculation of the stress tensor
   environment:
   MPI tasks                           :  1
   OpenMP threads per MPI task         :  28
   Poisson Solver GPU Enumerator:
     BACKEND                           :  2
     Attributes:
       DEVICE                          :  0
       MODEL                           :  2
     screening                         : 0 #      Mu screening parameter
     isf_order                         : 16 #     Order of the Interpolating Scaling Function family
     stress_tensor                     : Yes #    Triggers the calculation of the stress tensor
   environment:
     cavity                            : none #   Type of the cavity
     fd_order                          : 16 #     Order of the Finite-difference derivatives for the GPS solver
     itermax                           : 200 #    Maximum number of iterations of the GPS outer loop
     minres                            : 1.e-8 #  Convergence threshold of the loop
     pb_method                         : none #   Defines the method for the Poisson Boltzmann Equation
     fd_order                          : 16 #     Order of the Finite-difference derivatives for the GPS solver
     itermax                           : 200 #    Maximum number of iterations of the GPS outer loop
     minres                            : 1.e-8 #  Convergence threshold of the loop
     pb_method                         : none #   Defines the method for the Poisson Boltzmann Equation
   MPI tasks                           :  1
   OpenMP threads per MPI task         :  28
   Poisson Solver GPU Enumerator:
     BACKEND                           :  2
     Attributes:
       DEVICE                          :  0
     isf_order                         : 16 #     Order of the Interpolating Scaling Function family
     stress_tensor                     : Yes #    Triggers the calculation of the stress tensor
   environment:
     cavity                            : none #   Type of the cavity
     fd_order                          : 16 #     Order of the Finite-difference derivatives for the GPS solver
     itermax                           : 200 #    Maximum number of iterations of the GPS outer loop
     minres                            : 1.e-8 #  Convergence threshold of the loop
     pb_method                         : none #   Defines the method for the Poisson Boltzmann Equation
   MPI tasks                           :  1
   OpenMP threads per MPI task         :  28
   environment:
     cavity                            : none #   Type of the cavity
     fd_order                          : 16 #     Order of the Finite-difference derivatives for the GPS solver
   OpenMP threads per MPI task         :  28
   Poisson Solver GPU Enumerator:
     BACKEND                           :  2
     Attributes:
       DEVICE                          :  0
       MODEL                           :  2
     output                            : none #   Quantities to be plotted after the main solver routine
   kernel:
     screening                         : 0 #      Mu screening parameter
     isf_order                         : 16 #     Order of the Interpolating Scaling Function family
     stress_tensor                     : Yes #    Triggers the calculation of the stress tensor
   environment:
     cavity                            : none #   Type of the cavity
     fd_order                          : 16 #     Order of the Finite-difference derivatives for the GPS solver
     itermax                           : 200 #    Maximum number of iterations of the GPS outer loop
     minres                            : 1.e-8 #  Convergence threshold of the loop
     pb_method                         : none #   Defines the method for the Poisson Boltzmann Equation
   MPI tasks                           :  1
   OpenMP threads per MPI task         :  28
   Poisson Solver GPU Enumerator:
     BACKEND                           :  2
     Attributes:
       DEVICE                          :  0
       MODEL                           :  2
   kernel:
     screening                         : 0 #      Mu screening parameter
     isf_order                         : 16 #     Order of the Interpolating Scaling Function family
     stress_tensor                     : Yes #    Triggers the calculation of the stress tensor
   environment:
   OpenMP threads per MPI task         :  28
   Poisson Solver GPU Enumerator:
     BACKEND                           :  2
     Attributes:
       DEVICE                          :  0
       MODEL                           :  2
     isf_order                         : 16 #     Order of the Interpolating Scaling Function family
     stress_tensor                     : Yes #    Triggers the calculation of the stress tensor
   environment:
     cavity                            : none #   Type of the cavity
     fd_order                          : 16 #     Order of the Finite-difference derivatives for the GPS solver
     itermax                           : 200 #    Maximum number of iterations of the GPS outer loop
     minres                            : 1.e-8 #  Convergence threshold of the loop
     pb_method                         : none #   Defines the method for the Poisson Boltzmann Equation
     itermax                           : 200 #    Maximum number of iterations of the GPS outer loop
     minres                            : 1.e-8 #  Convergence threshold of the loop
     pb_method                         : none #   Defines the method for the Poisson Boltzmann Equation
   MPI tasks                           :  1
   OpenMP threads per MPI task         :  28
   Poisson Solver GPU Enumerator:
     BACKEND                           :  2
     Attributes:
       DEVICE                          :  0
     cavity                            : none #   Type of the cavity
     fd_order                          : 16 #     Order of the Finite-difference derivatives for the GPS solver
     itermax                           : 200 #    Maximum number of iterations of the GPS outer loop
     minres                            : 1.e-8 #  Convergence threshold of the loop
     pb_method                         : none #   Defines the method for the Poisson Boltzmann Equation
   MPI tasks                           :  1
   OpenMP threads per MPI task         :  28
     itermax                           : 200 #    Maximum number of iterations of the GPS outer loop
     minres                            : 1.e-8 #  Convergence threshold of the loop
     pb_method                         : none #   Defines the method for the Poisson Boltzmann Equation
       DEVICE                          :  0
       MODEL                           :  2
   kernel:
     screening                         : 0 #      Mu screening parameter
     isf_order                         : 16 #     Order of the Interpolating Scaling Function family
     stress_tensor                     : Yes #    Triggers the calculation of the stress tensor
   environment:
     cavity                            : none #   Type of the cavity
     fd_order                          : 16 #     Order of the Finite-difference derivatives for the GPS solver
     itermax                           : 200 #    Maximum number of iterations of the GPS outer loop
     minres                            : 1.e-8 #  Convergence threshold of the loop
     pb_method                         : none #   Defines the method for the Poisson Boltzmann Equation
   MPI tasks                           :  1
   OpenMP threads per MPI task         :  28
   Poisson Solver GPU Enumerator:
     BACKEND                           :  2
     Attributes:
       DEVICE                          :  0
       MODEL                           :  2
     screening                         : 0 #      Mu screening parameter
     isf_order                         : 16 #     Order of the Interpolating Scaling Function family
     stress_tensor                     : Yes #    Triggers the calculation of the stress tensor
   environment:
     itermax                           : 200 #    Maximum number of iterations of the GPS outer loop
     minres                            : 1.e-8 #  Convergence threshold of the loop
     pb_method                         : none #   Defines the method for the Poisson Boltzmann Equation
   MPI tasks                           :  1
   OpenMP threads per MPI task         :  28
     stress_tensor                     : Yes #    Triggers the calculation of the stress tensor
   environment:
     cavity                            : none #   Type of the cavity
     fd_order                          : 16 #     Order of the Finite-difference derivatives for the GPS solver
     itermax                           : 200 #    Maximum number of iterations of the GPS outer loop
     minres                            : 1.e-8 #  Convergence threshold of the loop
     pb_method                         : none #   Defines the method for the Poisson Boltzmann Equation
   MPI tasks                           :  1
   OpenMP threads per MPI task         :  28
     minres                            : 1.e-8 #  Convergence threshold of the loop
     pb_method                         : none #   Defines the method for the Poisson Boltzmann Equation
   MPI tasks                           :  1
   OpenMP threads per MPI task         :  28
   Poisson Solver GPU Enumerator:
     BACKEND                           :  2
     Attributes:
       DEVICE                          :  0
       MODEL                           :  2
     fd_order                          : 16 #     Order of the Finite-difference derivatives for the GPS solver
     itermax                           : 200 #    Maximum number of iterations of the GPS outer loop
     minres                            : 1.e-8 #  Convergence threshold of the loop
     pb_method                         : none #   Defines the method for the Poisson Boltzmann Equation
   MPI tasks                           :  1
   OpenMP threads per MPI task         :  28
   MPI tasks                           :  1
   OpenMP threads per MPI task         :  28
   Poisson Solver GPU Enumerator:
     BACKEND                           :  2
     Attributes:
       DEVICE                          :  0
     Attributes:
       DEVICE                          :  0
       MODEL                           :  2
     output                            : none #   Quantities to be plotted after the main solver routine
   kernel:
     screening                         : 0 #      Mu screening parameter
     isf_order                         : 16 #     Order of the Interpolating Scaling Function family
     stress_tensor                     : Yes #    Triggers the calculation of the stress tensor
   environment:
     cavity                            : none #   Type of the cavity
     fd_order                          : 16 #     Order of the Finite-difference derivatives for the GPS solver
     itermax                           : 200 #    Maximum number of iterations of the GPS outer loop
     minres                            : 1.e-8 #  Convergence threshold of the loop
   environment:
     cavity                            : none #   Type of the cavity
     fd_order                          : 16 #     Order of the Finite-difference derivatives for the GPS solver
     itermax                           : 200 #    Maximum number of iterations of the GPS outer loop
     itermax                           : 200 #    Maximum number of iterations of the GPS outer loop
     minres                            : 1.e-8 #  Convergence threshold of the loop
     pb_method                         : none #   Defines the method for the Poisson Boltzmann Equation
   MPI tasks                           :  1
     fd_order                          : 16 #     Order of the Finite-difference derivatives for the GPS solver
     itermax                           : 200 #    Maximum number of iterations of the GPS outer loop
     minres                            : 1.e-8 #  Convergence threshold of the loop
     pb_method                         : none #   Defines the method for the Poisson Boltzmann Equation
   MPI tasks                           :  1
   OpenMP threads per MPI task         :  28
   MPI tasks                           :  1
   OpenMP threads per MPI task         :  28
   Poisson Solver GPU Enumerator:
     BACKEND                           :  2
     Attributes:
       DEVICE                          :  0
       MODEL                           :  2
     fd_order                          : 16 #     Order of the Finite-difference derivatives for the GPS solver
     itermax                           : 200 #    Maximum number of iterations of the GPS outer loop
     minres                            : 1.e-8 #  Convergence threshold of the loop
     pb_method                         : none #   Defines the method for the Poisson Boltzmann Equation
   MPI tasks                           :  1
   OpenMP threads per MPI task         :  28
   Poisson Solver GPU Enumerator:
     BACKEND                           :  2
     Attributes:
       MODEL                           :  2
     fd_order                          : 16 #     Order of the Finite-difference derivatives for the GPS solver
     itermax                           : 200 #    Maximum number of iterations of the GPS outer loop
     minres                            : 1.e-8 #  Convergence threshold of the loop
     pb_method                         : none #   Defines the method for the Poisson Boltzmann Equation
   MPI tasks                           :  1
   OpenMP threads per MPI task         :  28
   Poisson Solver GPU Enumerator:
     BACKEND                           :  2
     Attributes:
       DEVICE                          :  0
       MODEL                           :  2
   environment:
     cavity                            : none #   Type of the cavity
     fd_order                          : 16 #     Order of the Finite-difference derivatives for the GPS solver
     itermax                           : 200 #    Maximum number of iterations of the GPS outer loop
     minres                            : 1.e-8 #  Convergence threshold of the loop
     pb_method                         : none #   Defines the method for the Poisson Boltzmann Equation
   MPI tasks                           :  1
   OpenMP threads per MPI task         :  28
     minres                            : 1.e-8 #  Convergence threshold of the loop
     pb_method                         : none #   Defines the method for the Poisson Boltzmann Equation
   MPI tasks                           :  1
   OpenMP threads per MPI task         :  28
   Poisson Solver GPU Enumerator:
     pb_method                         : none #   Defines the method for the Poisson Boltzmann Equation
   MPI tasks                           :  1
   OpenMP threads per MPI task         :  28
   Poisson Solver GPU Enumerator:
     BACKEND                           :  2
     Attributes:
       DEVICE                          :  0
       MODEL                           :  2
     fd_order                          : 16 #     Order of the Finite-difference derivatives for the GPS solver
     itermax                           : 200 #    Maximum number of iterations of the GPS outer loop
     minres                            : 1.e-8 #  Convergence threshold of the loop
     pb_method                         : none #   Defines the method for the Poisson Boltzmann Equation
   MPI tasks                           :  1
   OpenMP threads per MPI task         :  28
   Poisson Solver GPU Enumerator:
     BACKEND                           :  2
     Attributes:
       DEVICE                          :  0
     itermax                           : 200 #    Maximum number of iterations of the GPS outer loop
     minres                            : 1.e-8 #  Convergence threshold of the loop
     pb_method                         : none #   Defines the method for the Poisson Boltzmann Equation
   MPI tasks                           :  1
   OpenMP threads per MPI task         :  28
   Poisson Solver GPU Enumerator:
     BACKEND                           :  2
     Attributes:
       DEVICE                          :  0
       MODEL                           :  2
     stress_tensor                     : Yes #    Triggers the calculation of the stress tensor
   environment:
     cavity                            : none #   Type of the cavity
     fd_order                          : 16 #     Order of the Finite-difference derivatives for the GPS solver
     pb_method                         : none #   Defines the method for the Poisson Boltzmann Equation
   MPI tasks                           :  1
   OpenMP threads per MPI task         :  28
   Poisson Solver GPU Enumerator:
   MPI tasks                           :  1
   OpenMP threads per MPI task         :  28
   Poisson Solver GPU Enumerator:
     BACKEND                           :  2
     Attributes:
       DEVICE                          :  0
       MODEL                           :  2
   Poisson Solver GPU Enumerator:
     BACKEND                           :  2
     Attributes:
       DEVICE                          :  0
       MODEL                           :  2
   MPI tasks                           :  1
   OpenMP threads per MPI task         :  28
   Poisson Solver GPU Enumerator:
     BACKEND                           :  2
     Attributes:
       DEVICE                          :  0
       MODEL                           :  2
     itermax                           : 200 #    Maximum number of iterations of the GPS outer loop
     minres                            : 1.e-8 #  Convergence threshold of the loop
     pb_method                         : none #   Defines the method for the Poisson Boltzmann Equation
   MPI tasks                           :  1
   OpenMP threads per MPI task         :  28
   Poisson Solver GPU Enumerator:
     BACKEND                           :  2
     Attributes:
       DEVICE                          :  0
       MODEL                           :  2
     stress_tensor                     : Yes #    Triggers the calculation of the stress tensor
   environment:
     cavity                            : none #   Type of the cavity
     fd_order                          : 16 #     Order of the Finite-difference derivatives for the GPS solver
       MODEL                           :  2
     pb_method                         : none #   Defines the method for the Poisson Boltzmann Equation
   MPI tasks                           :  1
   OpenMP threads per MPI task         :  28
   Poisson Solver GPU Enumerator:
     BACKEND                           :  2
     Attributes:
       DEVICE                          :  0
   Poisson Solver GPU Enumerator:
     BACKEND                           :  2
     Attributes:
       DEVICE                          :  0
       MODEL                           :  2
   MPI tasks                           :  1
   OpenMP threads per MPI task         :  28
   Poisson Solver GPU Enumerator:
     BACKEND                           :  2
     Attributes:
       DEVICE                          :  0
       MODEL                           :  2
     minres                            : 1.e-8 #  Convergence threshold of the loop
     pb_method                         : none #   Defines the method for the Poisson Boltzmann Equation
   MPI tasks                           :  1
   OpenMP threads per MPI task         :  28
   Poisson Solver GPU Enumerator:
     BACKEND                           :  2
     Attributes:
       DEVICE                          :  0
       MODEL                           :  2
     cavity                            : none #   Type of the cavity
     fd_order                          : 16 #     Order of the Finite-difference derivatives for the GPS solver
     itermax                           : 200 #    Maximum number of iterations of the GPS outer loop
     minres                            : 1.e-8 #  Convergence threshold of the loop
     pb_method                         : none #   Defines the method for the Poisson Boltzmann Equation
   Poisson Solver GPU Enumerator:
     BACKEND                           :  2
     Attributes:
       DEVICE                          :  0
       MODEL                           :  2
   MPI tasks                           :  1
   OpenMP threads per MPI task         :  28
   Poisson Solver GPU Enumerator:
     BACKEND                           :  2
     Attributes:
       DEVICE                          :  0
       DEVICE                          :  0
       MODEL                           :  2
   MPI tasks                           :  1
   OpenMP threads per MPI task         :  28
   Poisson Solver GPU Enumerator:
     BACKEND                           :  2
     Attributes:
       DEVICE                          :  0
       MODEL                           :  2
     stress_tensor                     : Yes #    Triggers the calculation of the stress tensor
   environment:
     cavity                            : none #   Type of the cavity
     fd_order                          : 16 #     Order of the Finite-difference derivatives for the GPS solver
     itermax                           : 200 #    Maximum number of iterations of the GPS outer loop
     minres                            : 1.e-8 #  Convergence threshold of the loop
     pb_method                         : none #   Defines the method for the Poisson Boltzmann Equation
   MPI tasks                           :  1
   OpenMP threads per MPI task         :  28
   Poisson Solver GPU Enumerator:
     BACKEND                           :  2
     Attributes:
       DEVICE                          :  0
       MODEL                           :  2
     cavity                            : none #   Type of the cavity
     fd_order                          : 16 #     Order of the Finite-difference derivatives for the GPS solver
     itermax                           : 200 #    Maximum number of iterations of the GPS outer loop
     minres                            : 1.e-8 #  Convergence threshold of the loop
     pb_method                         : none #   Defines the method for the Poisson Boltzmann Equation
   MPI tasks                           :  1
   OpenMP threads per MPI task         :  28
   Poisson Solver GPU Enumerator:
     BACKEND                           :  2
     Attributes:
       DEVICE                          :  0
       MODEL                           :  2
   MPI tasks                           :  1
   OpenMP threads per MPI task         :  28
   Poisson Solver GPU Enumerator:
     BACKEND                           :  2
     Attributes:
       DEVICE                          :  0
       MODEL                           :  2
       MODEL                           :  2
   Poisson Solver GPU Enumerator:
     BACKEND                           :  2
     Attributes:
       DEVICE                          :  0
       MODEL                           :  2
     pb_method                         : none #   Defines the method for the Poisson Boltzmann Equation
   MPI tasks                           :  1
   OpenMP threads per MPI task         :  28
   Poisson Solver GPU Enumerator:
     BACKEND                           :  2
     Attributes:
     cavity                            : none #   Type of the cavity
     fd_order                          : 16 #     Order of the Finite-difference derivatives for the GPS solver
     itermax                           : 200 #    Maximum number of iterations of the GPS outer loop
     minres                            : 1.e-8 #  Convergence threshold of the loop
     pb_method                         : none #   Defines the method for the Poisson Boltzmann Equation
   MPI tasks                           :  1
   OpenMP threads per MPI task         :  28
   Poisson Solver GPU Enumerator:
     BACKEND                           :  2
     Attributes:
       DEVICE                          :  0
       MODEL                           :  2
   MPI tasks                           :  1
   OpenMP threads per MPI task         :  28
   Poisson Solver GPU Enumerator:
     BACKEND                           :  2
     Attributes:
       DEVICE                          :  0
       MODEL                           :  2
       MODEL                           :  2
   Poisson Solver GPU Enumerator:
     BACKEND                           :  2
     Attributes:
       DEVICE                          :  0
       MODEL                           :  2
       DEVICE                          :  0
       MODEL                           :  2
     minres                            : 1.e-8 #  Convergence threshold of the loop
     pb_method                         : none #   Defines the method for the Poisson Boltzmann Equation
   MPI tasks                           :  1
   OpenMP threads per MPI task         :  28
   Poisson Solver GPU Enumerator:
     BACKEND                           :  2
     Attributes:
       DEVICE                          :  0
       MODEL                           :  2
     BACKEND                           :  2
     Attributes:
       DEVICE                          :  0
       MODEL                           :  2
   Poisson Solver GPU Enumerator:
     BACKEND                           :  2
     Attributes:
       DEVICE                          :  0
       MODEL                           :  2
   Poisson Solver GPU Enumerator:
     BACKEND                           :  2
     Attributes:
       DEVICE                          :  0
       MODEL                           :  2
     minres                            : 1.e-8 #  Convergence threshold of the loop
     pb_method                         : none #   Defines the method for the Poisson Boltzmann Equation
   MPI tasks                           :  1
   OpenMP threads per MPI task         :  28
   Poisson Solver GPU Enumerator:
     BACKEND                           :  2
     Attributes:
       DEVICE                          :  0
       MODEL                           :  2
   Poisson Solver GPU Enumerator:
     BACKEND                           :  2
     Attributes:
       DEVICE                          :  0
       MODEL                           :  2
       DEVICE                          :  0
       MODEL                           :  2
     itermax                           : 200 #    Maximum number of iterations of the GPS outer loop
     minres                            : 1.e-8 #  Convergence threshold of the loop
     pb_method                         : none #   Defines the method for the Poisson Boltzmann Equation
   MPI tasks                           :  1
   OpenMP threads per MPI task         :  28
   Poisson Solver GPU Enumerator:
     BACKEND                           :  2
     Attributes:
       DEVICE                          :  0
     BACKEND                           :  2
     Attributes:
       DEVICE                          :  0
       MODEL                           :  2
       MODEL                           :  2
     cavity                            : none #   Type of the cavity
     fd_order                          : 16 #     Order of the Finite-difference derivatives for the GPS solver
     itermax                           : 200 #    Maximum number of iterations of the GPS outer loop
     minres                            : 1.e-8 #  Convergence threshold of the loop
     pb_method                         : none #   Defines the method for the Poisson Boltzmann Equation
   MPI tasks                           :  1
   OpenMP threads per MPI task         :  28
   Poisson Solver GPU Enumerator:
     BACKEND                           :  2
     Attributes:
       DEVICE                          :  0
       MODEL                           :  2
     itermax                           : 200 #    Maximum number of iterations of the GPS outer loop
     minres                            : 1.e-8 #  Convergence threshold of the loop
     pb_method                         : none #   Defines the method for the Poisson Boltzmann Equation
   MPI tasks                           :  1
   OpenMP threads per MPI task         :  28
       MODEL                           :  2
   MPI tasks                           :  1
   OpenMP threads per MPI task         :  28
   Poisson Solver GPU Enumerator:
     BACKEND                           :  2
   OpenMP threads per MPI task         :  28
   Poisson Solver GPU Enumerator:
     BACKEND                           :  2
     Attributes:
       DEVICE                          :  0
       MODEL                           :  2
       MODEL                           :  2
   Poisson Solver GPU Enumerator:
     BACKEND                           :  2
     Attributes:
       DEVICE                          :  0
       MODEL                           :  2
     Attributes:
       DEVICE                          :  0
       MODEL                           :  2
       MODEL                           :  2
   Poisson Solver GPU Enumerator:
     BACKEND                           :  2
     Attributes:
       DEVICE                          :  0
       MODEL                           :  2
  #------------------------------------------------------------------- Kernel Initialization
 Poisson Kernel Initialization:
    #---------------------------------------------------------------------- Input parameters
   setup:
     accel                   : DBFFT #            Material Acceleration
     use_gpu_direct          : Yes #              Force (or not) the usage of GPUdirect communication, if available
     verbose                 : Yes #              Verbosity switch
     keep_gpu_memory         : Yes #              Do not deallocate GPU memory at each call of the (G)PS routine
     taskgroup_size          : 0 #                Size of the taskgroups of the Poisson Solver
     global_data             : No #               Charge density and Electrostatic potential are given by global arrays
     output                  : none #             Quantities to be plotted after the main solver routine
   kernel:
     screening               : 0 #                Mu screening parameter
     isf_order               : 16 #               Order of the Interpolating Scaling Function family
     stress_tensor           : Yes #              Triggers the calculation of the stress tensor
   environment:
     cavity                  : none #             Type of the cavity
     fd_order                : 16 #               Order of the Finite-difference derivatives for the GPS solver
     itermax                 : 200 #              Maximum number of iterations of the GPS outer loop
     minres                  : 1.e-8 #            Convergence threshold of the loop
     pb_method               : none #             Defines the method for the Poisson Boltzmann Equation
   MPI tasks                 :  1
   OpenMP threads per MPI task:  28
   Poisson Solver GPU Enumerator:
     BACKEND                 :  2
     Attributes:
       DEVICE                :  0
       MODEL                 :  2
 Poisson Kernel Creation:
   Boundary Conditions       : Free
   Memory Requirements per MPI task:
     Density (MB)            :  50.62
     Kernel (MB)             :  51.44
     Full Grid Arrays (MB)   :  45.07
   Kernel Copied on GPU      :  Yes
 Orbital repartition:
 -  [ 3,  3,  3,  3,  3,  3,  3,  3,  3,  3,  3,  3,  3,  3,  3,  3,  3,  3,  3,  3,  3, 
                                                                                  3,  3, 
                                                                                  3,  3, 
                                                                                  3,  3, 
                                                                                  3,  3, 
                                                                                  3,  3, 
                                                                                  3,  3, 
                                                                                  3,  3, 
                                                                                  3,  3, 
                                                                                  3,  3, 
                                                                                  3,  3, 
                                                                                  3,  3, 
                                                                                  3,  3, 
                                                                                  3,  3, 
                                                                                  3,  2, 
                                                                                  2,  2, 
                                                                                  2,  2, 
                                                                                  2,  2, 
                                                                                  2,  2, 
                                                                                  2,  2, 
                                                                                  2,  2, 
                                                                                  2,  2, 
                                                                                  2,  2, 
                                                                                  2,  2, 
                                                                                  2,  2, 
                                                                                  2,  2, 
                                                                                  2,  2, 
                                                                                  2,  2, 
                                                                                  2,  2, 
                                                                                  2,  2, 
                                                                                  2]
  #Exact exchange calculation:2%; Time (s): Elapsed=0.0447, Remaining=2.2
  #Exact exchange calculation:4%; Time (s): Elapsed=0.1045, Remaining=2.5
  #Exact exchange calculation:7%; Time (s): Elapsed=0.1941, Remaining=2.6
  #Exact exchange calculation:9%; Time (s): Elapsed=0.2577, Remaining=2.6
  #Exact exchange calculation:11%; Time (s): Elapsed=0.3423, Remaining=2.8
  #Exact exchange calculation:13%; Time (s): Elapsed=0.4451, Remaining=3.0
  #Exact exchange calculation:16%; Time (s): Elapsed=0.5260, Remaining=2.8
  #Exact exchange calculation:18%; Time (s): Elapsed=0.6197, Remaining=2.8
  #Exact exchange calculation:20%; Time (s): Elapsed=0.6760, Remaining=2.7
  #Exact exchange calculation:22%; Time (s): Elapsed=0.7933, Remaining=2.8
  #Exact exchange calculation:24%; Time (s): Elapsed=0.9585, Remaining=3.0
  #Exact exchange calculation:27%; Time (s): Elapsed=1.0132, Remaining=2.7
  #Exact exchange calculation:29%; Time (s): Elapsed=1.1528, Remaining=2.8
  #Exact exchange calculation:31%; Time (s): Elapsed=1.2508, Remaining=2.8
  #Exact exchange calculation:33%; Time (s): Elapsed=1.3587, Remaining=2.8
  #Exact exchange calculation:36%; Time (s): Elapsed=1.5013, Remaining=2.7
  #Exact exchange calculation:38%; Time (s): Elapsed=1.5997, Remaining=2.6
  #Exact exchange calculation:40%; Time (s): Elapsed=1.7495, Remaining=2.6
  #Exact exchange calculation:42%; Time (s): Elapsed=1.8236, Remaining=2.5
  #Exact exchange calculation:44%; Time (s): Elapsed=1.9449, Remaining=2.5
  #Exact exchange calculation:47%; Time (s): Elapsed=2.0806, Remaining=2.3
  #Exact exchange calculation:49%; Time (s): Elapsed=2.2164, Remaining=2.3
  #Exact exchange calculation:51%; Time (s): Elapsed=2.3183, Remaining=2.2
  #Exact exchange calculation:53%; Time (s): Elapsed=2.3915, Remaining=2.1
  #Exact exchange calculation:56%; Time (s): Elapsed=2.5159, Remaining=2.0
  #Exact exchange calculation:58%; Time (s): Elapsed=2.6084, Remaining=1.9
  #Exact exchange calculation:60%; Time (s): Elapsed=2.7318, Remaining=1.8
  #Exact exchange calculation:62%; Time (s): Elapsed=2.8141, Remaining=1.7
  #Exact exchange calculation:64%; Time (s): Elapsed=2.8730, Remaining=1.6
  #Exact exchange calculation:67%; Time (s): Elapsed=3.0114, Remaining=1.5
  #Exact exchange calculation:69%; Time (s): Elapsed=3.1240, Remaining=1.4
  #Exact exchange calculation:71%; Time (s): Elapsed=3.2089, Remaining=1.3
  #Exact exchange calculation:73%; Time (s): Elapsed=3.2759, Remaining=1.2
  #Exact exchange calculation:77%; Time (s): Elapsed=3.4320, Remaining=1.0
  #Exact exchange calculation:80%; Time (s): Elapsed=3.5236, Remaining=0.88
  #Exact exchange calculation:83%; Time (s): Elapsed=3.6508, Remaining=0.75
  #Exact exchange calculation:87%; Time (s): Elapsed=3.7559, Remaining=0.56
  #Exact exchange calculation:90%; Time (s): Elapsed=3.8649, Remaining=0.43
  #Exact exchange calculation:93%; Time (s): Elapsed=3.9674, Remaining=0.30
  #Exact exchange calculation:97%; Time (s): Elapsed=4.0837, Remaining=0.13
  #Exact exchange calculation:100%; Time (s): Elapsed=4.1901, Remaining=0.0
 Exact Exchange Energy       :  1.71681878276E+09
 Expected Exchange Energy    :  3.98942280401E-01
 Memory Consumption Report:
   Tot. No. of Allocations             :  432
   Tot. No. of Deallocations           :  432
   Remaining Memory (B)                :  0
   Memory occupation:
     Peak Value (MB)                   :  519.031
     for the array                     : displ_res
     in the routine                    : null
     Memory Peak of process            : 1127.336 MB
 Walltime since initialization         :  00:00:13.000981316
 Max No. of dictionaries used          :  595 #( 241 still in use)
 Number of dictionary folders allocated:  1
