[0] MPI startup(): ===== GPU topology on compute11 =====
[0] MPI startup(): NUMA nodes     : 2
[0] MPI startup(): GPUs           : 4
[0] MPI startup(): Stacks (Tiles) : 8
[0] MPI startup(): Hierarchy mode : flat
[0] MPI startup(): Backend        : level zero
[0] MPI startup(): Device name    : Intel(R) Data Center GPU Max 1550
[0] MPI startup(): NUMA Id	GPU Id         Stacks (tiles)                 Ranks on this NUMA
[0] MPI startup(): 0      	0,1            (0,1)(2,3)                     0,1,2,3
[0] MPI startup(): 1      	2,3            (4,5)(6,7)                     4,5,6,7
[0] MPI startup(): ===== GPU pinning on compute11 =====
[0] MPI startup(): Rank	 Pin stack (tile)
[0] MPI startup(): 0	 {0}
[0] MPI startup(): 1	 {1}
[0] MPI startup(): 2	 {2}
[0] MPI startup(): 3	 {3}
[0] MPI startup(): 4	 {4}
[0] MPI startup(): 5	 {5}
[0] MPI startup(): 6	 {6}
[0] MPI startup(): 7	 {7}
[0] MPI startup(): Intel(R) MPI Library, Version 2021.16  Build 20250513 (id: a7c135c)
[0] MPI startup(): Copyright (C) 2003-2025 Intel Corporation.  All rights reserved.
[0] MPI startup(): library kind: release
[0] MPI startup(): libfabric version: 2.1.0-impi
[0] MPI startup(): libfabric provider: psm3
[0] MPI startup(): File "/install/software/oneAPI/2025.2/mpi/2021.16/opt/mpi/etc/tuning_spr_shm-ofi_psm3_200_x1.dat" not found
[0] MPI startup(): File "/install/software/oneAPI/2025.2/mpi/2021.16/opt/mpi/etc/tuning_spr_shm-ofi_psm3_200.dat" not found
[0] MPI startup(): File "/install/software/oneAPI/2025.2/mpi/2021.16/opt/mpi/etc/tuning_spr_shm-ofi_psm3.dat" not found
[0] MPI startup(): Load tuning file: "/install/software/oneAPI/2025.2/mpi/2021.16/opt/mpi/etc/tuning_spr_shm-ofi.dat"
[0] MPI startup(): Number of NICs:  1 
[0] MPI startup(): ===== NIC pinning on compute11 =====
[0] MPI startup(): Rank    Thread id  Pin nic
[0] MPI startup(): 0       0          autoselect_one:mlx5_0;mlx5_1
[0] MPI startup(): 1       0          autoselect_one:mlx5_0;mlx5_1
[0] MPI startup(): 2       0          autoselect_one:mlx5_0;mlx5_1
[0] MPI startup(): 3       0          autoselect_one:mlx5_0;mlx5_1
[0] MPI startup(): 4       0          autoselect_one:mlx5_0;mlx5_1
[0] MPI startup(): 5       0          autoselect_one:mlx5_0;mlx5_1
[0] MPI startup(): 6       0          autoselect_one:mlx5_0;mlx5_1
[0] MPI startup(): 7       0          autoselect_one:mlx5_0;mlx5_1
[0] MPI startup(): ===== CPU pinning =====
[0] MPI startup(): Rank    Pid      Node name  Pin cpu
[0] MPI startup(): 0       210464   compute11  {0-13,112-125}
[0] MPI startup(): 1       210465   compute11  {14-27,126-139}
[0] MPI startup(): 2       210466   compute11  {28-41,140-153}
[0] MPI startup(): 3       210467   compute11  {42-55,154-167}
[0] MPI startup(): 4       210468   compute11  {56-69,168-181}
[0] MPI startup(): 5       210469   compute11  {70-83,182-195}
[0] MPI startup(): 6       210470   compute11  {84-97,196-209}
[0] MPI startup(): 7       210471   compute11  {98-111,210-223}
[0] MPI startup(): 8       106829   compute12  {0-13,112-125}
[0] MPI startup(): 9       106830   compute12  {14-27,126-139}
[0] MPI startup(): 10      106831   compute12  {28-41,140-153}
[0] MPI startup(): 11      106832   compute12  {42-55,154-167}
[0] MPI startup(): 12      106833   compute12  {56-69,168-181}
[0] MPI startup(): 13      106834   compute12  {70-83,182-195}
[0] MPI startup(): 14      106835   compute12  {84-97,196-209}
[0] MPI startup(): 15      106836   compute12  {98-111,210-223}
[0] MPI startup(): 16      201445   compute13  {0-13,112-125}
[0] MPI startup(): 17      201446   compute13  {14-27,126-139}
[0] MPI startup(): 18      201447   compute13  {28-41,140-153}
[0] MPI startup(): 19      201448   compute13  {42-55,154-167}
[0] MPI startup(): 20      201449   compute13  {56-69,168-181}
[0] MPI startup(): 21      201450   compute13  {70-83,182-195}
[0] MPI startup(): 22      201451   compute13  {84-97,196-209}
[0] MPI startup(): 23      201452   compute13  {98-111,210-223}
[0] MPI startup(): 24      111276   compute14  {0-13,112-125}
[0] MPI startup(): 25      111277   compute14  {14-27,126-139}
[0] MPI startup(): 26      111278   compute14  {28-41,140-153}
[0] MPI startup(): 27      111279   compute14  {42-55,154-167}
[0] MPI startup(): 28      111280   compute14  {56-69,168-181}
[0] MPI startup(): 29      111281   compute14  {70-83,182-195}
[0] MPI startup(): 30      111282   compute14  {84-97,196-209}
[0] MPI startup(): 31      111283   compute14  {98-111,210-223}
[0] MPI startup(): 32      192400   compute21  {0-13,112-125}
[0] MPI startup(): 33      192401   compute21  {14-27,126-139}
[0] MPI startup(): 34      192402   compute21  {28-41,140-153}
[0] MPI startup(): 35      192403   compute21  {42-55,154-167}
[0] MPI startup(): 36      192404   compute21  {56-69,168-181}
[0] MPI startup(): 37      192405   compute21  {70-83,182-195}
[0] MPI startup(): 38      192406   compute21  {84-97,196-209}
[0] MPI startup(): 39      192407   compute21  {98-111,210-223}
[0] MPI startup(): 40      203109   compute22  {0-13,112-125}
[0] MPI startup(): 41      203110   compute22  {14-27,126-139}
[0] MPI startup(): 42      203111   compute22  {28-41,140-153}
[0] MPI startup(): 43      203112   compute22  {42-55,154-167}
[0] MPI startup(): 44      203113   compute22  {56-69,168-181}
[0] MPI startup(): 45      203114   compute22  {70-83,182-195}
[0] MPI startup(): 46      203115   compute22  {84-97,196-209}
[0] MPI startup(): 47      203116   compute22  {98-111,210-223}
[0] MPI startup(): 48      55046    compute23  {0-13,112-125}
[0] MPI startup(): 49      55047    compute23  {14-27,126-139}
[0] MPI startup(): 50      55048    compute23  {28-41,140-153}
[0] MPI startup(): 51      55049    compute23  {42-55,154-167}
[0] MPI startup(): 52      55050    compute23  {56-69,168-181}
[0] MPI startup(): 53      55051    compute23  {70-83,182-195}
[0] MPI startup(): 54      55052    compute23  {84-97,196-209}
[0] MPI startup(): 55      55053    compute23  {98-111,210-223}
[0] MPI startup(): 56      146991   compute31  {0-13,112-125}
[0] MPI startup(): 57      146992   compute31  {14-27,126-139}
[0] MPI startup(): 58      146993   compute31  {28-41,140-153}
[0] MPI startup(): 59      146994   compute31  {42-55,154-167}
[0] MPI startup(): 60      146995   compute31  {56-69,168-181}
[0] MPI startup(): 61      146996   compute31  {70-83,182-195}
[0] MPI startup(): 62      146997   compute31  {84-97,196-209}
[0] MPI startup(): 63      146998   compute31  {98-111,210-223}
[0] MPI startup(): 64      151493   compute33  {0-13,112-125}
[0] MPI startup(): 65      151494   compute33  {14-27,126-139}
[0] MPI startup(): 66      151495   compute33  {28-41,140-153}
[0] MPI startup(): 67      151496   compute33  {42-55,154-167}
[0] MPI startup(): 68      151497   compute33  {56-69,168-181}
[0] MPI startup(): 69      151498   compute33  {70-83,182-195}
[0] MPI startup(): 70      151499   compute33  {84-97,196-209}
[0] MPI startup(): 71      151500   compute33  {98-111,210-223}
[0] MPI startup(): 72      19415    compute34  {0-13,112-125}
[0] MPI startup(): 73      19416    compute34  {14-27,126-139}
[0] MPI startup(): 74      19417    compute34  {28-41,140-153}
[0] MPI startup(): 75      19418    compute34  {42-55,154-167}
[0] MPI startup(): 76      19419    compute34  {56-69,168-181}
[0] MPI startup(): 77      19420    compute34  {70-83,182-195}
[0] MPI startup(): 78      19421    compute34  {84-97,196-209}
[0] MPI startup(): 79      19422    compute34  {98-111,210-223}
[0] MPI startup(): I_MPI_ROOT=/install/software/oneAPI/2025.2/mpi/2021.16
[0] MPI startup(): ONEAPI_ROOT=/install/software/oneAPI/2025.2
[0] MPI startup(): I_MPI_MPIRUN=mpirun
[0] MPI startup(): I_MPI_BIND_WIN_ALLOCATE=localalloc
[0] MPI startup(): I_MPI_HYDRA_TOPOLIB=ipl2
[0] MPI startup(): I_MPI_HYDRA_BOOTSTRAP=slurm
[0] MPI startup(): I_MPI_OFFLOAD_DOMAIN_SIZE=1
[0] MPI startup(): I_MPI_OFFLOAD_CELL=tile
[0] MPI startup(): I_MPI_RETURN_WIN_MEM_NUMA=0
[0] MPI startup(): I_MPI_INTERNAL_MEM_POLICY=default
[0] MPI startup(): I_MPI_OFFLOAD_TOPOLIB=level_zero
[0] MPI startup(): I_MPI_OFFLOAD=1
[0] MPI startup(): I_MPI_OFFLOAD_CBWR=0
[0] MPI startup(): I_MPI_OFFLOAD_PIPELINE=0
[0] MPI startup(): I_MPI_OFFLOAD_FAST_MEMCPY_COLL=1
[0] MPI startup(): I_MPI_OFFLOAD_RDMA=1
[0] MPI startup(): I_MPI_OFFLOAD_RDMA_THRESHOLD=0
[0] MPI startup(): I_MPI_INFO_GPU_ID_LOCAL_MAP=0,0,1,1,2,2,3,3
[0] MPI startup(): I_MPI_INFO_GPU_TILE_ID_LOCAL_MAP=0,1,2,3,4,5,6,7
[0] MPI startup(): I_MPI_OFI_PROVIDER=psm3
[0] MPI startup(): I_MPI_DEBUG=5
---
 Reference Paper             : The Journal of Chemical Physics 137, 134108 (2012)
 Version Number              : PSolver 1.10
 Timestamp of this run       : 2025-11-27 01:53:02.861
 Root process Hostname       : compute11
  #------------------------------------------------------------------- Kernel Initialization
 Poisson Kernel Initialization:
    #---------------------------------------------------------------------- Input parameters
   setup:
     accel                             : DBFFT #  Material Acceleration
     use_gpu_direct                    : Yes #    Force (or not) the usage of GPUdirect communication, if available
     verbose                           : Yes #    Verbosity switch
  #------------------------------------------------------------------- Kernel Initialization
 Poisson Kernel Initialization:
    #---------------------------------------------------------------------- Input parameters
   setup:
  #------------------------------------------------------------------- Kernel Initialization
 Poisson Kernel Initialization:
    #---------------------------------------------------------------------- Input parameters
   setup:
     accel                             : DBFFT #  Material Acceleration
     use_gpu_direct                    : Yes #    Force (or not) the usage of GPUdirect communication, if available
     verbose                           : Yes #    Verbosity switch
     keep_gpu_memory                   : Yes #    Do not deallocate GPU memory at each call of the (G)PS routine
     taskgroup_size                    : 0 #      Size of the taskgroups of the Poisson Solver
     global_data                       : No #     Charge density and Electrostatic potential are given by global arrays
     output                            : none #   Quantities to be plotted after the main solver routine
   kernel:
     screening                         : 0 #      Mu screening parameter
     isf_order                         : 16 #     Order of the Interpolating Scaling Function family
     accel                             : DBFFT #  Material Acceleration
     use_gpu_direct                    : Yes #    Force (or not) the usage of GPUdirect communication, if available
  #------------------------------------------------------------------- Kernel Initialization
 Poisson Kernel Initialization:
    #---------------------------------------------------------------------- Input parameters
   setup:
     accel                             : DBFFT #  Material Acceleration
     use_gpu_direct                    : Yes #    Force (or not) the usage of GPUdirect communication, if available
     verbose                           : Yes #    Verbosity switch
     keep_gpu_memory                   : Yes #    Do not deallocate GPU memory at each call of the (G)PS routine
     taskgroup_size                    : 0 #      Size of the taskgroups of the Poisson Solver
     global_data                       : No #     Charge density and Electrostatic potential are given by global arrays
     output                            : none #   Quantities to be plotted after the main solver routine
   kernel:
     screening                         : 0 #      Mu screening parameter
     isf_order                         : 16 #     Order of the Interpolating Scaling Function family
     stress_tensor                     : Yes #    Triggers the calculation of the stress tensor
   environment:
     cavity                            : none #   Type of the cavity
     fd_order                          : 16 #     Order of the Finite-difference derivatives for the GPS solver
     itermax                           : 200 #    Maximum number of iterations of the GPS outer loop
     minres                            : 1.e-8 #  Convergence threshold of the loop
  #------------------------------------------------------------------- Kernel Initialization
 Poisson Kernel Initialization:
    #---------------------------------------------------------------------- Input parameters
   setup:
     accel                             : DBFFT #  Material Acceleration
  #------------------------------------------------------------------- Kernel Initialization
 Poisson Kernel Initialization:
    #---------------------------------------------------------------------- Input parameters
   setup:
     accel                             : DBFFT #  Material Acceleration
  #------------------------------------------------------------------- Kernel Initialization
 Poisson Kernel Initialization:
    #---------------------------------------------------------------------- Input parameters
   setup:
  #------------------------------------------------------------------- Kernel Initialization
 Poisson Kernel Initialization:
    #---------------------------------------------------------------------- Input parameters
   setup:
  #------------------------------------------------------------------- Kernel Initialization
 Poisson Kernel Initialization:
    #---------------------------------------------------------------------- Input parameters
   setup:
     accel                             : DBFFT #  Material Acceleration
  #------------------------------------------------------------------- Kernel Initialization
 Poisson Kernel Initialization:
    #---------------------------------------------------------------------- Input parameters
   setup:
     accel                             : DBFFT #  Material Acceleration
     use_gpu_direct                    : Yes #    Force (or not) the usage of GPUdirect communication, if available
  #------------------------------------------------------------------- Kernel Initialization
 Poisson Kernel Initialization:
    #---------------------------------------------------------------------- Input parameters
   setup:
     accel                             : DBFFT #  Material Acceleration
     use_gpu_direct                    : Yes #    Force (or not) the usage of GPUdirect communication, if available
     verbose                           : Yes #    Verbosity switch
     keep_gpu_memory                   : Yes #    Do not deallocate GPU memory at each call of the (G)PS routine
     taskgroup_size                    : 0 #      Size of the taskgroups of the Poisson Solver
     global_data                       : No #     Charge density and Electrostatic potential are given by global arrays
     output                            : none #   Quantities to be plotted after the main solver routine
   kernel:
     screening                         : 0 #      Mu screening parameter
     isf_order                         : 16 #     Order of the Interpolating Scaling Function family
     stress_tensor                     : Yes #    Triggers the calculation of the stress tensor
   environment:
  #------------------------------------------------------------------- Kernel Initialization
 Poisson Kernel Initialization:
    #---------------------------------------------------------------------- Input parameters
   setup:
     accel                             : DBFFT #  Material Acceleration
     use_gpu_direct                    : Yes #    Force (or not) the usage of GPUdirect communication, if available
     verbose                           : Yes #    Verbosity switch
  #------------------------------------------------------------------- Kernel Initialization
 Poisson Kernel Initialization:
    #---------------------------------------------------------------------- Input parameters
   setup:
     accel                             : DBFFT #  Material Acceleration
     use_gpu_direct                    : Yes #    Force (or not) the usage of GPUdirect communication, if available
     verbose                           : Yes #    Verbosity switch
  #------------------------------------------------------------------- Kernel Initialization
 Poisson Kernel Initialization:
    #---------------------------------------------------------------------- Input parameters
   setup:
     accel                             : DBFFT #  Material Acceleration
  #------------------------------------------------------------------- Kernel Initialization
 Poisson Kernel Initialization:
    #---------------------------------------------------------------------- Input parameters
   setup:
     accel                             : DBFFT #  Material Acceleration
     use_gpu_direct                    : Yes #    Force (or not) the usage of GPUdirect communication, if available
     verbose                           : Yes #    Verbosity switch
     keep_gpu_memory                   : Yes #    Do not deallocate GPU memory at each call of the (G)PS routine
     taskgroup_size                    : 0 #      Size of the taskgroups of the Poisson Solver
  #------------------------------------------------------------------- Kernel Initialization
 Poisson Kernel Initialization:
    #---------------------------------------------------------------------- Input parameters
   setup:
     accel                             : DBFFT #  Material Acceleration
     use_gpu_direct                    : Yes #    Force (or not) the usage of GPUdirect communication, if available
     verbose                           : Yes #    Verbosity switch
  #------------------------------------------------------------------- Kernel Initialization
 Poisson Kernel Initialization:
    #---------------------------------------------------------------------- Input parameters
   setup:
     accel                             : DBFFT #  Material Acceleration
     use_gpu_direct                    : Yes #    Force (or not) the usage of GPUdirect communication, if available
     verbose                           : Yes #    Verbosity switch
  #------------------------------------------------------------------- Kernel Initialization
 Poisson Kernel Initialization:
    #---------------------------------------------------------------------- Input parameters
   setup:
     accel                             : DBFFT #  Material Acceleration
     use_gpu_direct                    : Yes #    Force (or not) the usage of GPUdirect communication, if available
     verbose                           : Yes #    Verbosity switch
     keep_gpu_memory                   : Yes #    Do not deallocate GPU memory at each call of the (G)PS routine
  #------------------------------------------------------------------- Kernel Initialization
 Poisson Kernel Initialization:
    #---------------------------------------------------------------------- Input parameters
   setup:
  #------------------------------------------------------------------- Kernel Initialization
 Poisson Kernel Initialization:
    #---------------------------------------------------------------------- Input parameters
   setup:
     accel                             : DBFFT #  Material Acceleration
     use_gpu_direct                    : Yes #    Force (or not) the usage of GPUdirect communication, if available
     verbose                           : Yes #    Verbosity switch
     keep_gpu_memory                   : Yes #    Do not deallocate GPU memory at each call of the (G)PS routine
     taskgroup_size                    : 0 #      Size of the taskgroups of the Poisson Solver
     global_data                       : No #     Charge density and Electrostatic potential are given by global arrays
     output                            : none #   Quantities to be plotted after the main solver routine
   kernel:
     screening                         : 0 #      Mu screening parameter
     isf_order                         : 16 #     Order of the Interpolating Scaling Function family
     stress_tensor                     : Yes #    Triggers the calculation of the stress tensor
   environment:
     cavity                            : none #   Type of the cavity
     fd_order                          : 16 #     Order of the Finite-difference derivatives for the GPS solver
     itermax                           : 200 #    Maximum number of iterations of the GPS outer loop
     minres                            : 1.e-8 #  Convergence threshold of the loop
     pb_method                         : none #   Defines the method for the Poisson Boltzmann Equation
   MPI tasks                           :  1
   OpenMP threads per MPI task         :  28
  #------------------------------------------------------------------- Kernel Initialization
 Poisson Kernel Initialization:
    #---------------------------------------------------------------------- Input parameters
   setup:
     accel                             : DBFFT #  Material Acceleration
     use_gpu_direct                    : Yes #    Force (or not) the usage of GPUdirect communication, if available
     verbose                           : Yes #    Verbosity switch
     keep_gpu_memory                   : Yes #    Do not deallocate GPU memory at each call of the (G)PS routine
  #------------------------------------------------------------------- Kernel Initialization
 Poisson Kernel Initialization:
    #---------------------------------------------------------------------- Input parameters
   setup:
     accel                             : DBFFT #  Material Acceleration
  #------------------------------------------------------------------- Kernel Initialization
 Poisson Kernel Initialization:
    #---------------------------------------------------------------------- Input parameters
   setup:
     accel                             : DBFFT #  Material Acceleration
     use_gpu_direct                    : Yes #    Force (or not) the usage of GPUdirect communication, if available
     verbose                           : Yes #    Verbosity switch
     keep_gpu_memory                   : Yes #    Do not deallocate GPU memory at each call of the (G)PS routine
     taskgroup_size                    : 0 #      Size of the taskgroups of the Poisson Solver
     global_data                       : No #     Charge density and Electrostatic potential are given by global arrays
  #------------------------------------------------------------------- Kernel Initialization
 Poisson Kernel Initialization:
    #---------------------------------------------------------------------- Input parameters
   setup:
     accel                             : DBFFT #  Material Acceleration
     use_gpu_direct                    : Yes #    Force (or not) the usage of GPUdirect communication, if available
     verbose                           : Yes #    Verbosity switch
     keep_gpu_memory                   : Yes #    Do not deallocate GPU memory at each call of the (G)PS routine
  #------------------------------------------------------------------- Kernel Initialization
 Poisson Kernel Initialization:
    #---------------------------------------------------------------------- Input parameters
   setup:
     accel                             : DBFFT #  Material Acceleration
     use_gpu_direct                    : Yes #    Force (or not) the usage of GPUdirect communication, if available
     verbose                           : Yes #    Verbosity switch
     keep_gpu_memory                   : Yes #    Do not deallocate GPU memory at each call of the (G)PS routine
     keep_gpu_memory                   : Yes #    Do not deallocate GPU memory at each call of the (G)PS routine
     taskgroup_size                    : 0 #      Size of the taskgroups of the Poisson Solver
     global_data                       : No #     Charge density and Electrostatic potential are given by global arrays
  #------------------------------------------------------------------- Kernel Initialization
 Poisson Kernel Initialization:
    #---------------------------------------------------------------------- Input parameters
   setup:
     accel                             : DBFFT #  Material Acceleration
     use_gpu_direct                    : Yes #    Force (or not) the usage of GPUdirect communication, if available
     verbose                           : Yes #    Verbosity switch
     keep_gpu_memory                   : Yes #    Do not deallocate GPU memory at each call of the (G)PS routine
     taskgroup_size                    : 0 #      Size of the taskgroups of the Poisson Solver
  #------------------------------------------------------------------- Kernel Initialization
 Poisson Kernel Initialization:
    #---------------------------------------------------------------------- Input parameters
   setup:
     accel                             : DBFFT #  Material Acceleration
  #------------------------------------------------------------------- Kernel Initialization
 Poisson Kernel Initialization:
    #---------------------------------------------------------------------- Input parameters
   setup:
     accel                             : DBFFT #  Material Acceleration
     use_gpu_direct                    : Yes #    Force (or not) the usage of GPUdirect communication, if available
     verbose                           : Yes #    Verbosity switch
     keep_gpu_memory                   : Yes #    Do not deallocate GPU memory at each call of the (G)PS routine
     taskgroup_size                    : 0 #      Size of the taskgroups of the Poisson Solver
     global_data                       : No #     Charge density and Electrostatic potential are given by global arrays
     output                            : none #   Quantities to be plotted after the main solver routine
   kernel:
     screening                         : 0 #      Mu screening parameter
     isf_order                         : 16 #     Order of the Interpolating Scaling Function family
     stress_tensor                     : Yes #    Triggers the calculation of the stress tensor
   environment:
     cavity                            : none #   Type of the cavity
     fd_order                          : 16 #     Order of the Finite-difference derivatives for the GPS solver
     itermax                           : 200 #    Maximum number of iterations of the GPS outer loop
     minres                            : 1.e-8 #  Convergence threshold of the loop
     pb_method                         : none #   Defines the method for the Poisson Boltzmann Equation
   MPI tasks                           :  1
   OpenMP threads per MPI task         :  28
  #------------------------------------------------------------------- Kernel Initialization
 Poisson Kernel Initialization:
    #---------------------------------------------------------------------- Input parameters
   setup:
     accel                             : DBFFT #  Material Acceleration
     use_gpu_direct                    : Yes #    Force (or not) the usage of GPUdirect communication, if available
     verbose                           : Yes #    Verbosity switch
     keep_gpu_memory                   : Yes #    Do not deallocate GPU memory at each call of the (G)PS routine
     taskgroup_size                    : 0 #      Size of the taskgroups of the Poisson Solver
     global_data                       : No #     Charge density and Electrostatic potential are given by global arrays
     output                            : none #   Quantities to be plotted after the main solver routine
   kernel:
  #------------------------------------------------------------------- Kernel Initialization
 Poisson Kernel Initialization:
    #---------------------------------------------------------------------- Input parameters
   setup:
     accel                             : DBFFT #  Material Acceleration
     use_gpu_direct                    : Yes #    Force (or not) the usage of GPUdirect communication, if available
  #------------------------------------------------------------------- Kernel Initialization
 Poisson Kernel Initialization:
    #---------------------------------------------------------------------- Input parameters
   setup:
     accel                             : DBFFT #  Material Acceleration
     use_gpu_direct                    : Yes #    Force (or not) the usage of GPUdirect communication, if available
     verbose                           : Yes #    Verbosity switch
     accel                             : DBFFT #  Material Acceleration
     use_gpu_direct                    : Yes #    Force (or not) the usage of GPUdirect communication, if available
     verbose                           : Yes #    Verbosity switch
     keep_gpu_memory                   : Yes #    Do not deallocate GPU memory at each call of the (G)PS routine
     taskgroup_size                    : 0 #      Size of the taskgroups of the Poisson Solver
     global_data                       : No #     Charge density and Electrostatic potential are given by global arrays
  #------------------------------------------------------------------- Kernel Initialization
 Poisson Kernel Initialization:
    #---------------------------------------------------------------------- Input parameters
   setup:
     accel                             : DBFFT #  Material Acceleration
     use_gpu_direct                    : Yes #    Force (or not) the usage of GPUdirect communication, if available
     verbose                           : Yes #    Verbosity switch
     keep_gpu_memory                   : Yes #    Do not deallocate GPU memory at each call of the (G)PS routine
     taskgroup_size                    : 0 #      Size of the taskgroups of the Poisson Solver
  #------------------------------------------------------------------- Kernel Initialization
 Poisson Kernel Initialization:
    #---------------------------------------------------------------------- Input parameters
   setup:
     accel                             : DBFFT #  Material Acceleration
     use_gpu_direct                    : Yes #    Force (or not) the usage of GPUdirect communication, if available
     verbose                           : Yes #    Verbosity switch
     keep_gpu_memory                   : Yes #    Do not deallocate GPU memory at each call of the (G)PS routine
     taskgroup_size                    : 0 #      Size of the taskgroups of the Poisson Solver
     output                            : none #   Quantities to be plotted after the main solver routine
   kernel:
     screening                         : 0 #      Mu screening parameter
  #------------------------------------------------------------------- Kernel Initialization
 Poisson Kernel Initialization:
    #---------------------------------------------------------------------- Input parameters
   setup:
     accel                             : DBFFT #  Material Acceleration
     use_gpu_direct                    : Yes #    Force (or not) the usage of GPUdirect communication, if available
     verbose                           : Yes #    Verbosity switch
     keep_gpu_memory                   : Yes #    Do not deallocate GPU memory at each call of the (G)PS routine
     taskgroup_size                    : 0 #      Size of the taskgroups of the Poisson Solver
     global_data                       : No #     Charge density and Electrostatic potential are given by global arrays
  #------------------------------------------------------------------- Kernel Initialization
 Poisson Kernel Initialization:
    #---------------------------------------------------------------------- Input parameters
   setup:
     accel                             : DBFFT #  Material Acceleration
     use_gpu_direct                    : Yes #    Force (or not) the usage of GPUdirect communication, if available
  #------------------------------------------------------------------- Kernel Initialization
 Poisson Kernel Initialization:
    #---------------------------------------------------------------------- Input parameters
   setup:
     accel                             : DBFFT #  Material Acceleration
     use_gpu_direct                    : Yes #    Force (or not) the usage of GPUdirect communication, if available
     verbose                           : Yes #    Verbosity switch
     keep_gpu_memory                   : Yes #    Do not deallocate GPU memory at each call of the (G)PS routine
     taskgroup_size                    : 0 #      Size of the taskgroups of the Poisson Solver
     global_data                       : No #     Charge density and Electrostatic potential are given by global arrays
     output                            : none #   Quantities to be plotted after the main solver routine
   kernel:
     screening                         : 0 #      Mu screening parameter
     isf_order                         : 16 #     Order of the Interpolating Scaling Function family
     stress_tensor                     : Yes #    Triggers the calculation of the stress tensor
   environment:
     cavity                            : none #   Type of the cavity
     fd_order                          : 16 #     Order of the Finite-difference derivatives for the GPS solver
     itermax                           : 200 #    Maximum number of iterations of the GPS outer loop
     minres                            : 1.e-8 #  Convergence threshold of the loop
     pb_method                         : none #   Defines the method for the Poisson Boltzmann Equation
   MPI tasks                           :  1
   OpenMP threads per MPI task         :  28
   Poisson Solver GPU Enumerator:
     BACKEND                           :  2
     Attributes:
       DEVICE                          :  0
       MODEL                           :  2
  #------------------------------------------------------------------- Kernel Initialization
 Poisson Kernel Initialization:
    #---------------------------------------------------------------------- Input parameters
   setup:
     accel                             : DBFFT #  Material Acceleration
     use_gpu_direct                    : Yes #    Force (or not) the usage of GPUdirect communication, if available
     verbose                           : Yes #    Verbosity switch
     keep_gpu_memory                   : Yes #    Do not deallocate GPU memory at each call of the (G)PS routine
     taskgroup_size                    : 0 #      Size of the taskgroups of the Poisson Solver
     global_data                       : No #     Charge density and Electrostatic potential are given by global arrays
     output                            : none #   Quantities to be plotted after the main solver routine
   kernel:
     screening                         : 0 #      Mu screening parameter
     isf_order                         : 16 #     Order of the Interpolating Scaling Function family
     stress_tensor                     : Yes #    Triggers the calculation of the stress tensor
  #------------------------------------------------------------------- Kernel Initialization
 Poisson Kernel Initialization:
    #---------------------------------------------------------------------- Input parameters
   setup:
     accel                             : DBFFT #  Material Acceleration
     use_gpu_direct                    : Yes #    Force (or not) the usage of GPUdirect communication, if available
  #------------------------------------------------------------------- Kernel Initialization
 Poisson Kernel Initialization:
    #---------------------------------------------------------------------- Input parameters
   setup:
     accel                             : DBFFT #  Material Acceleration
     use_gpu_direct                    : Yes #    Force (or not) the usage of GPUdirect communication, if available
     verbose                           : Yes #    Verbosity switch
     keep_gpu_memory                   : Yes #    Do not deallocate GPU memory at each call of the (G)PS routine
     global_data                       : No #     Charge density and Electrostatic potential are given by global arrays
     output                            : none #   Quantities to be plotted after the main solver routine
   kernel:
  #------------------------------------------------------------------- Kernel Initialization
 Poisson Kernel Initialization:
    #---------------------------------------------------------------------- Input parameters
   setup:
     accel                             : DBFFT #  Material Acceleration
     use_gpu_direct                    : Yes #    Force (or not) the usage of GPUdirect communication, if available
     verbose                           : Yes #    Verbosity switch
     keep_gpu_memory                   : Yes #    Do not deallocate GPU memory at each call of the (G)PS routine
     taskgroup_size                    : 0 #      Size of the taskgroups of the Poisson Solver
     global_data                       : No #     Charge density and Electrostatic potential are given by global arrays
  #------------------------------------------------------------------- Kernel Initialization
 Poisson Kernel Initialization:
    #---------------------------------------------------------------------- Input parameters
   setup:
     accel                             : DBFFT #  Material Acceleration
     use_gpu_direct                    : Yes #    Force (or not) the usage of GPUdirect communication, if available
     verbose                           : Yes #    Verbosity switch
     keep_gpu_memory                   : Yes #    Do not deallocate GPU memory at each call of the (G)PS routine
     taskgroup_size                    : 0 #      Size of the taskgroups of the Poisson Solver
  #------------------------------------------------------------------- Kernel Initialization
 Poisson Kernel Initialization:
  #------------------------------------------------------------------- Kernel Initialization
 Poisson Kernel Initialization:
    #---------------------------------------------------------------------- Input parameters
   setup:
     accel                             : DBFFT #  Material Acceleration
     use_gpu_direct                    : Yes #    Force (or not) the usage of GPUdirect communication, if available
     verbose                           : Yes #    Verbosity switch
     keep_gpu_memory                   : Yes #    Do not deallocate GPU memory at each call of the (G)PS routine
     taskgroup_size                    : 0 #      Size of the taskgroups of the Poisson Solver
     global_data                       : No #     Charge density and Electrostatic potential are given by global arrays
  #------------------------------------------------------------------- Kernel Initialization
 Poisson Kernel Initialization:
    #---------------------------------------------------------------------- Input parameters
   setup:
     accel                             : DBFFT #  Material Acceleration
     use_gpu_direct                    : Yes #    Force (or not) the usage of GPUdirect communication, if available
     verbose                           : Yes #    Verbosity switch
     keep_gpu_memory                   : Yes #    Do not deallocate GPU memory at each call of the (G)PS routine
     taskgroup_size                    : 0 #      Size of the taskgroups of the Poisson Solver
     global_data                       : No #     Charge density and Electrostatic potential are given by global arrays
     output                            : none #   Quantities to be plotted after the main solver routine
   kernel:
     screening                         : 0 #      Mu screening parameter
     isf_order                         : 16 #     Order of the Interpolating Scaling Function family
     stress_tensor                     : Yes #    Triggers the calculation of the stress tensor
   environment:
     cavity                            : none #   Type of the cavity
     fd_order                          : 16 #     Order of the Finite-difference derivatives for the GPS solver
     itermax                           : 200 #    Maximum number of iterations of the GPS outer loop
     minres                            : 1.e-8 #  Convergence threshold of the loop
     pb_method                         : none #   Defines the method for the Poisson Boltzmann Equation
   MPI tasks                           :  1
   OpenMP threads per MPI task         :  28
   Poisson Solver GPU Enumerator:
     BACKEND                           :  2
     Attributes:
       DEVICE                          :  0
       MODEL                           :  2
  #------------------------------------------------------------------- Kernel Initialization
 Poisson Kernel Initialization:
    #---------------------------------------------------------------------- Input parameters
   setup:
     accel                             : DBFFT #  Material Acceleration
     use_gpu_direct                    : Yes #    Force (or not) the usage of GPUdirect communication, if available
     verbose                           : Yes #    Verbosity switch
     keep_gpu_memory                   : Yes #    Do not deallocate GPU memory at each call of the (G)PS routine
     taskgroup_size                    : 0 #      Size of the taskgroups of the Poisson Solver
     global_data                       : No #     Charge density and Electrostatic potential are given by global arrays
     output                            : none #   Quantities to be plotted after the main solver routine
   kernel:
     screening                         : 0 #      Mu screening parameter
     isf_order                         : 16 #     Order of the Interpolating Scaling Function family
  #------------------------------------------------------------------- Kernel Initialization
 Poisson Kernel Initialization:
  #------------------------------------------------------------------- Kernel Initialization
 Poisson Kernel Initialization:
    #---------------------------------------------------------------------- Input parameters
   setup:
     accel                             : DBFFT #  Material Acceleration
     use_gpu_direct                    : Yes #    Force (or not) the usage of GPUdirect communication, if available
     verbose                           : Yes #    Verbosity switch
     keep_gpu_memory                   : Yes #    Do not deallocate GPU memory at each call of the (G)PS routine
     output                            : none #   Quantities to be plotted after the main solver routine
   kernel:
     screening                         : 0 #      Mu screening parameter
     isf_order                         : 16 #     Order of the Interpolating Scaling Function family
     stress_tensor                     : Yes #    Triggers the calculation of the stress tensor
   environment:
     cavity                            : none #   Type of the cavity
     fd_order                          : 16 #     Order of the Finite-difference derivatives for the GPS solver
  #------------------------------------------------------------------- Kernel Initialization
 Poisson Kernel Initialization:
    #---------------------------------------------------------------------- Input parameters
   setup:
     accel                             : DBFFT #  Material Acceleration
     use_gpu_direct                    : Yes #    Force (or not) the usage of GPUdirect communication, if available
     verbose                           : Yes #    Verbosity switch
     keep_gpu_memory                   : Yes #    Do not deallocate GPU memory at each call of the (G)PS routine
     taskgroup_size                    : 0 #      Size of the taskgroups of the Poisson Solver
     global_data                       : No #     Charge density and Electrostatic potential are given by global arrays
     output                            : none #   Quantities to be plotted after the main solver routine
   kernel:
     screening                         : 0 #      Mu screening parameter
     isf_order                         : 16 #     Order of the Interpolating Scaling Function family
  #------------------------------------------------------------------- Kernel Initialization
 Poisson Kernel Initialization:
    #---------------------------------------------------------------------- Input parameters
   setup:
     accel                             : DBFFT #  Material Acceleration
     use_gpu_direct                    : Yes #    Force (or not) the usage of GPUdirect communication, if available
     verbose                           : Yes #    Verbosity switch
     keep_gpu_memory                   : Yes #    Do not deallocate GPU memory at each call of the (G)PS routine
     taskgroup_size                    : 0 #      Size of the taskgroups of the Poisson Solver
     global_data                       : No #     Charge density and Electrostatic potential are given by global arrays
     isf_order                         : 16 #     Order of the Interpolating Scaling Function family
     stress_tensor                     : Yes #    Triggers the calculation of the stress tensor
  #------------------------------------------------------------------- Kernel Initialization
 Poisson Kernel Initialization:
    #---------------------------------------------------------------------- Input parameters
   setup:
     accel                             : DBFFT #  Material Acceleration
     use_gpu_direct                    : Yes #    Force (or not) the usage of GPUdirect communication, if available
     verbose                           : Yes #    Verbosity switch
     keep_gpu_memory                   : Yes #    Do not deallocate GPU memory at each call of the (G)PS routine
     taskgroup_size                    : 0 #      Size of the taskgroups of the Poisson Solver
     global_data                       : No #     Charge density and Electrostatic potential are given by global arrays
  #------------------------------------------------------------------- Kernel Initialization
 Poisson Kernel Initialization:
    #---------------------------------------------------------------------- Input parameters
   setup:
     accel                             : DBFFT #  Material Acceleration
     use_gpu_direct                    : Yes #    Force (or not) the usage of GPUdirect communication, if available
     verbose                           : Yes #    Verbosity switch
     stress_tensor                     : Yes #    Triggers the calculation of the stress tensor
   environment:
     cavity                            : none #   Type of the cavity
     fd_order                          : 16 #     Order of the Finite-difference derivatives for the GPS solver
     itermax                           : 200 #    Maximum number of iterations of the GPS outer loop
     minres                            : 1.e-8 #  Convergence threshold of the loop
     pb_method                         : none #   Defines the method for the Poisson Boltzmann Equation
   MPI tasks                           :  1
   OpenMP threads per MPI task         :  28
   Poisson Solver GPU Enumerator:
     BACKEND                           :  2
     Attributes:
       DEVICE                          :  0
       MODEL                           :  2
  #------------------------------------------------------------------- Kernel Initialization
 Poisson Kernel Initialization:
    #---------------------------------------------------------------------- Input parameters
   setup:
     accel                             : DBFFT #  Material Acceleration
     use_gpu_direct                    : Yes #    Force (or not) the usage of GPUdirect communication, if available
     verbose                           : Yes #    Verbosity switch
     keep_gpu_memory                   : Yes #    Do not deallocate GPU memory at each call of the (G)PS routine
     taskgroup_size                    : 0 #      Size of the taskgroups of the Poisson Solver
     global_data                       : No #     Charge density and Electrostatic potential are given by global arrays
     output                            : none #   Quantities to be plotted after the main solver routine
   kernel:
     screening                         : 0 #      Mu screening parameter
     isf_order                         : 16 #     Order of the Interpolating Scaling Function family
     stress_tensor                     : Yes #    Triggers the calculation of the stress tensor
   environment:
     cavity                            : none #   Type of the cavity
  #------------------------------------------------------------------- Kernel Initialization
 Poisson Kernel Initialization:
    #---------------------------------------------------------------------- Input parameters
  #------------------------------------------------------------------- Kernel Initialization
 Poisson Kernel Initialization:
    #---------------------------------------------------------------------- Input parameters
   setup:
     accel                             : DBFFT #  Material Acceleration
     use_gpu_direct                    : Yes #    Force (or not) the usage of GPUdirect communication, if available
     verbose                           : Yes #    Verbosity switch
     keep_gpu_memory                   : Yes #    Do not deallocate GPU memory at each call of the (G)PS routine
  #------------------------------------------------------------------- Kernel Initialization
 Poisson Kernel Initialization:
    #---------------------------------------------------------------------- Input parameters
   setup:
     accel                             : DBFFT #  Material Acceleration
     use_gpu_direct                    : Yes #    Force (or not) the usage of GPUdirect communication, if available
     verbose                           : Yes #    Verbosity switch
     keep_gpu_memory                   : Yes #    Do not deallocate GPU memory at each call of the (G)PS routine
     taskgroup_size                    : 0 #      Size of the taskgroups of the Poisson Solver
     global_data                       : No #     Charge density and Electrostatic potential are given by global arrays
  #------------------------------------------------------------------- Kernel Initialization
 Poisson Kernel Initialization:
    #---------------------------------------------------------------------- Input parameters
   setup:
     accel                             : DBFFT #  Material Acceleration
     use_gpu_direct                    : Yes #    Force (or not) the usage of GPUdirect communication, if available
     verbose                           : Yes #    Verbosity switch
     keep_gpu_memory                   : Yes #    Do not deallocate GPU memory at each call of the (G)PS routine
     taskgroup_size                    : 0 #      Size of the taskgroups of the Poisson Solver
     global_data                       : No #     Charge density and Electrostatic potential are given by global arrays
     output                            : none #   Quantities to be plotted after the main solver routine
   kernel:
     screening                         : 0 #      Mu screening parameter
     isf_order                         : 16 #     Order of the Interpolating Scaling Function family
     stress_tensor                     : Yes #    Triggers the calculation of the stress tensor
   environment:
     verbose                           : Yes #    Verbosity switch
     keep_gpu_memory                   : Yes #    Do not deallocate GPU memory at each call of the (G)PS routine
     taskgroup_size                    : 0 #      Size of the taskgroups of the Poisson Solver
     global_data                       : No #     Charge density and Electrostatic potential are given by global arrays
     output                            : none #   Quantities to be plotted after the main solver routine
   kernel:
  #------------------------------------------------------------------- Kernel Initialization
 Poisson Kernel Initialization:
    #---------------------------------------------------------------------- Input parameters
  #------------------------------------------------------------------- Kernel Initialization
 Poisson Kernel Initialization:
    #---------------------------------------------------------------------- Input parameters
   setup:
     accel                             : DBFFT #  Material Acceleration
     use_gpu_direct                    : Yes #    Force (or not) the usage of GPUdirect communication, if available
     verbose                           : Yes #    Verbosity switch
     keep_gpu_memory                   : Yes #    Do not deallocate GPU memory at each call of the (G)PS routine
     taskgroup_size                    : 0 #      Size of the taskgroups of the Poisson Solver
     global_data                       : No #     Charge density and Electrostatic potential are given by global arrays
     output                            : none #   Quantities to be plotted after the main solver routine
   kernel:
     screening                         : 0 #      Mu screening parameter
     isf_order                         : 16 #     Order of the Interpolating Scaling Function family
     stress_tensor                     : Yes #    Triggers the calculation of the stress tensor
   environment:
     cavity                            : none #   Type of the cavity
  #------------------------------------------------------------------- Kernel Initialization
 Poisson Kernel Initialization:
    #---------------------------------------------------------------------- Input parameters
   setup:
     accel                             : DBFFT #  Material Acceleration
     use_gpu_direct                    : Yes #    Force (or not) the usage of GPUdirect communication, if available
     verbose                           : Yes #    Verbosity switch
     keep_gpu_memory                   : Yes #    Do not deallocate GPU memory at each call of the (G)PS routine
     taskgroup_size                    : 0 #      Size of the taskgroups of the Poisson Solver
     pb_method                         : none #   Defines the method for the Poisson Boltzmann Equation
   MPI tasks                           :  1
   OpenMP threads per MPI task         :  28
   Poisson Solver GPU Enumerator:
     BACKEND                           :  2
     Attributes:
       DEVICE                          :  0
       MODEL                           :  2
     use_gpu_direct                    : Yes #    Force (or not) the usage of GPUdirect communication, if available
     verbose                           : Yes #    Verbosity switch
     keep_gpu_memory                   : Yes #    Do not deallocate GPU memory at each call of the (G)PS routine
     taskgroup_size                    : 0 #      Size of the taskgroups of the Poisson Solver
     global_data                       : No #     Charge density and Electrostatic potential are given by global arrays
     output                            : none #   Quantities to be plotted after the main solver routine
   kernel:
     screening                         : 0 #      Mu screening parameter
     isf_order                         : 16 #     Order of the Interpolating Scaling Function family
     stress_tensor                     : Yes #    Triggers the calculation of the stress tensor
   environment:
     cavity                            : none #   Type of the cavity
     fd_order                          : 16 #     Order of the Finite-difference derivatives for the GPS solver
     itermax                           : 200 #    Maximum number of iterations of the GPS outer loop
     minres                            : 1.e-8 #  Convergence threshold of the loop
     pb_method                         : none #   Defines the method for the Poisson Boltzmann Equation
   MPI tasks                           :  1
   OpenMP threads per MPI task         :  28
   Poisson Solver GPU Enumerator:
     BACKEND                           :  2
     Attributes:
       DEVICE                          :  0
       MODEL                           :  2
  #------------------------------------------------------------------- Kernel Initialization
 Poisson Kernel Initialization:
    #---------------------------------------------------------------------- Input parameters
   setup:
  #------------------------------------------------------------------- Kernel Initialization
 Poisson Kernel Initialization:
    #---------------------------------------------------------------------- Input parameters
   setup:
     accel                             : DBFFT #  Material Acceleration
     use_gpu_direct                    : Yes #    Force (or not) the usage of GPUdirect communication, if available
     verbose                           : Yes #    Verbosity switch
     keep_gpu_memory                   : Yes #    Do not deallocate GPU memory at each call of the (G)PS routine
  #------------------------------------------------------------------- Kernel Initialization
 Poisson Kernel Initialization:
    #---------------------------------------------------------------------- Input parameters
   setup:
     accel                             : DBFFT #  Material Acceleration
     use_gpu_direct                    : Yes #    Force (or not) the usage of GPUdirect communication, if available
     verbose                           : Yes #    Verbosity switch
  #------------------------------------------------------------------- Kernel Initialization
 Poisson Kernel Initialization:
    #---------------------------------------------------------------------- Input parameters
   setup:
     accel                             : DBFFT #  Material Acceleration
     use_gpu_direct                    : Yes #    Force (or not) the usage of GPUdirect communication, if available
     verbose                           : Yes #    Verbosity switch
     keep_gpu_memory                   : Yes #    Do not deallocate GPU memory at each call of the (G)PS routine
     taskgroup_size                    : 0 #      Size of the taskgroups of the Poisson Solver
     global_data                       : No #     Charge density and Electrostatic potential are given by global arrays
     output                            : none #   Quantities to be plotted after the main solver routine
   kernel:
     screening                         : 0 #      Mu screening parameter
     isf_order                         : 16 #     Order of the Interpolating Scaling Function family
     stress_tensor                     : Yes #    Triggers the calculation of the stress tensor
   environment:
     taskgroup_size                    : 0 #      Size of the taskgroups of the Poisson Solver
     global_data                       : No #     Charge density and Electrostatic potential are given by global arrays
     output                            : none #   Quantities to be plotted after the main solver routine
   kernel:
     screening                         : 0 #      Mu screening parameter
  #------------------------------------------------------------------- Kernel Initialization
 Poisson Kernel Initialization:
    #---------------------------------------------------------------------- Input parameters
   setup:
     accel                             : DBFFT #  Material Acceleration
  #------------------------------------------------------------------- Kernel Initialization
 Poisson Kernel Initialization:
    #---------------------------------------------------------------------- Input parameters
   setup:
     accel                             : DBFFT #  Material Acceleration
     use_gpu_direct                    : Yes #    Force (or not) the usage of GPUdirect communication, if available
     verbose                           : Yes #    Verbosity switch
     keep_gpu_memory                   : Yes #    Do not deallocate GPU memory at each call of the (G)PS routine
     taskgroup_size                    : 0 #      Size of the taskgroups of the Poisson Solver
     global_data                       : No #     Charge density and Electrostatic potential are given by global arrays
     output                            : none #   Quantities to be plotted after the main solver routine
   kernel:
     screening                         : 0 #      Mu screening parameter
     isf_order                         : 16 #     Order of the Interpolating Scaling Function family
     stress_tensor                     : Yes #    Triggers the calculation of the stress tensor
   environment:
     cavity                            : none #   Type of the cavity
     fd_order                          : 16 #     Order of the Finite-difference derivatives for the GPS solver
     itermax                           : 200 #    Maximum number of iterations of the GPS outer loop
  #------------------------------------------------------------------- Kernel Initialization
 Poisson Kernel Initialization:
    #---------------------------------------------------------------------- Input parameters
   setup:
     accel                             : DBFFT #  Material Acceleration
     use_gpu_direct                    : Yes #    Force (or not) the usage of GPUdirect communication, if available
     verbose                           : Yes #    Verbosity switch
     keep_gpu_memory                   : Yes #    Do not deallocate GPU memory at each call of the (G)PS routine
     taskgroup_size                    : 0 #      Size of the taskgroups of the Poisson Solver
     cavity                            : none #   Type of the cavity
     fd_order                          : 16 #     Order of the Finite-difference derivatives for the GPS solver
     itermax                           : 200 #    Maximum number of iterations of the GPS outer loop
     minres                            : 1.e-8 #  Convergence threshold of the loop
     pb_method                         : none #   Defines the method for the Poisson Boltzmann Equation
   MPI tasks                           :  1
   OpenMP threads per MPI task         :  28
   Poisson Solver GPU Enumerator:
     BACKEND                           :  2
     Attributes:
       DEVICE                          :  0
       MODEL                           :  2
  #------------------------------------------------------------------- Kernel Initialization
 Poisson Kernel Initialization:
    #---------------------------------------------------------------------- Input parameters
   setup:
     accel                             : DBFFT #  Material Acceleration
     use_gpu_direct                    : Yes #    Force (or not) the usage of GPUdirect communication, if available
     verbose                           : Yes #    Verbosity switch
     keep_gpu_memory                   : Yes #    Do not deallocate GPU memory at each call of the (G)PS routine
     taskgroup_size                    : 0 #      Size of the taskgroups of the Poisson Solver
     global_data                       : No #     Charge density and Electrostatic potential are given by global arrays
     output                            : none #   Quantities to be plotted after the main solver routine
   kernel:
     screening                         : 0 #      Mu screening parameter
     isf_order                         : 16 #     Order of the Interpolating Scaling Function family
     stress_tensor                     : Yes #    Triggers the calculation of the stress tensor
   environment:
     cavity                            : none #   Type of the cavity
     fd_order                          : 16 #     Order of the Finite-difference derivatives for the GPS solver
     itermax                           : 200 #    Maximum number of iterations of the GPS outer loop
     minres                            : 1.e-8 #  Convergence threshold of the loop
     pb_method                         : none #   Defines the method for the Poisson Boltzmann Equation
   MPI tasks                           :  1
   OpenMP threads per MPI task         :  28
     taskgroup_size                    : 0 #      Size of the taskgroups of the Poisson Solver
     global_data                       : No #     Charge density and Electrostatic potential are given by global arrays
     output                            : none #   Quantities to be plotted after the main solver routine
   kernel:
     screening                         : 0 #      Mu screening parameter
     isf_order                         : 16 #     Order of the Interpolating Scaling Function family
     accel                             : DBFFT #  Material Acceleration
     use_gpu_direct                    : Yes #    Force (or not) the usage of GPUdirect communication, if available
     verbose                           : Yes #    Verbosity switch
     keep_gpu_memory                   : Yes #    Do not deallocate GPU memory at each call of the (G)PS routine
     taskgroup_size                    : 0 #      Size of the taskgroups of the Poisson Solver
  #------------------------------------------------------------------- Kernel Initialization
 Poisson Kernel Initialization:
    #---------------------------------------------------------------------- Input parameters
   setup:
     accel                             : DBFFT #  Material Acceleration
     use_gpu_direct                    : Yes #    Force (or not) the usage of GPUdirect communication, if available
     verbose                           : Yes #    Verbosity switch
     keep_gpu_memory                   : Yes #    Do not deallocate GPU memory at each call of the (G)PS routine
     taskgroup_size                    : 0 #      Size of the taskgroups of the Poisson Solver
     global_data                       : No #     Charge density and Electrostatic potential are given by global arrays
     output                            : none #   Quantities to be plotted after the main solver routine
   kernel:
     screening                         : 0 #      Mu screening parameter
     isf_order                         : 16 #     Order of the Interpolating Scaling Function family
     stress_tensor                     : Yes #    Triggers the calculation of the stress tensor
     use_gpu_direct                    : Yes #    Force (or not) the usage of GPUdirect communication, if available
     verbose                           : Yes #    Verbosity switch
     keep_gpu_memory                   : Yes #    Do not deallocate GPU memory at each call of the (G)PS routine
     taskgroup_size                    : 0 #      Size of the taskgroups of the Poisson Solver
     global_data                       : No #     Charge density and Electrostatic potential are given by global arrays
     output                            : none #   Quantities to be plotted after the main solver routine
   kernel:
     screening                         : 0 #      Mu screening parameter
     isf_order                         : 16 #     Order of the Interpolating Scaling Function family
     stress_tensor                     : Yes #    Triggers the calculation of the stress tensor
   environment:
     cavity                            : none #   Type of the cavity
     global_data                       : No #     Charge density and Electrostatic potential are given by global arrays
     output                            : none #   Quantities to be plotted after the main solver routine
   kernel:
     screening                         : 0 #      Mu screening parameter
  #------------------------------------------------------------------- Kernel Initialization
 Poisson Kernel Initialization:
    #---------------------------------------------------------------------- Input parameters
   setup:
     accel                             : DBFFT #  Material Acceleration
     use_gpu_direct                    : Yes #    Force (or not) the usage of GPUdirect communication, if available
     verbose                           : Yes #    Verbosity switch
     keep_gpu_memory                   : Yes #    Do not deallocate GPU memory at each call of the (G)PS routine
     taskgroup_size                    : 0 #      Size of the taskgroups of the Poisson Solver
     global_data                       : No #     Charge density and Electrostatic potential are given by global arrays
     output                            : none #   Quantities to be plotted after the main solver routine
   kernel:
     screening                         : 0 #      Mu screening parameter
     isf_order                         : 16 #     Order of the Interpolating Scaling Function family
     stress_tensor                     : Yes #    Triggers the calculation of the stress tensor
   environment:
     cavity                            : none #   Type of the cavity
     fd_order                          : 16 #     Order of the Finite-difference derivatives for the GPS solver
     itermax                           : 200 #    Maximum number of iterations of the GPS outer loop
     minres                            : 1.e-8 #  Convergence threshold of the loop
     pb_method                         : none #   Defines the method for the Poisson Boltzmann Equation
   MPI tasks                           :  1
   OpenMP threads per MPI task         :  28
  #------------------------------------------------------------------- Kernel Initialization
 Poisson Kernel Initialization:
    #---------------------------------------------------------------------- Input parameters
   setup:
     accel                             : DBFFT #  Material Acceleration
     use_gpu_direct                    : Yes #    Force (or not) the usage of GPUdirect communication, if available
     verbose                           : Yes #    Verbosity switch
     keep_gpu_memory                   : Yes #    Do not deallocate GPU memory at each call of the (G)PS routine
     taskgroup_size                    : 0 #      Size of the taskgroups of the Poisson Solver
     global_data                       : No #     Charge density and Electrostatic potential are given by global arrays
   Poisson Solver GPU Enumerator:
     BACKEND                           :  2
     Attributes:
       DEVICE                          :  0
       MODEL                           :  2
     keep_gpu_memory                   : Yes #    Do not deallocate GPU memory at each call of the (G)PS routine
     taskgroup_size                    : 0 #      Size of the taskgroups of the Poisson Solver
     global_data                       : No #     Charge density and Electrostatic potential are given by global arrays
     output                            : none #   Quantities to be plotted after the main solver routine
   kernel:
     screening                         : 0 #      Mu screening parameter
     isf_order                         : 16 #     Order of the Interpolating Scaling Function family
     stress_tensor                     : Yes #    Triggers the calculation of the stress tensor
   environment:
     cavity                            : none #   Type of the cavity
     fd_order                          : 16 #     Order of the Finite-difference derivatives for the GPS solver
     itermax                           : 200 #    Maximum number of iterations of the GPS outer loop
     minres                            : 1.e-8 #  Convergence threshold of the loop
     pb_method                         : none #   Defines the method for the Poisson Boltzmann Equation
   MPI tasks                           :  1
   OpenMP threads per MPI task         :  28
   Poisson Solver GPU Enumerator:
     BACKEND                           :  2
     Attributes:
       DEVICE                          :  0
       MODEL                           :  2
     keep_gpu_memory                   : Yes #    Do not deallocate GPU memory at each call of the (G)PS routine
     taskgroup_size                    : 0 #      Size of the taskgroups of the Poisson Solver
     global_data                       : No #     Charge density and Electrostatic potential are given by global arrays
     output                            : none #   Quantities to be plotted after the main solver routine
   kernel:
     screening                         : 0 #      Mu screening parameter
     isf_order                         : 16 #     Order of the Interpolating Scaling Function family
     use_gpu_direct                    : Yes #    Force (or not) the usage of GPUdirect communication, if available
     verbose                           : Yes #    Verbosity switch
     keep_gpu_memory                   : Yes #    Do not deallocate GPU memory at each call of the (G)PS routine
     taskgroup_size                    : 0 #      Size of the taskgroups of the Poisson Solver
     global_data                       : No #     Charge density and Electrostatic potential are given by global arrays
     output                            : none #   Quantities to be plotted after the main solver routine
   kernel:
     screening                         : 0 #      Mu screening parameter
     isf_order                         : 16 #     Order of the Interpolating Scaling Function family
     stress_tensor                     : Yes #    Triggers the calculation of the stress tensor
   environment:
     cavity                            : none #   Type of the cavity
     fd_order                          : 16 #     Order of the Finite-difference derivatives for the GPS solver
     itermax                           : 200 #    Maximum number of iterations of the GPS outer loop
     minres                            : 1.e-8 #  Convergence threshold of the loop
     pb_method                         : none #   Defines the method for the Poisson Boltzmann Equation
   MPI tasks                           :  1
   OpenMP threads per MPI task         :  28
     keep_gpu_memory                   : Yes #    Do not deallocate GPU memory at each call of the (G)PS routine
     taskgroup_size                    : 0 #      Size of the taskgroups of the Poisson Solver
     global_data                       : No #     Charge density and Electrostatic potential are given by global arrays
     output                            : none #   Quantities to be plotted after the main solver routine
   kernel:
     screening                         : 0 #      Mu screening parameter
     isf_order                         : 16 #     Order of the Interpolating Scaling Function family
     stress_tensor                     : Yes #    Triggers the calculation of the stress tensor
   environment:
     cavity                            : none #   Type of the cavity
     fd_order                          : 16 #     Order of the Finite-difference derivatives for the GPS solver
  #------------------------------------------------------------------- Kernel Initialization
 Poisson Kernel Initialization:
    #---------------------------------------------------------------------- Input parameters
   setup:
     accel                             : DBFFT #  Material Acceleration
     use_gpu_direct                    : Yes #    Force (or not) the usage of GPUdirect communication, if available
     verbose                           : Yes #    Verbosity switch
     keep_gpu_memory                   : Yes #    Do not deallocate GPU memory at each call of the (G)PS routine
     taskgroup_size                    : 0 #      Size of the taskgroups of the Poisson Solver
     global_data                       : No #     Charge density and Electrostatic potential are given by global arrays
     output                            : none #   Quantities to be plotted after the main solver routine
    #---------------------------------------------------------------------- Input parameters
   setup:
     accel                             : DBFFT #  Material Acceleration
     use_gpu_direct                    : Yes #    Force (or not) the usage of GPUdirect communication, if available
     verbose                           : Yes #    Verbosity switch
     keep_gpu_memory                   : Yes #    Do not deallocate GPU memory at each call of the (G)PS routine
     taskgroup_size                    : 0 #      Size of the taskgroups of the Poisson Solver
     global_data                       : No #     Charge density and Electrostatic potential are given by global arrays
     output                            : none #   Quantities to be plotted after the main solver routine
   kernel:
     screening                         : 0 #      Mu screening parameter
     isf_order                         : 16 #     Order of the Interpolating Scaling Function family
     stress_tensor                     : Yes #    Triggers the calculation of the stress tensor
   environment:
     cavity                            : none #   Type of the cavity
     fd_order                          : 16 #     Order of the Finite-difference derivatives for the GPS solver
     itermax                           : 200 #    Maximum number of iterations of the GPS outer loop
     minres                            : 1.e-8 #  Convergence threshold of the loop
     pb_method                         : none #   Defines the method for the Poisson Boltzmann Equation
   MPI tasks                           :  1
   OpenMP threads per MPI task         :  28
   Poisson Solver GPU Enumerator:
     BACKEND                           :  2
     Attributes:
       DEVICE                          :  0
       MODEL                           :  2
     accel                             : DBFFT #  Material Acceleration
     use_gpu_direct                    : Yes #    Force (or not) the usage of GPUdirect communication, if available
     verbose                           : Yes #    Verbosity switch
     keep_gpu_memory                   : Yes #    Do not deallocate GPU memory at each call of the (G)PS routine
     taskgroup_size                    : 0 #      Size of the taskgroups of the Poisson Solver
     global_data                       : No #     Charge density and Electrostatic potential are given by global arrays
     output                            : none #   Quantities to be plotted after the main solver routine
   kernel:
   Poisson Solver GPU Enumerator:
     BACKEND                           :  2
     Attributes:
       DEVICE                          :  0
       MODEL                           :  2
     use_gpu_direct                    : Yes #    Force (or not) the usage of GPUdirect communication, if available
     verbose                           : Yes #    Verbosity switch
     keep_gpu_memory                   : Yes #    Do not deallocate GPU memory at each call of the (G)PS routine
     taskgroup_size                    : 0 #      Size of the taskgroups of the Poisson Solver
     global_data                       : No #     Charge density and Electrostatic potential are given by global arrays
     output                            : none #   Quantities to be plotted after the main solver routine
   kernel:
     screening                         : 0 #      Mu screening parameter
     isf_order                         : 16 #     Order of the Interpolating Scaling Function family
     stress_tensor                     : Yes #    Triggers the calculation of the stress tensor
   environment:
     cavity                            : none #   Type of the cavity
     fd_order                          : 16 #     Order of the Finite-difference derivatives for the GPS solver
     itermax                           : 200 #    Maximum number of iterations of the GPS outer loop
     minres                            : 1.e-8 #  Convergence threshold of the loop
     pb_method                         : none #   Defines the method for the Poisson Boltzmann Equation
   MPI tasks                           :  1
   OpenMP threads per MPI task         :  28
   Poisson Solver GPU Enumerator:
     BACKEND                           :  2
     Attributes:
       DEVICE                          :  0
     verbose                           : Yes #    Verbosity switch
     keep_gpu_memory                   : Yes #    Do not deallocate GPU memory at each call of the (G)PS routine
     taskgroup_size                    : 0 #      Size of the taskgroups of the Poisson Solver
     global_data                       : No #     Charge density and Electrostatic potential are given by global arrays
     output                            : none #   Quantities to be plotted after the main solver routine
     use_gpu_direct                    : Yes #    Force (or not) the usage of GPUdirect communication, if available
     verbose                           : Yes #    Verbosity switch
     keep_gpu_memory                   : Yes #    Do not deallocate GPU memory at each call of the (G)PS routine
     taskgroup_size                    : 0 #      Size of the taskgroups of the Poisson Solver
     global_data                       : No #     Charge density and Electrostatic potential are given by global arrays
     output                            : none #   Quantities to be plotted after the main solver routine
  #------------------------------------------------------------------- Kernel Initialization
 Poisson Kernel Initialization:
    #---------------------------------------------------------------------- Input parameters
   setup:
     accel                             : DBFFT #  Material Acceleration
     use_gpu_direct                    : Yes #    Force (or not) the usage of GPUdirect communication, if available
     verbose                           : Yes #    Verbosity switch
     keep_gpu_memory                   : Yes #    Do not deallocate GPU memory at each call of the (G)PS routine
     taskgroup_size                    : 0 #      Size of the taskgroups of the Poisson Solver
     taskgroup_size                    : 0 #      Size of the taskgroups of the Poisson Solver
     global_data                       : No #     Charge density and Electrostatic potential are given by global arrays
     output                            : none #   Quantities to be plotted after the main solver routine
   kernel:
     screening                         : 0 #      Mu screening parameter
     isf_order                         : 16 #     Order of the Interpolating Scaling Function family
     stress_tensor                     : Yes #    Triggers the calculation of the stress tensor
   environment:
     cavity                            : none #   Type of the cavity
     fd_order                          : 16 #     Order of the Finite-difference derivatives for the GPS solver
     itermax                           : 200 #    Maximum number of iterations of the GPS outer loop
     global_data                       : No #     Charge density and Electrostatic potential are given by global arrays
     output                            : none #   Quantities to be plotted after the main solver routine
   kernel:
     screening                         : 0 #      Mu screening parameter
   environment:
     cavity                            : none #   Type of the cavity
     fd_order                          : 16 #     Order of the Finite-difference derivatives for the GPS solver
     itermax                           : 200 #    Maximum number of iterations of the GPS outer loop
     minres                            : 1.e-8 #  Convergence threshold of the loop
     pb_method                         : none #   Defines the method for the Poisson Boltzmann Equation
     global_data                       : No #     Charge density and Electrostatic potential are given by global arrays
     output                            : none #   Quantities to be plotted after the main solver routine
   kernel:
     screening                         : 0 #      Mu screening parameter
     isf_order                         : 16 #     Order of the Interpolating Scaling Function family
     stress_tensor                     : Yes #    Triggers the calculation of the stress tensor
   environment:
     cavity                            : none #   Type of the cavity
     fd_order                          : 16 #     Order of the Finite-difference derivatives for the GPS solver
     itermax                           : 200 #    Maximum number of iterations of the GPS outer loop
     minres                            : 1.e-8 #  Convergence threshold of the loop
     pb_method                         : none #   Defines the method for the Poisson Boltzmann Equation
   MPI tasks                           :  1
   OpenMP threads per MPI task         :  28
   Poisson Solver GPU Enumerator:
     BACKEND                           :  2
     Attributes:
       DEVICE                          :  0
       MODEL                           :  2
     use_gpu_direct                    : Yes #    Force (or not) the usage of GPUdirect communication, if available
     verbose                           : Yes #    Verbosity switch
     keep_gpu_memory                   : Yes #    Do not deallocate GPU memory at each call of the (G)PS routine
     taskgroup_size                    : 0 #      Size of the taskgroups of the Poisson Solver
     global_data                       : No #     Charge density and Electrostatic potential are given by global arrays
     output                            : none #   Quantities to be plotted after the main solver routine
   kernel:
     screening                         : 0 #      Mu screening parameter
     screening                         : 0 #      Mu screening parameter
     isf_order                         : 16 #     Order of the Interpolating Scaling Function family
     stress_tensor                     : Yes #    Triggers the calculation of the stress tensor
   environment:
     cavity                            : none #   Type of the cavity
     fd_order                          : 16 #     Order of the Finite-difference derivatives for the GPS solver
     itermax                           : 200 #    Maximum number of iterations of the GPS outer loop
     minres                            : 1.e-8 #  Convergence threshold of the loop
     pb_method                         : none #   Defines the method for the Poisson Boltzmann Equation
   MPI tasks                           :  1
   OpenMP threads per MPI task         :  28
   Poisson Solver GPU Enumerator:
     BACKEND                           :  2
     Attributes:
       DEVICE                          :  0
       MODEL                           :  2
     verbose                           : Yes #    Verbosity switch
     keep_gpu_memory                   : Yes #    Do not deallocate GPU memory at each call of the (G)PS routine
     taskgroup_size                    : 0 #      Size of the taskgroups of the Poisson Solver
     global_data                       : No #     Charge density and Electrostatic potential are given by global arrays
     output                            : none #   Quantities to be plotted after the main solver routine
   kernel:
     keep_gpu_memory                   : Yes #    Do not deallocate GPU memory at each call of the (G)PS routine
     taskgroup_size                    : 0 #      Size of the taskgroups of the Poisson Solver
     global_data                       : No #     Charge density and Electrostatic potential are given by global arrays
     output                            : none #   Quantities to be plotted after the main solver routine
   kernel:
     screening                         : 0 #      Mu screening parameter
     isf_order                         : 16 #     Order of the Interpolating Scaling Function family
     stress_tensor                     : Yes #    Triggers the calculation of the stress tensor
   environment:
     cavity                            : none #   Type of the cavity
     fd_order                          : 16 #     Order of the Finite-difference derivatives for the GPS solver
     itermax                           : 200 #    Maximum number of iterations of the GPS outer loop
     minres                            : 1.e-8 #  Convergence threshold of the loop
     pb_method                         : none #   Defines the method for the Poisson Boltzmann Equation
   MPI tasks                           :  1
   OpenMP threads per MPI task         :  28
   Poisson Solver GPU Enumerator:
     BACKEND                           :  2
     Attributes:
       DEVICE                          :  0
       MODEL                           :  2
     global_data                       : No #     Charge density and Electrostatic potential are given by global arrays
     output                            : none #   Quantities to be plotted after the main solver routine
   kernel:
     screening                         : 0 #      Mu screening parameter
     isf_order                         : 16 #     Order of the Interpolating Scaling Function family
     stress_tensor                     : Yes #    Triggers the calculation of the stress tensor
   environment:
     cavity                            : none #   Type of the cavity
     fd_order                          : 16 #     Order of the Finite-difference derivatives for the GPS solver
     itermax                           : 200 #    Maximum number of iterations of the GPS outer loop
     minres                            : 1.e-8 #  Convergence threshold of the loop
     pb_method                         : none #   Defines the method for the Poisson Boltzmann Equation
   MPI tasks                           :  1
   OpenMP threads per MPI task         :  28
  #------------------------------------------------------------------- Kernel Initialization
 Poisson Kernel Initialization:
    #---------------------------------------------------------------------- Input parameters
   setup:
     accel                             : DBFFT #  Material Acceleration
     use_gpu_direct                    : Yes #    Force (or not) the usage of GPUdirect communication, if available
     verbose                           : Yes #    Verbosity switch
     keep_gpu_memory                   : Yes #    Do not deallocate GPU memory at each call of the (G)PS routine
     taskgroup_size                    : 0 #      Size of the taskgroups of the Poisson Solver
     global_data                       : No #     Charge density and Electrostatic potential are given by global arrays
     output                            : none #   Quantities to be plotted after the main solver routine
  #------------------------------------------------------------------- Kernel Initialization
 Poisson Kernel Initialization:
    #---------------------------------------------------------------------- Input parameters
   setup:
     accel                             : DBFFT #  Material Acceleration
     output                            : none #   Quantities to be plotted after the main solver routine
   kernel:
     screening                         : 0 #      Mu screening parameter
     isf_order                         : 16 #     Order of the Interpolating Scaling Function family
     stress_tensor                     : Yes #    Triggers the calculation of the stress tensor
   environment:
     cavity                            : none #   Type of the cavity
     fd_order                          : 16 #     Order of the Finite-difference derivatives for the GPS solver
     itermax                           : 200 #    Maximum number of iterations of the GPS outer loop
     minres                            : 1.e-8 #  Convergence threshold of the loop
     pb_method                         : none #   Defines the method for the Poisson Boltzmann Equation
   MPI tasks                           :  1
   OpenMP threads per MPI task         :  28
   Poisson Solver GPU Enumerator:
     BACKEND                           :  2
     Attributes:
       DEVICE                          :  0
       MODEL                           :  2
     verbose                           : Yes #    Verbosity switch
     keep_gpu_memory                   : Yes #    Do not deallocate GPU memory at each call of the (G)PS routine
     taskgroup_size                    : 0 #      Size of the taskgroups of the Poisson Solver
     global_data                       : No #     Charge density and Electrostatic potential are given by global arrays
     output                            : none #   Quantities to be plotted after the main solver routine
   kernel:
     screening                         : 0 #      Mu screening parameter
   environment:
     cavity                            : none #   Type of the cavity
     fd_order                          : 16 #     Order of the Finite-difference derivatives for the GPS solver
     itermax                           : 200 #    Maximum number of iterations of the GPS outer loop
     minres                            : 1.e-8 #  Convergence threshold of the loop
     pb_method                         : none #   Defines the method for the Poisson Boltzmann Equation
   MPI tasks                           :  1
   OpenMP threads per MPI task         :  28
   Poisson Solver GPU Enumerator:
     BACKEND                           :  2
     Attributes:
       DEVICE                          :  0
       MODEL                           :  2
    #---------------------------------------------------------------------- Input parameters
   setup:
     accel                             : DBFFT #  Material Acceleration
     use_gpu_direct                    : Yes #    Force (or not) the usage of GPUdirect communication, if available
     taskgroup_size                    : 0 #      Size of the taskgroups of the Poisson Solver
     global_data                       : No #     Charge density and Electrostatic potential are given by global arrays
     output                            : none #   Quantities to be plotted after the main solver routine
   kernel:
     screening                         : 0 #      Mu screening parameter
     isf_order                         : 16 #     Order of the Interpolating Scaling Function family
     itermax                           : 200 #    Maximum number of iterations of the GPS outer loop
     minres                            : 1.e-8 #  Convergence threshold of the loop
     pb_method                         : none #   Defines the method for the Poisson Boltzmann Equation
   MPI tasks                           :  1
   OpenMP threads per MPI task         :  28
   Poisson Solver GPU Enumerator:
     BACKEND                           :  2
     Attributes:
       DEVICE                          :  0
       MODEL                           :  2
     output                            : none #   Quantities to be plotted after the main solver routine
   kernel:
     screening                         : 0 #      Mu screening parameter
     isf_order                         : 16 #     Order of the Interpolating Scaling Function family
     stress_tensor                     : Yes #    Triggers the calculation of the stress tensor
   environment:
     cavity                            : none #   Type of the cavity
     fd_order                          : 16 #     Order of the Finite-difference derivatives for the GPS solver
     itermax                           : 200 #    Maximum number of iterations of the GPS outer loop
     minres                            : 1.e-8 #  Convergence threshold of the loop
     pb_method                         : none #   Defines the method for the Poisson Boltzmann Equation
   MPI tasks                           :  1
   OpenMP threads per MPI task         :  28
   Poisson Solver GPU Enumerator:
     BACKEND                           :  2
  #------------------------------------------------------------------- Kernel Initialization
 Poisson Kernel Initialization:
    #---------------------------------------------------------------------- Input parameters
   setup:
   setup:
     accel                             : DBFFT #  Material Acceleration
     use_gpu_direct                    : Yes #    Force (or not) the usage of GPUdirect communication, if available
     verbose                           : Yes #    Verbosity switch
     keep_gpu_memory                   : Yes #    Do not deallocate GPU memory at each call of the (G)PS routine
     output                            : none #   Quantities to be plotted after the main solver routine
   kernel:
     screening                         : 0 #      Mu screening parameter
     isf_order                         : 16 #     Order of the Interpolating Scaling Function family
     stress_tensor                     : Yes #    Triggers the calculation of the stress tensor
   environment:
     cavity                            : none #   Type of the cavity
     fd_order                          : 16 #     Order of the Finite-difference derivatives for the GPS solver
     itermax                           : 200 #    Maximum number of iterations of the GPS outer loop
     minres                            : 1.e-8 #  Convergence threshold of the loop
     pb_method                         : none #   Defines the method for the Poisson Boltzmann Equation
   MPI tasks                           :  1
   OpenMP threads per MPI task         :  28
   Poisson Solver GPU Enumerator:
     BACKEND                           :  2
     Attributes:
       DEVICE                          :  0
       MODEL                           :  2
     keep_gpu_memory                   : Yes #    Do not deallocate GPU memory at each call of the (G)PS routine
     taskgroup_size                    : 0 #      Size of the taskgroups of the Poisson Solver
     global_data                       : No #     Charge density and Electrostatic potential are given by global arrays
     output                            : none #   Quantities to be plotted after the main solver routine
   kernel:
     screening                         : 0 #      Mu screening parameter
     stress_tensor                     : Yes #    Triggers the calculation of the stress tensor
   environment:
     cavity                            : none #   Type of the cavity
     fd_order                          : 16 #     Order of the Finite-difference derivatives for the GPS solver
     itermax                           : 200 #    Maximum number of iterations of the GPS outer loop
     minres                            : 1.e-8 #  Convergence threshold of the loop
     pb_method                         : none #   Defines the method for the Poisson Boltzmann Equation
   MPI tasks                           :  1
   OpenMP threads per MPI task         :  28
   Poisson Solver GPU Enumerator:
     BACKEND                           :  2
     Attributes:
       DEVICE                          :  0
       MODEL                           :  2
  #------------------------------------------------------------------- Kernel Initialization
 Poisson Kernel Initialization:
    #---------------------------------------------------------------------- Input parameters
   setup:
     accel                             : DBFFT #  Material Acceleration
     use_gpu_direct                    : Yes #    Force (or not) the usage of GPUdirect communication, if available
     verbose                           : Yes #    Verbosity switch
     keep_gpu_memory                   : Yes #    Do not deallocate GPU memory at each call of the (G)PS routine
     taskgroup_size                    : 0 #      Size of the taskgroups of the Poisson Solver
     global_data                       : No #     Charge density and Electrostatic potential are given by global arrays
     output                            : none #   Quantities to be plotted after the main solver routine
   kernel:
     screening                         : 0 #      Mu screening parameter
     isf_order                         : 16 #     Order of the Interpolating Scaling Function family
     stress_tensor                     : Yes #    Triggers the calculation of the stress tensor
     output                            : none #   Quantities to be plotted after the main solver routine
   kernel:
     screening                         : 0 #      Mu screening parameter
     isf_order                         : 16 #     Order of the Interpolating Scaling Function family
     stress_tensor                     : Yes #    Triggers the calculation of the stress tensor
   environment:
     cavity                            : none #   Type of the cavity
     fd_order                          : 16 #     Order of the Finite-difference derivatives for the GPS solver
     itermax                           : 200 #    Maximum number of iterations of the GPS outer loop
     minres                            : 1.e-8 #  Convergence threshold of the loop
     pb_method                         : none #   Defines the method for the Poisson Boltzmann Equation
     stress_tensor                     : Yes #    Triggers the calculation of the stress tensor
   environment:
     cavity                            : none #   Type of the cavity
     fd_order                          : 16 #     Order of the Finite-difference derivatives for the GPS solver
     itermax                           : 200 #    Maximum number of iterations of the GPS outer loop
     minres                            : 1.e-8 #  Convergence threshold of the loop
     pb_method                         : none #   Defines the method for the Poisson Boltzmann Equation
   MPI tasks                           :  1
   OpenMP threads per MPI task         :  28
   Poisson Solver GPU Enumerator:
     BACKEND                           :  2
     Attributes:
       DEVICE                          :  0
       MODEL                           :  2
     screening                         : 0 #      Mu screening parameter
     isf_order                         : 16 #     Order of the Interpolating Scaling Function family
     stress_tensor                     : Yes #    Triggers the calculation of the stress tensor
   environment:
     cavity                            : none #   Type of the cavity
     use_gpu_direct                    : Yes #    Force (or not) the usage of GPUdirect communication, if available
     verbose                           : Yes #    Verbosity switch
     keep_gpu_memory                   : Yes #    Do not deallocate GPU memory at each call of the (G)PS routine
     taskgroup_size                    : 0 #      Size of the taskgroups of the Poisson Solver
     output                            : none #   Quantities to be plotted after the main solver routine
   kernel:
     screening                         : 0 #      Mu screening parameter
     isf_order                         : 16 #     Order of the Interpolating Scaling Function family
     stress_tensor                     : Yes #    Triggers the calculation of the stress tensor
   environment:
     cavity                            : none #   Type of the cavity
     fd_order                          : 16 #     Order of the Finite-difference derivatives for the GPS solver
     itermax                           : 200 #    Maximum number of iterations of the GPS outer loop
     minres                            : 1.e-8 #  Convergence threshold of the loop
     pb_method                         : none #   Defines the method for the Poisson Boltzmann Equation
   MPI tasks                           :  1
   OpenMP threads per MPI task         :  28
   Poisson Solver GPU Enumerator:
     BACKEND                           :  2
     Attributes:
       DEVICE                          :  0
       MODEL                           :  2
     keep_gpu_memory                   : Yes #    Do not deallocate GPU memory at each call of the (G)PS routine
     taskgroup_size                    : 0 #      Size of the taskgroups of the Poisson Solver
     global_data                       : No #     Charge density and Electrostatic potential are given by global arrays
     output                            : none #   Quantities to be plotted after the main solver routine
   kernel:
     screening                         : 0 #      Mu screening parameter
     isf_order                         : 16 #     Order of the Interpolating Scaling Function family
     stress_tensor                     : Yes #    Triggers the calculation of the stress tensor
   environment:
     fd_order                          : 16 #     Order of the Finite-difference derivatives for the GPS solver
     itermax                           : 200 #    Maximum number of iterations of the GPS outer loop
     minres                            : 1.e-8 #  Convergence threshold of the loop
     pb_method                         : none #   Defines the method for the Poisson Boltzmann Equation
   MPI tasks                           :  1
   OpenMP threads per MPI task         :  28
   Poisson Solver GPU Enumerator:
     BACKEND                           :  2
     Attributes:
       DEVICE                          :  0
       MODEL                           :  2
   setup:
     accel                             : DBFFT #  Material Acceleration
     use_gpu_direct                    : Yes #    Force (or not) the usage of GPUdirect communication, if available
     verbose                           : Yes #    Verbosity switch
     keep_gpu_memory                   : Yes #    Do not deallocate GPU memory at each call of the (G)PS routine
     taskgroup_size                    : 0 #      Size of the taskgroups of the Poisson Solver
     global_data                       : No #     Charge density and Electrostatic potential are given by global arrays
     output                            : none #   Quantities to be plotted after the main solver routine
   kernel:
     screening                         : 0 #      Mu screening parameter
     isf_order                         : 16 #     Order of the Interpolating Scaling Function family
     keep_gpu_memory                   : Yes #    Do not deallocate GPU memory at each call of the (G)PS routine
     taskgroup_size                    : 0 #      Size of the taskgroups of the Poisson Solver
     global_data                       : No #     Charge density and Electrostatic potential are given by global arrays
     output                            : none #   Quantities to be plotted after the main solver routine
   kernel:
     screening                         : 0 #      Mu screening parameter
     isf_order                         : 16 #     Order of the Interpolating Scaling Function family
     stress_tensor                     : Yes #    Triggers the calculation of the stress tensor
   environment:
     cavity                            : none #   Type of the cavity
     fd_order                          : 16 #     Order of the Finite-difference derivatives for the GPS solver
     itermax                           : 200 #    Maximum number of iterations of the GPS outer loop
     minres                            : 1.e-8 #  Convergence threshold of the loop
     cavity                            : none #   Type of the cavity
     fd_order                          : 16 #     Order of the Finite-difference derivatives for the GPS solver
     itermax                           : 200 #    Maximum number of iterations of the GPS outer loop
     minres                            : 1.e-8 #  Convergence threshold of the loop
     pb_method                         : none #   Defines the method for the Poisson Boltzmann Equation
   MPI tasks                           :  1
   OpenMP threads per MPI task         :  28
     isf_order                         : 16 #     Order of the Interpolating Scaling Function family
     stress_tensor                     : Yes #    Triggers the calculation of the stress tensor
   environment:
     cavity                            : none #   Type of the cavity
     verbose                           : Yes #    Verbosity switch
     keep_gpu_memory                   : Yes #    Do not deallocate GPU memory at each call of the (G)PS routine
     taskgroup_size                    : 0 #      Size of the taskgroups of the Poisson Solver
     global_data                       : No #     Charge density and Electrostatic potential are given by global arrays
     fd_order                          : 16 #     Order of the Finite-difference derivatives for the GPS solver
     itermax                           : 200 #    Maximum number of iterations of the GPS outer loop
     minres                            : 1.e-8 #  Convergence threshold of the loop
     pb_method                         : none #   Defines the method for the Poisson Boltzmann Equation
   MPI tasks                           :  1
   OpenMP threads per MPI task         :  28
   Poisson Solver GPU Enumerator:
     BACKEND                           :  2
     Attributes:
       DEVICE                          :  0
       MODEL                           :  2
     global_data                       : No #     Charge density and Electrostatic potential are given by global arrays
     output                            : none #   Quantities to be plotted after the main solver routine
   kernel:
     screening                         : 0 #      Mu screening parameter
     isf_order                         : 16 #     Order of the Interpolating Scaling Function family
     stress_tensor                     : Yes #    Triggers the calculation of the stress tensor
   environment:
     cavity                            : none #   Type of the cavity
     fd_order                          : 16 #     Order of the Finite-difference derivatives for the GPS solver
   Poisson Solver GPU Enumerator:
     BACKEND                           :  2
     Attributes:
       DEVICE                          :  0
       MODEL                           :  2
     accel                             : DBFFT #  Material Acceleration
     use_gpu_direct                    : Yes #    Force (or not) the usage of GPUdirect communication, if available
     verbose                           : Yes #    Verbosity switch
     keep_gpu_memory                   : Yes #    Do not deallocate GPU memory at each call of the (G)PS routine
     taskgroup_size                    : 0 #      Size of the taskgroups of the Poisson Solver
     taskgroup_size                    : 0 #      Size of the taskgroups of the Poisson Solver
     global_data                       : No #     Charge density and Electrostatic potential are given by global arrays
     output                            : none #   Quantities to be plotted after the main solver routine
   kernel:
     screening                         : 0 #      Mu screening parameter
     isf_order                         : 16 #     Order of the Interpolating Scaling Function family
  #------------------------------------------------------------------- Kernel Initialization
 Poisson Kernel Initialization:
    #---------------------------------------------------------------------- Input parameters
   setup:
     accel                             : DBFFT #  Material Acceleration
     use_gpu_direct                    : Yes #    Force (or not) the usage of GPUdirect communication, if available
     verbose                           : Yes #    Verbosity switch
     keep_gpu_memory                   : Yes #    Do not deallocate GPU memory at each call of the (G)PS routine
     taskgroup_size                    : 0 #      Size of the taskgroups of the Poisson Solver
     global_data                       : No #     Charge density and Electrostatic potential are given by global arrays
     output                            : none #   Quantities to be plotted after the main solver routine
   kernel:
     screening                         : 0 #      Mu screening parameter
     isf_order                         : 16 #     Order of the Interpolating Scaling Function family
     stress_tensor                     : Yes #    Triggers the calculation of the stress tensor
   environment:
     cavity                            : none #   Type of the cavity
     fd_order                          : 16 #     Order of the Finite-difference derivatives for the GPS solver
     itermax                           : 200 #    Maximum number of iterations of the GPS outer loop
     cavity                            : none #   Type of the cavity
     fd_order                          : 16 #     Order of the Finite-difference derivatives for the GPS solver
     itermax                           : 200 #    Maximum number of iterations of the GPS outer loop
     minres                            : 1.e-8 #  Convergence threshold of the loop
     pb_method                         : none #   Defines the method for the Poisson Boltzmann Equation
   MPI tasks                           :  1
   OpenMP threads per MPI task         :  28
   Poisson Solver GPU Enumerator:
     BACKEND                           :  2
     Attributes:
       DEVICE                          :  0
       MODEL                           :  2
     isf_order                         : 16 #     Order of the Interpolating Scaling Function family
     stress_tensor                     : Yes #    Triggers the calculation of the stress tensor
   environment:
     cavity                            : none #   Type of the cavity
     taskgroup_size                    : 0 #      Size of the taskgroups of the Poisson Solver
     global_data                       : No #     Charge density and Electrostatic potential are given by global arrays
     output                            : none #   Quantities to be plotted after the main solver routine
     minres                            : 1.e-8 #  Convergence threshold of the loop
     pb_method                         : none #   Defines the method for the Poisson Boltzmann Equation
   MPI tasks                           :  1
   OpenMP threads per MPI task         :  28
   Poisson Solver GPU Enumerator:
     BACKEND                           :  2
     Attributes:
       DEVICE                          :  0
       MODEL                           :  2
     global_data                       : No #     Charge density and Electrostatic potential are given by global arrays
     output                            : none #   Quantities to be plotted after the main solver routine
   kernel:
     screening                         : 0 #      Mu screening parameter
     isf_order                         : 16 #     Order of the Interpolating Scaling Function family
     stress_tensor                     : Yes #    Triggers the calculation of the stress tensor
   environment:
     cavity                            : none #   Type of the cavity
     fd_order                          : 16 #     Order of the Finite-difference derivatives for the GPS solver
       MODEL                           :  2
     stress_tensor                     : Yes #    Triggers the calculation of the stress tensor
   environment:
     cavity                            : none #   Type of the cavity
     fd_order                          : 16 #     Order of the Finite-difference derivatives for the GPS solver
     itermax                           : 200 #    Maximum number of iterations of the GPS outer loop
     global_data                       : No #     Charge density and Electrostatic potential are given by global arrays
     output                            : none #   Quantities to be plotted after the main solver routine
   kernel:
     screening                         : 0 #      Mu screening parameter
     isf_order                         : 16 #     Order of the Interpolating Scaling Function family
     stress_tensor                     : Yes #    Triggers the calculation of the stress tensor
   environment:
   environment:
     cavity                            : none #   Type of the cavity
     fd_order                          : 16 #     Order of the Finite-difference derivatives for the GPS solver
     itermax                           : 200 #    Maximum number of iterations of the GPS outer loop
     minres                            : 1.e-8 #  Convergence threshold of the loop
     pb_method                         : none #   Defines the method for the Poisson Boltzmann Equation
   MPI tasks                           :  1
   OpenMP threads per MPI task         :  28
   Poisson Solver GPU Enumerator:
     BACKEND                           :  2
     Attributes:
       DEVICE                          :  0
       MODEL                           :  2
     fd_order                          : 16 #     Order of the Finite-difference derivatives for the GPS solver
     itermax                           : 200 #    Maximum number of iterations of the GPS outer loop
     minres                            : 1.e-8 #  Convergence threshold of the loop
     pb_method                         : none #   Defines the method for the Poisson Boltzmann Equation
   MPI tasks                           :  1
   OpenMP threads per MPI task         :  28
   Poisson Solver GPU Enumerator:
     BACKEND                           :  2
     Attributes:
       DEVICE                          :  0
       MODEL                           :  2
   kernel:
     screening                         : 0 #      Mu screening parameter
     isf_order                         : 16 #     Order of the Interpolating Scaling Function family
     stress_tensor                     : Yes #    Triggers the calculation of the stress tensor
   environment:
     cavity                            : none #   Type of the cavity
     fd_order                          : 16 #     Order of the Finite-difference derivatives for the GPS solver
     itermax                           : 200 #    Maximum number of iterations of the GPS outer loop
     minres                            : 1.e-8 #  Convergence threshold of the loop
  #------------------------------------------------------------------- Kernel Initialization
 Poisson Kernel Initialization:
    #---------------------------------------------------------------------- Input parameters
   setup:
     accel                             : DBFFT #  Material Acceleration
     use_gpu_direct                    : Yes #    Force (or not) the usage of GPUdirect communication, if available
     verbose                           : Yes #    Verbosity switch
   Poisson Solver GPU Enumerator:
     BACKEND                           :  2
     Attributes:
       DEVICE                          :  0
       MODEL                           :  2
     output                            : none #   Quantities to be plotted after the main solver routine
   kernel:
     screening                         : 0 #      Mu screening parameter
     isf_order                         : 16 #     Order of the Interpolating Scaling Function family
     stress_tensor                     : Yes #    Triggers the calculation of the stress tensor
   environment:
     cavity                            : none #   Type of the cavity
     fd_order                          : 16 #     Order of the Finite-difference derivatives for the GPS solver
     itermax                           : 200 #    Maximum number of iterations of the GPS outer loop
     stress_tensor                     : Yes #    Triggers the calculation of the stress tensor
   environment:
     cavity                            : none #   Type of the cavity
     fd_order                          : 16 #     Order of the Finite-difference derivatives for the GPS solver
     itermax                           : 200 #    Maximum number of iterations of the GPS outer loop
     output                            : none #   Quantities to be plotted after the main solver routine
   kernel:
     screening                         : 0 #      Mu screening parameter
     isf_order                         : 16 #     Order of the Interpolating Scaling Function family
     stress_tensor                     : Yes #    Triggers the calculation of the stress tensor
   environment:
     cavity                            : none #   Type of the cavity
   Poisson Solver GPU Enumerator:
     BACKEND                           :  2
     Attributes:
       DEVICE                          :  0
       MODEL                           :  2
     itermax                           : 200 #    Maximum number of iterations of the GPS outer loop
     minres                            : 1.e-8 #  Convergence threshold of the loop
     pb_method                         : none #   Defines the method for the Poisson Boltzmann Equation
   MPI tasks                           :  1
   OpenMP threads per MPI task         :  28
   Poisson Solver GPU Enumerator:
     BACKEND                           :  2
     Attributes:
       DEVICE                          :  0
       MODEL                           :  2
     isf_order                         : 16 #     Order of the Interpolating Scaling Function family
     stress_tensor                     : Yes #    Triggers the calculation of the stress tensor
   environment:
     cavity                            : none #   Type of the cavity
     fd_order                          : 16 #     Order of the Finite-difference derivatives for the GPS solver
     itermax                           : 200 #    Maximum number of iterations of the GPS outer loop
     minres                            : 1.e-8 #  Convergence threshold of the loop
     pb_method                         : none #   Defines the method for the Poisson Boltzmann Equation
   MPI tasks                           :  1
   OpenMP threads per MPI task         :  28
  #------------------------------------------------------------------- Kernel Initialization
 Poisson Kernel Initialization:
    #---------------------------------------------------------------------- Input parameters
   setup:
     accel                             : DBFFT #  Material Acceleration
     use_gpu_direct                    : Yes #    Force (or not) the usage of GPUdirect communication, if available
     verbose                           : Yes #    Verbosity switch
     keep_gpu_memory                   : Yes #    Do not deallocate GPU memory at each call of the (G)PS routine
     screening                         : 0 #      Mu screening parameter
     isf_order                         : 16 #     Order of the Interpolating Scaling Function family
     stress_tensor                     : Yes #    Triggers the calculation of the stress tensor
   environment:
     cavity                            : none #   Type of the cavity
     fd_order                          : 16 #     Order of the Finite-difference derivatives for the GPS solver
   kernel:
     screening                         : 0 #      Mu screening parameter
     isf_order                         : 16 #     Order of the Interpolating Scaling Function family
     stress_tensor                     : Yes #    Triggers the calculation of the stress tensor
   environment:
   kernel:
     screening                         : 0 #      Mu screening parameter
     isf_order                         : 16 #     Order of the Interpolating Scaling Function family
     stress_tensor                     : Yes #    Triggers the calculation of the stress tensor
   environment:
     cavity                            : none #   Type of the cavity
     fd_order                          : 16 #     Order of the Finite-difference derivatives for the GPS solver
     global_data                       : No #     Charge density and Electrostatic potential are given by global arrays
     output                            : none #   Quantities to be plotted after the main solver routine
   kernel:
     screening                         : 0 #      Mu screening parameter
     isf_order                         : 16 #     Order of the Interpolating Scaling Function family
     stress_tensor                     : Yes #    Triggers the calculation of the stress tensor
   environment:
     cavity                            : none #   Type of the cavity
     fd_order                          : 16 #     Order of the Finite-difference derivatives for the GPS solver
     itermax                           : 200 #    Maximum number of iterations of the GPS outer loop
     minres                            : 1.e-8 #  Convergence threshold of the loop
     pb_method                         : none #   Defines the method for the Poisson Boltzmann Equation
     minres                            : 1.e-8 #  Convergence threshold of the loop
     pb_method                         : none #   Defines the method for the Poisson Boltzmann Equation
   MPI tasks                           :  1
   OpenMP threads per MPI task         :  28
   Poisson Solver GPU Enumerator:
     BACKEND                           :  2
     Attributes:
       DEVICE                          :  0
       MODEL                           :  2
     output                            : none #   Quantities to be plotted after the main solver routine
   kernel:
     screening                         : 0 #      Mu screening parameter
     isf_order                         : 16 #     Order of the Interpolating Scaling Function family
     stress_tensor                     : Yes #    Triggers the calculation of the stress tensor
   environment:
     cavity                            : none #   Type of the cavity
     fd_order                          : 16 #     Order of the Finite-difference derivatives for the GPS solver
     itermax                           : 200 #    Maximum number of iterations of the GPS outer loop
     minres                            : 1.e-8 #  Convergence threshold of the loop
     pb_method                         : none #   Defines the method for the Poisson Boltzmann Equation
   MPI tasks                           :  1
   OpenMP threads per MPI task         :  28
   MPI tasks                           :  1
   OpenMP threads per MPI task         :  28
   Poisson Solver GPU Enumerator:
     BACKEND                           :  2
     Attributes:
       DEVICE                          :  0
       MODEL                           :  2
     isf_order                         : 16 #     Order of the Interpolating Scaling Function family
     stress_tensor                     : Yes #    Triggers the calculation of the stress tensor
   environment:
     cavity                            : none #   Type of the cavity
     fd_order                          : 16 #     Order of the Finite-difference derivatives for the GPS solver
     itermax                           : 200 #    Maximum number of iterations of the GPS outer loop
     verbose                           : Yes #    Verbosity switch
     keep_gpu_memory                   : Yes #    Do not deallocate GPU memory at each call of the (G)PS routine
     taskgroup_size                    : 0 #      Size of the taskgroups of the Poisson Solver
     global_data                       : No #     Charge density and Electrostatic potential are given by global arrays
     screening                         : 0 #      Mu screening parameter
     isf_order                         : 16 #     Order of the Interpolating Scaling Function family
     stress_tensor                     : Yes #    Triggers the calculation of the stress tensor
   environment:
     cavity                            : none #   Type of the cavity
     fd_order                          : 16 #     Order of the Finite-difference derivatives for the GPS solver
     itermax                           : 200 #    Maximum number of iterations of the GPS outer loop
   MPI tasks                           :  1
   OpenMP threads per MPI task         :  28
   Poisson Solver GPU Enumerator:
     BACKEND                           :  2
     Attributes:
       DEVICE                          :  0
       MODEL                           :  2
   Poisson Solver GPU Enumerator:
     BACKEND                           :  2
     Attributes:
       DEVICE                          :  0
       MODEL                           :  2
   kernel:
     screening                         : 0 #      Mu screening parameter
     isf_order                         : 16 #     Order of the Interpolating Scaling Function family
     stress_tensor                     : Yes #    Triggers the calculation of the stress tensor
   environment:
     cavity                            : none #   Type of the cavity
     fd_order                          : 16 #     Order of the Finite-difference derivatives for the GPS solver
     itermax                           : 200 #    Maximum number of iterations of the GPS outer loop
     minres                            : 1.e-8 #  Convergence threshold of the loop
     pb_method                         : none #   Defines the method for the Poisson Boltzmann Equation
     use_gpu_direct                    : Yes #    Force (or not) the usage of GPUdirect communication, if available
     verbose                           : Yes #    Verbosity switch
     keep_gpu_memory                   : Yes #    Do not deallocate GPU memory at each call of the (G)PS routine
     isf_order                         : 16 #     Order of the Interpolating Scaling Function family
     stress_tensor                     : Yes #    Triggers the calculation of the stress tensor
   environment:
     cavity                            : none #   Type of the cavity
     fd_order                          : 16 #     Order of the Finite-difference derivatives for the GPS solver
     itermax                           : 200 #    Maximum number of iterations of the GPS outer loop
     taskgroup_size                    : 0 #      Size of the taskgroups of the Poisson Solver
     global_data                       : No #     Charge density and Electrostatic potential are given by global arrays
     stress_tensor                     : Yes #    Triggers the calculation of the stress tensor
   environment:
     cavity                            : none #   Type of the cavity
     fd_order                          : 16 #     Order of the Finite-difference derivatives for the GPS solver
     itermax                           : 200 #    Maximum number of iterations of the GPS outer loop
     minres                            : 1.e-8 #  Convergence threshold of the loop
     pb_method                         : none #   Defines the method for the Poisson Boltzmann Equation
     pb_method                         : none #   Defines the method for the Poisson Boltzmann Equation
   MPI tasks                           :  1
   OpenMP threads per MPI task         :  28
   Poisson Solver GPU Enumerator:
     BACKEND                           :  2
     Attributes:
       DEVICE                          :  0
       MODEL                           :  2
     Attributes:
       DEVICE                          :  0
       MODEL                           :  2
     accel                             : DBFFT #  Material Acceleration
     use_gpu_direct                    : Yes #    Force (or not) the usage of GPUdirect communication, if available
     verbose                           : Yes #    Verbosity switch
     keep_gpu_memory                   : Yes #    Do not deallocate GPU memory at each call of the (G)PS routine
     taskgroup_size                    : 0 #      Size of the taskgroups of the Poisson Solver
     global_data                       : No #     Charge density and Electrostatic potential are given by global arrays
     output                            : none #   Quantities to be plotted after the main solver routine
   kernel:
     screening                         : 0 #      Mu screening parameter
     isf_order                         : 16 #     Order of the Interpolating Scaling Function family
     taskgroup_size                    : 0 #      Size of the taskgroups of the Poisson Solver
     global_data                       : No #     Charge density and Electrostatic potential are given by global arrays
     output                            : none #   Quantities to be plotted after the main solver routine
   kernel:
     isf_order                         : 16 #     Order of the Interpolating Scaling Function family
     stress_tensor                     : Yes #    Triggers the calculation of the stress tensor
   environment:
     cavity                            : none #   Type of the cavity
     fd_order                          : 16 #     Order of the Finite-difference derivatives for the GPS solver
     itermax                           : 200 #    Maximum number of iterations of the GPS outer loop
     minres                            : 1.e-8 #  Convergence threshold of the loop
     taskgroup_size                    : 0 #      Size of the taskgroups of the Poisson Solver
     global_data                       : No #     Charge density and Electrostatic potential are given by global arrays
     output                            : none #   Quantities to be plotted after the main solver routine
   kernel:
   environment:
     cavity                            : none #   Type of the cavity
     fd_order                          : 16 #     Order of the Finite-difference derivatives for the GPS solver
     itermax                           : 200 #    Maximum number of iterations of the GPS outer loop
     minres                            : 1.e-8 #  Convergence threshold of the loop
     pb_method                         : none #   Defines the method for the Poisson Boltzmann Equation
     minres                            : 1.e-8 #  Convergence threshold of the loop
     pb_method                         : none #   Defines the method for the Poisson Boltzmann Equation
   MPI tasks                           :  1
   OpenMP threads per MPI task         :  28
   Poisson Solver GPU Enumerator:
   Poisson Solver GPU Enumerator:
     BACKEND                           :  2
     Attributes:
       DEVICE                          :  0
       MODEL                           :  2
     fd_order                          : 16 #     Order of the Finite-difference derivatives for the GPS solver
     itermax                           : 200 #    Maximum number of iterations of the GPS outer loop
     minres                            : 1.e-8 #  Convergence threshold of the loop
     pb_method                         : none #   Defines the method for the Poisson Boltzmann Equation
   MPI tasks                           :  1
   OpenMP threads per MPI task         :  28
   Poisson Solver GPU Enumerator:
     BACKEND                           :  2
     Attributes:
       DEVICE                          :  0
       MODEL                           :  2
     global_data                       : No #     Charge density and Electrostatic potential are given by global arrays
     output                            : none #   Quantities to be plotted after the main solver routine
   kernel:
     screening                         : 0 #      Mu screening parameter
     cavity                            : none #   Type of the cavity
     fd_order                          : 16 #     Order of the Finite-difference derivatives for the GPS solver
     itermax                           : 200 #    Maximum number of iterations of the GPS outer loop
     minres                            : 1.e-8 #  Convergence threshold of the loop
     global_data                       : No #     Charge density and Electrostatic potential are given by global arrays
     output                            : none #   Quantities to be plotted after the main solver routine
   kernel:
     stress_tensor                     : Yes #    Triggers the calculation of the stress tensor
   environment:
     cavity                            : none #   Type of the cavity
     fd_order                          : 16 #     Order of the Finite-difference derivatives for the GPS solver
     itermax                           : 200 #    Maximum number of iterations of the GPS outer loop
     minres                            : 1.e-8 #  Convergence threshold of the loop
   MPI tasks                           :  1
   OpenMP threads per MPI task         :  28
   Poisson Solver GPU Enumerator:
     BACKEND                           :  2
     Attributes:
       DEVICE                          :  0
       MODEL                           :  2
     fd_order                          : 16 #     Order of the Finite-difference derivatives for the GPS solver
     itermax                           : 200 #    Maximum number of iterations of the GPS outer loop
     minres                            : 1.e-8 #  Convergence threshold of the loop
     pb_method                         : none #   Defines the method for the Poisson Boltzmann Equation
   MPI tasks                           :  1
   OpenMP threads per MPI task         :  28
   Poisson Solver GPU Enumerator:
     BACKEND                           :  2
     Attributes:
       DEVICE                          :  0
       MODEL                           :  2
     output                            : none #   Quantities to be plotted after the main solver routine
   kernel:
     screening                         : 0 #      Mu screening parameter
     itermax                           : 200 #    Maximum number of iterations of the GPS outer loop
     minres                            : 1.e-8 #  Convergence threshold of the loop
     pb_method                         : none #   Defines the method for the Poisson Boltzmann Equation
   MPI tasks                           :  1
   OpenMP threads per MPI task         :  28
   Poisson Solver GPU Enumerator:
     minres                            : 1.e-8 #  Convergence threshold of the loop
     pb_method                         : none #   Defines the method for the Poisson Boltzmann Equation
   MPI tasks                           :  1
   OpenMP threads per MPI task         :  28
     stress_tensor                     : Yes #    Triggers the calculation of the stress tensor
   environment:
     cavity                            : none #   Type of the cavity
     fd_order                          : 16 #     Order of the Finite-difference derivatives for the GPS solver
     itermax                           : 200 #    Maximum number of iterations of the GPS outer loop
     minres                            : 1.e-8 #  Convergence threshold of the loop
     pb_method                         : none #   Defines the method for the Poisson Boltzmann Equation
     BACKEND                           :  2
     Attributes:
       DEVICE                          :  0
     fd_order                          : 16 #     Order of the Finite-difference derivatives for the GPS solver
     itermax                           : 200 #    Maximum number of iterations of the GPS outer loop
     minres                            : 1.e-8 #  Convergence threshold of the loop
     pb_method                         : none #   Defines the method for the Poisson Boltzmann Equation
   MPI tasks                           :  1
   OpenMP threads per MPI task         :  28
   Poisson Solver GPU Enumerator:
     BACKEND                           :  2
     Attributes:
       DEVICE                          :  0
       MODEL                           :  2
   kernel:
     screening                         : 0 #      Mu screening parameter
     isf_order                         : 16 #     Order of the Interpolating Scaling Function family
     stress_tensor                     : Yes #    Triggers the calculation of the stress tensor
     itermax                           : 200 #    Maximum number of iterations of the GPS outer loop
     minres                            : 1.e-8 #  Convergence threshold of the loop
     pb_method                         : none #   Defines the method for the Poisson Boltzmann Equation
   MPI tasks                           :  1
   OpenMP threads per MPI task         :  28
   Poisson Solver GPU Enumerator:
     BACKEND                           :  2
     minres                            : 1.e-8 #  Convergence threshold of the loop
     pb_method                         : none #   Defines the method for the Poisson Boltzmann Equation
   MPI tasks                           :  1
     cavity                            : none #   Type of the cavity
     fd_order                          : 16 #     Order of the Finite-difference derivatives for the GPS solver
     itermax                           : 200 #    Maximum number of iterations of the GPS outer loop
     minres                            : 1.e-8 #  Convergence threshold of the loop
     pb_method                         : none #   Defines the method for the Poisson Boltzmann Equation
       MODEL                           :  2
     pb_method                         : none #   Defines the method for the Poisson Boltzmann Equation
   MPI tasks                           :  1
   OpenMP threads per MPI task         :  28
   Poisson Solver GPU Enumerator:
     BACKEND                           :  2
     Attributes:
       DEVICE                          :  0
       MODEL                           :  2
     keep_gpu_memory                   : Yes #    Do not deallocate GPU memory at each call of the (G)PS routine
     taskgroup_size                    : 0 #      Size of the taskgroups of the Poisson Solver
     global_data                       : No #     Charge density and Electrostatic potential are given by global arrays
     minres                            : 1.e-8 #  Convergence threshold of the loop
     pb_method                         : none #   Defines the method for the Poisson Boltzmann Equation
   MPI tasks                           :  1
   OpenMP threads per MPI task         :  28
   Poisson Solver GPU Enumerator:
     BACKEND                           :  2
     Attributes:
     cavity                            : none #   Type of the cavity
     fd_order                          : 16 #     Order of the Finite-difference derivatives for the GPS solver
     itermax                           : 200 #    Maximum number of iterations of the GPS outer loop
     minres                            : 1.e-8 #  Convergence threshold of the loop
     fd_order                          : 16 #     Order of the Finite-difference derivatives for the GPS solver
     itermax                           : 200 #    Maximum number of iterations of the GPS outer loop
     minres                            : 1.e-8 #  Convergence threshold of the loop
     pb_method                         : none #   Defines the method for the Poisson Boltzmann Equation
   Poisson Solver GPU Enumerator:
     BACKEND                           :  2
     Attributes:
       DEVICE                          :  0
       MODEL                           :  2
     taskgroup_size                    : 0 #      Size of the taskgroups of the Poisson Solver
     global_data                       : No #     Charge density and Electrostatic potential are given by global arrays
     itermax                           : 200 #    Maximum number of iterations of the GPS outer loop
     minres                            : 1.e-8 #  Convergence threshold of the loop
     pb_method                         : none #   Defines the method for the Poisson Boltzmann Equation
   MPI tasks                           :  1
   OpenMP threads per MPI task         :  28
   Poisson Solver GPU Enumerator:
     screening                         : 0 #      Mu screening parameter
     isf_order                         : 16 #     Order of the Interpolating Scaling Function family
     stress_tensor                     : Yes #    Triggers the calculation of the stress tensor
   environment:
     cavity                            : none #   Type of the cavity
     fd_order                          : 16 #     Order of the Finite-difference derivatives for the GPS solver
     itermax                           : 200 #    Maximum number of iterations of the GPS outer loop
     minres                            : 1.e-8 #  Convergence threshold of the loop
     pb_method                         : none #   Defines the method for the Poisson Boltzmann Equation
     itermax                           : 200 #    Maximum number of iterations of the GPS outer loop
     minres                            : 1.e-8 #  Convergence threshold of the loop
     pb_method                         : none #   Defines the method for the Poisson Boltzmann Equation
   Poisson Solver GPU Enumerator:
     BACKEND                           :  2
     Attributes:
       DEVICE                          :  0
       MODEL                           :  2
     screening                         : 0 #      Mu screening parameter
     isf_order                         : 16 #     Order of the Interpolating Scaling Function family
     minres                            : 1.e-8 #  Convergence threshold of the loop
     pb_method                         : none #   Defines the method for the Poisson Boltzmann Equation
   MPI tasks                           :  1
   OpenMP threads per MPI task         :  28
   Poisson Solver GPU Enumerator:
     BACKEND                           :  2
     Attributes:
       DEVICE                          :  0
     output                            : none #   Quantities to be plotted after the main solver routine
   kernel:
     screening                         : 0 #      Mu screening parameter
     isf_order                         : 16 #     Order of the Interpolating Scaling Function family
     stress_tensor                     : Yes #    Triggers the calculation of the stress tensor
   environment:
     cavity                            : none #   Type of the cavity
     minres                            : 1.e-8 #  Convergence threshold of the loop
     pb_method                         : none #   Defines the method for the Poisson Boltzmann Equation
   MPI tasks                           :  1
   MPI tasks                           :  1
   OpenMP threads per MPI task         :  28
   Poisson Solver GPU Enumerator:
     BACKEND                           :  2
     Attributes:
       DEVICE                          :  0
       MODEL                           :  2
     isf_order                         : 16 #     Order of the Interpolating Scaling Function family
     stress_tensor                     : Yes #    Triggers the calculation of the stress tensor
   environment:
     minres                            : 1.e-8 #  Convergence threshold of the loop
     pb_method                         : none #   Defines the method for the Poisson Boltzmann Equation
   MPI tasks                           :  1
   OpenMP threads per MPI task         :  28
   Poisson Solver GPU Enumerator:
     BACKEND                           :  2
     Attributes:
       DEVICE                          :  0
       MODEL                           :  2
     output                            : none #   Quantities to be plotted after the main solver routine
   kernel:
     screening                         : 0 #      Mu screening parameter
     isf_order                         : 16 #     Order of the Interpolating Scaling Function family
     stress_tensor                     : Yes #    Triggers the calculation of the stress tensor
   environment:
     cavity                            : none #   Type of the cavity
     fd_order                          : 16 #     Order of the Finite-difference derivatives for the GPS solver
   MPI tasks                           :  1
   OpenMP threads per MPI task         :  28
     stress_tensor                     : Yes #    Triggers the calculation of the stress tensor
   environment:
     cavity                            : none #   Type of the cavity
     fd_order                          : 16 #     Order of the Finite-difference derivatives for the GPS solver
     itermax                           : 200 #    Maximum number of iterations of the GPS outer loop
     minres                            : 1.e-8 #  Convergence threshold of the loop
     pb_method                         : none #   Defines the method for the Poisson Boltzmann Equation
   MPI tasks                           :  1
   OpenMP threads per MPI task         :  28
     isf_order                         : 16 #     Order of the Interpolating Scaling Function family
     stress_tensor                     : Yes #    Triggers the calculation of the stress tensor
   environment:
     pb_method                         : none #   Defines the method for the Poisson Boltzmann Equation
   MPI tasks                           :  1
   OpenMP threads per MPI task         :  28
   Poisson Solver GPU Enumerator:
     BACKEND                           :  2
     Attributes:
       DEVICE                          :  0
       MODEL                           :  2
     screening                         : 0 #      Mu screening parameter
     isf_order                         : 16 #     Order of the Interpolating Scaling Function family
     stress_tensor                     : Yes #    Triggers the calculation of the stress tensor
   environment:
     cavity                            : none #   Type of the cavity
     fd_order                          : 16 #     Order of the Finite-difference derivatives for the GPS solver
   MPI tasks                           :  1
   OpenMP threads per MPI task         :  28
   Poisson Solver GPU Enumerator:
   Poisson Solver GPU Enumerator:
     BACKEND                           :  2
   environment:
     cavity                            : none #   Type of the cavity
     fd_order                          : 16 #     Order of the Finite-difference derivatives for the GPS solver
     pb_method                         : none #   Defines the method for the Poisson Boltzmann Equation
   MPI tasks                           :  1
   OpenMP threads per MPI task         :  28
   Poisson Solver GPU Enumerator:
     BACKEND                           :  2
     Attributes:
       DEVICE                          :  0
       MODEL                           :  2
     screening                         : 0 #      Mu screening parameter
     isf_order                         : 16 #     Order of the Interpolating Scaling Function family
     stress_tensor                     : Yes #    Triggers the calculation of the stress tensor
   environment:
     cavity                            : none #   Type of the cavity
     fd_order                          : 16 #     Order of the Finite-difference derivatives for the GPS solver
     pb_method                         : none #   Defines the method for the Poisson Boltzmann Equation
   MPI tasks                           :  1
   OpenMP threads per MPI task         :  28
   Poisson Solver GPU Enumerator:
     BACKEND                           :  2
     Attributes:
     Attributes:
       DEVICE                          :  0
       MODEL                           :  2
     output                            : none #   Quantities to be plotted after the main solver routine
   kernel:
     screening                         : 0 #      Mu screening parameter
     BACKEND                           :  2
     Attributes:
       DEVICE                          :  0
       MODEL                           :  2
   Poisson Solver GPU Enumerator:
     BACKEND                           :  2
     Attributes:
       DEVICE                          :  0
       MODEL                           :  2
   MPI tasks                           :  1
   OpenMP threads per MPI task         :  28
   Poisson Solver GPU Enumerator:
     BACKEND                           :  2
     Attributes:
     taskgroup_size                    : 0 #      Size of the taskgroups of the Poisson Solver
     global_data                       : No #     Charge density and Electrostatic potential are given by global arrays
     output                            : none #   Quantities to be plotted after the main solver routine
   kernel:
     screening                         : 0 #      Mu screening parameter
     Attributes:
       DEVICE                          :  0
       MODEL                           :  2
   OpenMP threads per MPI task         :  28
   Poisson Solver GPU Enumerator:
     BACKEND                           :  2
     Attributes:
       DEVICE                          :  0
       MODEL                           :  2
   MPI tasks                           :  1
   OpenMP threads per MPI task         :  28
   Poisson Solver GPU Enumerator:
     BACKEND                           :  2
     Attributes:
       DEVICE                          :  0
       MODEL                           :  2
     output                            : none #   Quantities to be plotted after the main solver routine
   kernel:
     screening                         : 0 #      Mu screening parameter
       DEVICE                          :  0
       MODEL                           :  2
     pb_method                         : none #   Defines the method for the Poisson Boltzmann Equation
   MPI tasks                           :  1
   OpenMP threads per MPI task         :  28
   Poisson Solver GPU Enumerator:
     BACKEND                           :  2
     Attributes:
       DEVICE                          :  0
       MODEL                           :  2
   MPI tasks                           :  1
   OpenMP threads per MPI task         :  28
   Poisson Solver GPU Enumerator:
     BACKEND                           :  2
     Attributes:
       DEVICE                          :  0
       MODEL                           :  2
     stress_tensor                     : Yes #    Triggers the calculation of the stress tensor
   environment:
     cavity                            : none #   Type of the cavity
     BACKEND                           :  2
     Attributes:
       DEVICE                          :  0
       MODEL                           :  2
   MPI tasks                           :  1
   OpenMP threads per MPI task         :  28
   Poisson Solver GPU Enumerator:
     BACKEND                           :  2
     Attributes:
       DEVICE                          :  0
       MODEL                           :  2
   OpenMP threads per MPI task         :  28
   Poisson Solver GPU Enumerator:
     BACKEND                           :  2
     Attributes:
       DEVICE                          :  0
       MODEL                           :  2
     cavity                            : none #   Type of the cavity
     fd_order                          : 16 #     Order of the Finite-difference derivatives for the GPS solver
       MODEL                           :  2
     fd_order                          : 16 #     Order of the Finite-difference derivatives for the GPS solver
     itermax                           : 200 #    Maximum number of iterations of the GPS outer loop
     minres                            : 1.e-8 #  Convergence threshold of the loop
     pb_method                         : none #   Defines the method for the Poisson Boltzmann Equation
   MPI tasks                           :  1
   OpenMP threads per MPI task         :  28
   Poisson Solver GPU Enumerator:
     BACKEND                           :  2
     Attributes:
       DEVICE                          :  0
       MODEL                           :  2
     cavity                            : none #   Type of the cavity
     fd_order                          : 16 #     Order of the Finite-difference derivatives for the GPS solver
     itermax                           : 200 #    Maximum number of iterations of the GPS outer loop
     minres                            : 1.e-8 #  Convergence threshold of the loop
     pb_method                         : none #   Defines the method for the Poisson Boltzmann Equation
     itermax                           : 200 #    Maximum number of iterations of the GPS outer loop
     minres                            : 1.e-8 #  Convergence threshold of the loop
     pb_method                         : none #   Defines the method for the Poisson Boltzmann Equation
   MPI tasks                           :  1
   OpenMP threads per MPI task         :  28
     BACKEND                           :  2
     Attributes:
       DEVICE                          :  0
       MODEL                           :  2
     itermax                           : 200 #    Maximum number of iterations of the GPS outer loop
     minres                            : 1.e-8 #  Convergence threshold of the loop
     pb_method                         : none #   Defines the method for the Poisson Boltzmann Equation
   MPI tasks                           :  1
   OpenMP threads per MPI task         :  28
     itermax                           : 200 #    Maximum number of iterations of the GPS outer loop
     minres                            : 1.e-8 #  Convergence threshold of the loop
     pb_method                         : none #   Defines the method for the Poisson Boltzmann Equation
   MPI tasks                           :  1
   OpenMP threads per MPI task         :  28
       DEVICE                          :  0
       MODEL                           :  2
     isf_order                         : 16 #     Order of the Interpolating Scaling Function family
     stress_tensor                     : Yes #    Triggers the calculation of the stress tensor
   environment:
     cavity                            : none #   Type of the cavity
     fd_order                          : 16 #     Order of the Finite-difference derivatives for the GPS solver
     itermax                           : 200 #    Maximum number of iterations of the GPS outer loop
     minres                            : 1.e-8 #  Convergence threshold of the loop
     pb_method                         : none #   Defines the method for the Poisson Boltzmann Equation
   MPI tasks                           :  1
   OpenMP threads per MPI task         :  28
   Poisson Solver GPU Enumerator:
   MPI tasks                           :  1
   OpenMP threads per MPI task         :  28
   Poisson Solver GPU Enumerator:
     BACKEND                           :  2
     Attributes:
       DEVICE                          :  0
       MODEL                           :  2
     isf_order                         : 16 #     Order of the Interpolating Scaling Function family
     stress_tensor                     : Yes #    Triggers the calculation of the stress tensor
   environment:
     cavity                            : none #   Type of the cavity
     fd_order                          : 16 #     Order of the Finite-difference derivatives for the GPS solver
     itermax                           : 200 #    Maximum number of iterations of the GPS outer loop
   Poisson Solver GPU Enumerator:
     BACKEND                           :  2
     Attributes:
       DEVICE                          :  0
       MODEL                           :  2
     isf_order                         : 16 #     Order of the Interpolating Scaling Function family
     stress_tensor                     : Yes #    Triggers the calculation of the stress tensor
   environment:
     cavity                            : none #   Type of the cavity
     fd_order                          : 16 #     Order of the Finite-difference derivatives for the GPS solver
     itermax                           : 200 #    Maximum number of iterations of the GPS outer loop
   Poisson Solver GPU Enumerator:
     BACKEND                           :  2
     Attributes:
       DEVICE                          :  0
       MODEL                           :  2
     fd_order                          : 16 #     Order of the Finite-difference derivatives for the GPS solver
     itermax                           : 200 #    Maximum number of iterations of the GPS outer loop
     minres                            : 1.e-8 #  Convergence threshold of the loop
     pb_method                         : none #   Defines the method for the Poisson Boltzmann Equation
   MPI tasks                           :  1
   OpenMP threads per MPI task         :  28
   Poisson Solver GPU Enumerator:
     BACKEND                           :  2
     Attributes:
       DEVICE                          :  0
       MODEL                           :  2
     itermax                           : 200 #    Maximum number of iterations of the GPS outer loop
     minres                            : 1.e-8 #  Convergence threshold of the loop
     pb_method                         : none #   Defines the method for the Poisson Boltzmann Equation
   MPI tasks                           :  1
   OpenMP threads per MPI task         :  28
     BACKEND                           :  2
     Attributes:
       DEVICE                          :  0
       MODEL                           :  2
   MPI tasks                           :  1
   OpenMP threads per MPI task         :  28
   Poisson Solver GPU Enumerator:
       DEVICE                          :  0
       MODEL                           :  2
   Poisson Solver GPU Enumerator:
     BACKEND                           :  2
     Attributes:
       DEVICE                          :  0
       MODEL                           :  2
     itermax                           : 200 #    Maximum number of iterations of the GPS outer loop
     minres                            : 1.e-8 #  Convergence threshold of the loop
     pb_method                         : none #   Defines the method for the Poisson Boltzmann Equation
   MPI tasks                           :  1
   OpenMP threads per MPI task         :  28
   Poisson Solver GPU Enumerator:
     minres                            : 1.e-8 #  Convergence threshold of the loop
     pb_method                         : none #   Defines the method for the Poisson Boltzmann Equation
   MPI tasks                           :  1
   OpenMP threads per MPI task         :  28
   Poisson Solver GPU Enumerator:
     BACKEND                           :  2
     Attributes:
       DEVICE                          :  0
   Poisson Solver GPU Enumerator:
     BACKEND                           :  2
     Attributes:
       DEVICE                          :  0
       MODEL                           :  2
   Poisson Solver GPU Enumerator:
     BACKEND                           :  2
     Attributes:
       DEVICE                          :  0
       MODEL                           :  2
     BACKEND                           :  2
     Attributes:
       DEVICE                          :  0
       MODEL                           :  2
     BACKEND                           :  2
     Attributes:
       DEVICE                          :  0
       MODEL                           :  2
     minres                            : 1.e-8 #  Convergence threshold of the loop
     pb_method                         : none #   Defines the method for the Poisson Boltzmann Equation
   MPI tasks                           :  1
   OpenMP threads per MPI task         :  28
   Poisson Solver GPU Enumerator:
     BACKEND                           :  2
     Attributes:
       DEVICE                          :  0
       MODEL                           :  2
       MODEL                           :  2
  #------------------------------------------------------------------- Kernel Initialization
 Poisson Kernel Initialization:
    #---------------------------------------------------------------------- Input parameters
   setup:
     accel                   : DBFFT #            Material Acceleration
     use_gpu_direct          : Yes #              Force (or not) the usage of GPUdirect communication, if available
     verbose                 : Yes #              Verbosity switch
     keep_gpu_memory         : Yes #              Do not deallocate GPU memory at each call of the (G)PS routine
     taskgroup_size          : 0 #                Size of the taskgroups of the Poisson Solver
     global_data             : No #               Charge density and Electrostatic potential are given by global arrays
     output                  : none #             Quantities to be plotted after the main solver routine
   kernel:
     screening               : 0 #                Mu screening parameter
     isf_order               : 16 #               Order of the Interpolating Scaling Function family
     stress_tensor           : Yes #              Triggers the calculation of the stress tensor
   environment:
     cavity                  : none #             Type of the cavity
     fd_order                : 16 #               Order of the Finite-difference derivatives for the GPS solver
     itermax                 : 200 #              Maximum number of iterations of the GPS outer loop
     minres                  : 1.e-8 #            Convergence threshold of the loop
     pb_method               : none #             Defines the method for the Poisson Boltzmann Equation
   MPI tasks                 :  1
   OpenMP threads per MPI task:  28
   Poisson Solver GPU Enumerator:
     BACKEND                 :  2
     Attributes:
       DEVICE                :  0
       MODEL                 :  2
 Poisson Kernel Creation:
   Boundary Conditions       : Free
   Memory Requirements per MPI task:
     Density (MB)            :  194.66
     Kernel (MB)             :  196.66
     Full Grid Arrays (MB)   :  181.94
   Kernel Copied on GPU      :  Yes
 Orbital repartition:
 -  [ 12,  12,  12,  12,  12,  12,  12,  12,  12,  12,  12,  12,  12,  12,  12,  12,  12, 
      12,  12,  12,  12,  12,  12,  12,  12,  12,  12,  12,  12,  11,  11,  11,  11,  11, 
      11,  11,  11,  11,  11,  11,  11,  11,  11,  11,  11,  11,  11,  11,  11,  11,  11, 
      11,  11,  11,  11,  11,  11,  11,  11,  11,  11,  11,  11,  11,  11,  11,  11,  11, 
      11,  11,  11,  11,  11,  11,  11,  11,  11,  11,  11,  11]
  #Exact exchange calculation:1%; Time (s): Elapsed=1.9729, Remaining=1.95E+02
  #Exact exchange calculation:4%; Time (s): Elapsed=5.4923, Remaining=1.32E+02
  #Exact exchange calculation:6%; Time (s): Elapsed=9.2083, Remaining=1.44E+02
  #Exact exchange calculation:9%; Time (s): Elapsed=13.5575, Remaining=1.37E+02
  #Exact exchange calculation:11%; Time (s): Elapsed=17.4410, Remaining=1.41E+02
[1764237206.928604335] compute14:rank27.Fock: reg_mr failed: 0xff00000502600000:0xff000005125fffff (len 0x10000000) access 0x90000003 id 21 base 0xff000004c2600000: Cannot allocate memory
[1764237207.098507163] compute14:rank27.Fock: reg_mr failed 10 times in a row.
[1764237207.850331135] compute23:rank50.Fock: reg_mr failed: 0xff000003d1600000:0xff000003e15fffff (len 0x10000000) access 0x90000003 id 19 base 0xff000003b1600000: Cannot allocate memory
[1764237208.131309045] compute23:rank50.Fock: reg_mr failed: 0xff000003f1600000:0xff000004015fffff (len 0x10000000) access 0x90000003 id 19 base 0xff000003b1600000: Cannot allocate memory
[1764237208.276570936] compute23:rank50.Fock: reg_mr failed 10 times in a row.
[1764237208.951339383] compute23:rank52.Fock: reg_mr failed: 0xff000003c1600000:0xff000003d15fffff (len 0x10000000) access 0x90000003 id 19 base 0xff000003b1600000: Cannot allocate memory
[1764237208.985672475] compute23:rank52.Fock: reg_mr failed 10 times in a row.
[1764237209.319848564] compute23:rank52.Fock: reg_mr failed: 0xff000003e1600000:0xff000003f15fffff (len 0x10000000) access 0x90000003 id 19 base 0xff000003b1600000: Cannot allocate memory
[1764237209.357424047] compute23:rank52.Fock: reg_mr failed 10 times in a row.
  #Exact exchange calculation:14%; Time (s): Elapsed=21.4031, Remaining=1.31E+02
[1764237211.123373603] compute31:rank59.Fock: reg_mr failed: 0xff000004f2600000:0xff000005025fffff (len 0x10000000) access 0x90000003 id 21 base 0xff000004c2600000: Cannot allocate memory
[1764237211.132369079] compute31:rank57.Fock: reg_mr failed: 0xff000004e2600000:0xff000004f25fffff (len 0x10000000) access 0x90000003 id 21 base 0xff000004c2600000: Cannot allocate memory
[1764237211.143174318] compute13:rank17.Fock: reg_mr failed: 0xff00000522600000:0xff000005325fffff (len 0x10000000) access 0x90000003 id 21 base 0xff000004c2600000: Cannot allocate memory
[1764237211.230499425] compute14:rank25.Fock: reg_mr failed: 0xff00000532600000:0xff000005425fffff (len 0x10000000) access 0x90000003 id 21 base 0xff000004c2600000: Cannot allocate memory
[1764237211.239557736] compute31:rank57.Fock: reg_mr failed 10 times in a row.
[1764237211.274564371] compute14:rank25.Fock: reg_mr failed 10 times in a row.
[1764237211.296991552] compute31:rank59.Fock: reg_mr failed 10 times in a row.
[1764237211.337173751] compute13:rank17.Fock: reg_mr failed 10 times in a row.
[1764237211.506993837] compute23:rank49.Fock: reg_mr failed: 0xff000004d2600000:0xff000004e25fffff (len 0x10000000) access 0x90000003 id 21 base 0xff000004c2600000: Cannot allocate memory
[1764237211.512133099] compute22:rank41.Fock: reg_mr failed: 0xff00000338e00000:0xff00000348dfffff (len 0x10000000) access 0x90000003 id 18 base 0xff00000328e00000: Cannot allocate memory
[1764237211.543857285] compute23:rank49.Fock: reg_mr failed 10 times in a row.
[1764237211.952500300] compute23:rank49.Fock: reg_mr failed: 0xff000004f2600000:0xff000005025fffff (len 0x10000000) access 0x90000003 id 21 base 0xff000004c2600000: Cannot allocate memory
[1764237211.989457289] compute23:rank49.Fock: reg_mr failed 10 times in a row.
[1764237212.536795571] compute23:rank49.Fock: reg_mr failed: 0xff00000522600000:0xff000005325fffff (len 0x10000000) access 0x90000003 id 21 base 0xff000004c2600000: Cannot allocate memory
[1764237212.573892914] compute23:rank49.Fock: reg_mr failed 10 times in a row.
  #Exact exchange calculation:16%; Time (s): Elapsed=25.1545, Remaining=1.32E+02
[1764237214.288586457] compute31:rank60.Fock: reg_mr failed: 0xff000003f1600000:0xff000004015fffff (len 0x10000000) access 0x90000003 id 19 base 0xff000003b1600000: Cannot allocate memory
[1764237214.319728083] compute31:rank60.Fock: reg_mr failed 10 times in a row.
[1764237214.782041677] compute31:rank61.Fock: reg_mr failed: 0xff00000502600000:0xff000005125fffff (len 0x10000000) access 0x90000003 id 21 base 0xff000004c2600000: Cannot allocate memory
[1764237214.822489752] compute31:rank61.Fock: reg_mr failed 10 times in a row.
[1764237214.942200161] compute31:rank57.Fock: reg_mr failed: 0xff00000532600000:0xff0000053f75f1a7 (len 0xd15f1a8) access 0x90000003 id 21 base 0xff000004c2600000: Cannot allocate memory
[1764237214.972924526] compute31:rank57.Fock: reg_mr failed 10 times in a row.
[1764237215.007572477] compute13:rank20.Fock: reg_mr failed: 0xff00000398e00000:0xff000003a8dfffff (len 0x10000000) access 0x90000003 id 18 base 0xff00000328e00000: Cannot allocate memory
[1764237215.045694106] compute13:rank20.Fock: reg_mr failed 10 times in a row.
[1764237215.169714388] compute31:rank61.Fock: reg_mr failed: 0xff00000522600000:0xff000005325fffff (len 0x10000000) access 0x90000003 id 21 base 0xff000004c2600000: Cannot allocate memory
[1764237215.197273474] compute31:rank61.Fock: reg_mr failed 10 times in a row.
[1764237215.300439478] compute13:rank21.Fock: reg_mr failed: 0xff000004f2600000:0xff000005025fffff (len 0x10000000) access 0x90000003 id 21 base 0xff000004c2600000: Cannot allocate memory
[1764237215.330939959] compute13:rank21.Fock: reg_mr failed 10 times in a row.
  #Exact exchange calculation:19%; Time (s): Elapsed=29.0287, Remaining=1.24E+02
[1764237217.927073563] compute23:rank50.Fock: reg_mr failed: 0xff00000378e00000:0xff00000388dfffff (len 0x10000000) access 0x90000003 id 18 base 0xff00000328e00000: Cannot allocate memory
[1764237217.935677398] compute14:rank29.Fock: reg_mr failed: 0xff00000502600000:0xff000005125fffff (len 0x10000000) access 0x90000003 id 21 base 0xff000004c2600000: Cannot allocate memory
[1764237218.058903884] compute23:rank53.Fock: reg_mr failed: 0xff00000522600000:0xff000005325fffff (len 0x10000000) access 0x90000003 id 21 base 0xff000004c2600000: Cannot allocate memory
[1764237218.091513983] compute23:rank50.Fock: reg_mr failed 10 times in a row.
[1764237218.122177825] compute14:rank29.Fock: reg_mr failed 10 times in a row.
[1764237218.127696541] compute23:rank53.Fock: reg_mr failed 10 times in a row.
[1764237218.257069680] compute14:rank25.Fock: reg_mr failed: 0xff000003e1600000:0xff000003f15fffff (len 0x10000000) access 0x90000003 id 19 base 0xff000003b1600000: Cannot allocate memory
[1764237218.308430525] compute14:rank25.Fock: reg_mr failed 10 times in a row.
[1764237218.359776224] compute14:rank29.Fock: reg_mr failed: 0xff000003d1600000:0xff000003e15fffff (len 0x10000000) access 0x90000003 id 19 base 0xff000003b1600000: Cannot allocate memory
[1764237218.581170277] compute13:rank20.Fock: reg_mr failed: 0xff000004d2600000:0xff000004e25fffff (len 0x10000000) access 0x90000003 id 21 base 0xff000004c2600000: Cannot allocate memory
[1764237218.767884584] compute13:rank20.Fock: reg_mr failed 10 times in a row.
[1764237218.776873072] compute13:rank22.Fock: reg_mr failed: 0xff000004e2600000:0xff000004f25fffff (len 0x10000000) access 0x90000003 id 21 base 0xff000004c2600000: Cannot allocate memory
[1764237218.819695451] compute13:rank22.Fock: reg_mr failed 10 times in a row.
[1764237219.069929892] compute23:rank48.Fock: reg_mr failed: 0xff00000338e00000:0xff00000348dfffff (len 0x10000000) access 0x90000003 id 18 base 0xff00000328e00000: Cannot allocate memory
[1764237219.095079242] compute23:rank48.Fock: reg_mr failed 10 times in a row.
[1764237219.177166123] compute13:rank22.Fock: reg_mr failed: 0xff00000411600000:0xff000004215fffff (len 0x10000000) access 0x90000003 id 19 base 0xff000003b1600000: Cannot allocate memory
[1764237219.285144293] compute23:rank48.Fock: reg_mr failed: 0xff00000502600000:0xff000005125fffff (len 0x10000000) access 0x90000003 id 21 base 0xff000004c2600000: Cannot allocate memory
[1764237219.417625389] compute23:rank48.Fock: reg_mr failed: 0xff00000358e00000:0xff00000368dfffff (len 0x10000000) access 0x90000003 id 18 base 0xff00000328e00000: Cannot allocate memory
[1764237219.442166764] compute23:rank48.Fock: reg_mr failed 10 times in a row.
[1764237219.512727106] compute22:rank46.Fock: reg_mr failed: 0xff00000522600000:0xff000005325fffff (len 0x10000000) access 0x90000003 id 21 base 0xff000004c2600000: Cannot allocate memory
[1764237219.671333065] compute22:rank46.Fock: reg_mr failed 10 times in a row.
  #Exact exchange calculation:21%; Time (s): Elapsed=32.6209, Remaining=1.23E+02
[1764237221.828699856] compute31:rank57.Fock: reg_mr failed: 0xff000004e2600000:0xff000004f25fffff (len 0x10000000) access 0x90000003 id 21 base 0xff000004c2600000: Cannot allocate memory
[1764237221.877793003] compute14:rank30.Fock: reg_mr failed: 0xff00000368e00000:0xff00000378dfffff (len 0x10000000) access 0x90000003 id 18 base 0xff00000328e00000: Cannot allocate memory
[1764237222.026231290] compute31:rank57.Fock: reg_mr failed 10 times in a row.
[1764237222.047589409] compute14:rank24.Fock: reg_mr failed: 0xff00000348e00000:0xff00000358dfffff (len 0x10000000) access 0x90000003 id 18 base 0xff00000328e00000: Cannot allocate memory
[1764237222.094392789] compute14:rank24.Fock: reg_mr failed 10 times in a row.
[1764237222.203830841] compute23:rank51.Fock: reg_mr failed: 0xff00000401600000:0xff000004115fffff (len 0x10000000) access 0x90000003 id 19 base 0xff000003b1600000: Cannot allocate memory
[1764237222.230447511] compute23:rank51.Fock: reg_mr failed 10 times in a row.
[1764237222.280731133] compute14:rank27.Fock: reg_mr failed: 0xff00000512600000:0xff000005225fffff (len 0x10000000) access 0x90000003 id 21 base 0xff000004c2600000: Cannot allocate memory
[1764237222.329388864] compute14:rank27.Fock: reg_mr failed 10 times in a row.
[1764237222.360771073] compute14:rank28.Fock: reg_mr failed: 0xff00000368e00000:0xff00000378dfffff (len 0x10000000) access 0x90000003 id 18 base 0xff00000328e00000: Cannot allocate memory
[1764237222.397726612] compute14:rank28.Fock: reg_mr failed 10 times in a row.
  #Exact exchange calculation:24%; Time (s): Elapsed=36.2341, Remaining=1.15E+02
[1764237225.111150088] compute31:rank56.Fock: reg_mr failed: 0xff00000378e00000:0xff00000388dfffff (len 0x10000000) access 0x90000003 id 18 base 0xff00000328e00000: Cannot allocate memory
[1764237225.544923364] compute14:rank28.Fock: reg_mr failed: 0xff000003c1600000:0xff000003d15fffff (len 0x10000000) access 0x90000003 id 19 base 0xff000003b1600000: Cannot allocate memory
[1764237225.701549191] compute14:rank28.Fock: reg_mr failed 10 times in a row.
[1764237226.239878610] compute13:rank19.Fock: reg_mr failed: 0xff000004f2600000:0xff000005025fffff (len 0x10000000) access 0x90000003 id 21 base 0xff000004c2600000: Cannot allocate memory
[1764237226.430159237] compute13:rank19.Fock: reg_mr failed 10 times in a row.
[1764237226.682829743] compute11:rank7.Fock: reg_mr failed: 0xff00000532600000:0xff000005425fffff (len 0x10000000) access 0x90000003 id 21 base 0xff000004c2600000: Cannot allocate memory
[1764237226.843418374] compute11:rank7.Fock: reg_mr failed 10 times in a row.
[1764237226.943855879] compute13:rank19.Fock: reg_mr failed: 0xff00000522600000:0xff000005325fffff (len 0x10000000) access 0x90000003 id 21 base 0xff000004c2600000: Cannot allocate memory
[1764237226.977774771] compute13:rank19.Fock: reg_mr failed 10 times in a row.
[1764237227.588078130] compute11:rank0.Fock: reg_mr failed: 0xff000004d2600000:0xff000004e25fffff (len 0x10000000) access 0x90000003 id 21 base 0xff000004c2600000: Cannot allocate memory
[1764237227.624939392] compute11:rank0.Fock: reg_mr failed 10 times in a row.
  #Exact exchange calculation:26%; Time (s): Elapsed=39.7491, Remaining=1.13E+02
[1764237230.052905430] compute13:rank23.Fock: reg_mr failed: 0xff00000368e00000:0xff00000378dfffff (len 0x10000000) access 0x90000003 id 18 base 0xff00000328e00000: Cannot allocate memory
[1764237230.109297665] compute13:rank23.Fock: reg_mr failed 10 times in a row.
[1764237230.176432418] compute13:rank19.Fock: reg_mr failed: 0xff00000522600000:0xff000005325fffff (len 0x10000000) access 0x90000003 id 21 base 0xff000004c2600000: Cannot allocate memory
[1764237230.228909104] compute13:rank19.Fock: reg_mr failed 10 times in a row.
[1764237230.401050295] compute12:rank15.Fock: reg_mr failed: 0xff000004d2600000:0xff000004e25fffff (len 0x10000000) access 0x90000003 id 21 base 0xff000004c2600000: Cannot allocate memory
[1764237230.616568990] compute12:rank15.Fock: reg_mr failed 10 times in a row.
[1764237230.776309766] compute12:rank13.Fock: reg_mr failed: 0xff00000502600000:0xff000005125fffff (len 0x10000000) access 0x90000003 id 21 base 0xff000004c2600000: Cannot allocate memory
[1764237230.809470966] compute12:rank13.Fock: reg_mr failed 10 times in a row.
[1764237230.820090817] compute12:rank10.Fock: reg_mr failed: 0xff00000522600000:0xff000005325fffff (len 0x10000000) access 0x90000003 id 21 base 0xff000004c2600000: Cannot allocate memory
[1764237230.858235180] compute12:rank10.Fock: reg_mr failed 10 times in a row.
[1764237230.994868312] compute23:rank52.Fock: reg_mr failed: 0xff000004e2600000:0xff000004f25fffff (len 0x10000000) access 0x90000003 id 21 base 0xff000004c2600000: Cannot allocate memory
[1764237231.118758138] compute31:rank59.Fock: reg_mr failed: 0xff000003f1600000:0xff000004015fffff (len 0x10000000) access 0x90000003 id 19 base 0xff000003b1600000: Cannot allocate memory
[1764237231.175005630] compute23:rank52.Fock: reg_mr failed 10 times in a row.
[1764237231.288667033] compute31:rank59.Fock: reg_mr failed 10 times in a row.
  #Exact exchange calculation:29%; Time (s): Elapsed=43.6525, Remaining=1.07E+02
[1764237233.497282558] compute12:rank9.Fock: reg_mr failed: 0xff00000411600000:0xff000004215fffff (len 0x10000000) access 0x90000003 id 19 base 0xff000003b1600000: Cannot allocate memory
[1764237233.527931470] compute12:rank9.Fock: reg_mr failed 10 times in a row.
[1764237233.846015597] compute13:rank17.Fock: reg_mr failed: 0xff00000512600000:0xff000005225fffff (len 0x10000000) access 0x90000003 id 21 base 0xff000004c2600000: Cannot allocate memory
[1764237234.041415441] compute13:rank17.Fock: reg_mr failed 10 times in a row.
[1764237234.087052410] compute12:rank14.Fock: reg_mr failed: 0xff000003f1600000:0xff000004015fffff (len 0x10000000) access 0x90000003 id 19 base 0xff000003b1600000: Cannot allocate memory
[1764237234.135005449] compute12:rank14.Fock: reg_mr failed 10 times in a row.
[1764237234.268704076] compute12:rank12.Fock: reg_mr failed: 0xff00000411600000:0xff000004215fffff (len 0x10000000) access 0x90000003 id 19 base 0xff000003b1600000: Cannot allocate memory
  #Exact exchange calculation:31%; Time (s): Elapsed=47.0196, Remaining=1.05E+02
[1764237237.334102034] compute13:rank21.Fock: reg_mr failed: 0xff00000338e00000:0xff00000348dfffff (len 0x10000000) access 0x90000003 id 18 base 0xff00000328e00000: Cannot allocate memory
[1764237237.379765048] compute13:rank21.Fock: reg_mr failed 10 times in a row.
[1764237237.648852210] compute31:rank60.Fock: reg_mr failed: 0xff000004e2600000:0xff000004f25fffff (len 0x10000000) access 0x90000003 id 21 base 0xff000004c2600000: Cannot allocate memory
[1764237237.815795016] compute31:rank60.Fock: reg_mr failed 10 times in a row.
[1764237237.873713586] compute13:rank20.Fock: reg_mr failed: 0xff00000388e00000:0xff00000398dfffff (len 0x10000000) access 0x90000003 id 18 base 0xff00000328e00000: Cannot allocate memory
[1764237237.915809917] compute13:rank20.Fock: reg_mr failed 10 times in a row.
[1764237238.024447407] compute23:rank49.Fock: reg_mr failed: 0xff000003d1600000:0xff000003e15fffff (len 0x10000000) access 0x90000003 id 19 base 0xff000003b1600000: Cannot allocate memory
[1764237238.241425871] compute12:rank14.Fock: reg_mr failed: 0xff00000522600000:0xff000005325fffff (len 0x10000000) access 0x90000003 id 21 base 0xff000004c2600000: Cannot allocate memory
[1764237238.458118390] compute12:rank14.Fock: reg_mr failed 10 times in a row.
  #Exact exchange calculation:33%; Time (s): Elapsed=50.4991, Remaining=1.03E+02
[1764237240.408172738] compute13:rank18.Fock: reg_mr failed: 0xff000003d1600000:0xff000003e15fffff (len 0x10000000) access 0x90000003 id 19 base 0xff000003b1600000: Cannot allocate memory
[1764237240.543814155] compute13:rank23.Fock: reg_mr failed: 0xff000003d1600000:0xff000003e15fffff (len 0x10000000) access 0x90000003 id 19 base 0xff000003b1600000: Cannot allocate memory
[1764237240.582125124] compute13:rank18.Fock: reg_mr failed 10 times in a row.
[1764237240.587771982] compute13:rank23.Fock: reg_mr failed 10 times in a row.
[1764237241.457283732] compute12:rank15.Fock: reg_mr failed: 0xff000003c1600000:0xff000003d15fffff (len 0x10000000) access 0x90000003 id 19 base 0xff000003b1600000: Cannot allocate memory
[1764237241.496285009] compute12:rank15.Fock: reg_mr failed 10 times in a row.
[1764237241.701427256] compute14:rank26.Fock: reg_mr failed: 0xff000003f1600000:0xff000004015fffff (len 0x10000000) access 0x90000003 id 19 base 0xff000003b1600000: Cannot allocate memory
[1764237241.858103286] compute14:rank26.Fock: reg_mr failed 10 times in a row.
  #Exact exchange calculation:36%; Time (s): Elapsed=54.6690, Remaining=97.
[1764237244.717897965] compute13:rank21.Fock: reg_mr failed: 0xff000004d2600000:0xff000004e25fffff (len 0x10000000) access 0x90000003 id 21 base 0xff000004c2600000: Cannot allocate memory
[1764237244.758502214] compute13:rank21.Fock: reg_mr failed 10 times in a row.
[1764237244.801710575] compute13:rank19.Fock: reg_mr failed: 0xff00000398e00000:0xff000003a8dfffff (len 0x10000000) access 0x90000003 id 18 base 0xff00000328e00000: Cannot allocate memory
[1764237244.852585118] compute13:rank19.Fock: reg_mr failed 10 times in a row.
[1764237244.917129407] compute13:rank17.Fock: reg_mr failed: 0xff000004e2600000:0xff000004f25fffff (len 0x10000000) access 0x90000003 id 21 base 0xff000004c2600000: Cannot allocate memory
[1764237244.955285825] compute13:rank17.Fock: reg_mr failed 10 times in a row.
[1764237245.178370254] compute14:rank25.Fock: reg_mr failed: 0xff00000398e00000:0xff000003a8dfffff (len 0x10000000) access 0x90000003 id 18 base 0xff00000328e00000: Cannot allocate memory
[1764237245.236908766] compute14:rank25.Fock: reg_mr failed 10 times in a row.
[1764237245.296789105] compute13:rank20.Fock: reg_mr failed: 0xff00000338e00000:0xff00000348dfffff (len 0x10000000) access 0x90000003 id 18 base 0xff00000328e00000: Cannot allocate memory
[1764237245.333750691] compute13:rank20.Fock: reg_mr failed 10 times in a row.
[1764237245.779665279] compute12:rank14.Fock: reg_mr failed: 0xff00000378e00000:0xff00000388dfffff (len 0x10000000) access 0x90000003 id 18 base 0xff00000328e00000: Cannot allocate memory
[1764237245.976926113] compute12:rank14.Fock: reg_mr failed 10 times in a row.
[1764237246.138305588] compute12:rank14.Fock: reg_mr failed: 0xff00000388e00000:0xff00000398dfffff (len 0x10000000) access 0x90000003 id 18 base 0xff00000328e00000: Cannot allocate memory
  #Exact exchange calculation:38%; Time (s): Elapsed=58.6014, Remaining=96.
[1764237248.115774562] compute13:rank19.Fock: reg_mr failed: 0xff00000502600000:0xff000005125fffff (len 0x10000000) access 0x90000003 id 21 base 0xff000004c2600000: Cannot allocate memory
[1764237248.313965997] compute13:rank19.Fock: reg_mr failed 10 times in a row.
[1764237248.382571351] compute14:rank24.Fock: reg_mr failed: 0xff00000401600000:0xff000004115fffff (len 0x10000000) access 0x90000003 id 19 base 0xff000003b1600000: Cannot allocate memory
[1764237248.583248073] compute14:rank24.Fock: reg_mr failed 10 times in a row.
  #Exact exchange calculation:41%; Time (s): Elapsed=62.0993, Remaining=89.
[1764237251.339778481] compute13:rank23.Fock: reg_mr failed: 0xff000004d2600000:0xff000004e25fffff (len 0x10000000) access 0x90000003 id 21 base 0xff000004c2600000: Cannot allocate memory
[1764237251.585102511] compute12:rank12.Fock: reg_mr failed: 0xff00000348e00000:0xff00000358dfffff (len 0x10000000) access 0x90000003 id 18 base 0xff00000328e00000: Cannot allocate memory
[1764237251.743457823] compute12:rank12.Fock: reg_mr failed 10 times in a row.
[1764237251.751520116] compute13:rank18.Fock: reg_mr failed: 0xff00000358e00000:0xff00000368dfffff (len 0x10000000) access 0x90000003 id 18 base 0xff00000328e00000: Cannot allocate memory
[1764237251.784438149] compute13:rank18.Fock: reg_mr failed 10 times in a row.
[1764237251.808208498] compute14:rank24.Fock: reg_mr failed: 0xff00000338e00000:0xff00000348dfffff (len 0x10000000) access 0x90000003 id 18 base 0xff00000328e00000: Cannot allocate memory
[1764237251.839832778] compute14:rank24.Fock: reg_mr failed 10 times in a row.
[1764237252.266202231] compute12:rank13.Fock: reg_mr failed: 0xff00000512600000:0xff000005225fffff (len 0x10000000) access 0x90000003 id 21 base 0xff000004c2600000: Cannot allocate memory
[1764237252.301377009] compute12:rank13.Fock: reg_mr failed 10 times in a row.
[1764237252.443735974] compute12:rank12.Fock: reg_mr failed: 0xff00000398e00000:0xff000003a8dfffff (len 0x10000000) access 0x90000003 id 18 base 0xff00000328e00000: Cannot allocate memory
[1764237252.489236030] compute12:rank12.Fock: reg_mr failed 10 times in a row.
[1764237252.537436251] compute14:rank26.Fock: reg_mr failed: 0xff000004f2600000:0xff000005025fffff (len 0x10000000) access 0x90000003 id 21 base 0xff000004c2600000: Cannot allocate memory
[1764237252.548977491] compute14:rank27.Fock: reg_mr failed: 0xff00000512600000:0xff000005225fffff (len 0x10000000) access 0x90000003 id 21 base 0xff000004c2600000: Cannot allocate memory
[1764237252.550574218] compute13:rank17.Fock: reg_mr failed: 0xff00000348e00000:0xff00000358dfffff (len 0x10000000) access 0x90000003 id 18 base 0xff00000328e00000: Cannot allocate memory
[1764237252.586721622] compute13:rank17.Fock: reg_mr failed 10 times in a row.
[1764237252.593090647] compute14:rank26.Fock: reg_mr failed 10 times in a row.
[1764237252.602695055] compute14:rank27.Fock: reg_mr failed 10 times in a row.
[1764237252.735818440] compute13:rank20.Fock: reg_mr failed: 0xff000004d2600000:0xff000004e25fffff (len 0x10000000) access 0x90000003 id 21 base 0xff000004c2600000: Cannot allocate memory
[1764237252.767737318] compute13:rank20.Fock: reg_mr failed 10 times in a row.
[1764237252.879147958] compute12:rank14.Fock: reg_mr failed: 0xff00000378e00000:0xff00000388dfffff (len 0x10000000) access 0x90000003 id 18 base 0xff00000328e00000: Cannot allocate memory
[1764237253.044200146] compute13:rank17.Fock: reg_mr failed: 0xff00000522600000:0xff000005325fffff (len 0x10000000) access 0x90000003 id 21 base 0xff000004c2600000: Cannot allocate memory
[1764237253.186213194] compute13:rank17.Fock: reg_mr failed: 0xff00000532600000:0xff000005425fffff (len 0x10000000) access 0x90000003 id 21 base 0xff000004c2600000: Cannot allocate memory
[1764237253.344785674] compute13:rank17.Fock: reg_mr failed 10 times in a row.
  #Exact exchange calculation:43%; Time (s): Elapsed=65.5973, Remaining=87.
[1764237254.704058781] compute12:rank10.Fock: reg_mr failed: 0xff000004d2600000:0xff000004e25fffff (len 0x10000000) access 0x90000003 id 21 base 0xff000004c2600000: Cannot allocate memory
[1764237254.738563048] compute12:rank10.Fock: reg_mr failed 10 times in a row.
[1764237255.782075240] compute14:rank24.Fock: reg_mr failed: 0xff000003d1600000:0xff000003e15fffff (len 0x10000000) access 0x90000003 id 19 base 0xff000003b1600000: Cannot allocate memory
[1764237255.902806101] compute12:rank14.Fock: reg_mr failed: 0xff000004d2600000:0xff000004e25fffff (len 0x10000000) access 0x90000003 id 21 base 0xff000004c2600000: Cannot allocate memory
[1764237255.937753008] compute14:rank24.Fock: reg_mr failed 10 times in a row.
[1764237255.938644259] compute12:rank14.Fock: reg_mr failed 10 times in a row.
[1764237255.960865822] compute14:rank28.Fock: reg_mr failed: 0xff00000532600000:0xff000005425fffff (len 0x10000000) access 0x90000003 id 21 base 0xff000004c2600000: Cannot allocate memory
[1764237255.988760901] compute14:rank28.Fock: reg_mr failed 10 times in a row.
[1764237256.424916040] compute12:rank15.Fock: reg_mr failed: 0xff000003c1600000:0xff000003d15fffff (len 0x10000000) access 0x90000003 id 19 base 0xff000003b1600000: Cannot allocate memory
[1764237256.466940269] compute12:rank15.Fock: reg_mr failed 10 times in a row.
[1764237256.716126668] compute13:rank21.Fock: reg_mr failed: 0xff00000512600000:0xff000005225fffff (len 0x10000000) access 0x90000003 id 21 base 0xff000004c2600000: Cannot allocate memory
[1764237256.747811206] compute13:rank21.Fock: reg_mr failed 10 times in a row.
  #Exact exchange calculation:46%; Time (s): Elapsed=68.9326, Remaining=81.
[1764237258.324191801] compute12:rank11.Fock: reg_mr failed: 0xff00000378e00000:0xff00000388dfffff (len 0x10000000) access 0x90000003 id 18 base 0xff00000328e00000: Cannot allocate memory
[1764237258.527949127] compute12:rank11.Fock: reg_mr failed 10 times in a row.
[1764237258.848321427] compute12:rank9.Fock: reg_mr failed: 0xff00000522600000:0xff000005325fffff (len 0x10000000) access 0x90000003 id 21 base 0xff000004c2600000: Cannot allocate memory
[1764237258.891557525] compute12:rank9.Fock: reg_mr failed 10 times in a row.
[1764237259.435707100] compute12:rank14.Fock: reg_mr failed: 0xff000004d2600000:0xff000004e25fffff (len 0x10000000) access 0x90000003 id 21 base 0xff000004c2600000: Cannot allocate memory
[1764237259.436605275] compute14:rank24.Fock: reg_mr failed: 0xff000004e2600000:0xff000004f25fffff (len 0x10000000) access 0x90000003 id 21 base 0xff000004c2600000: Cannot allocate memory
[1764237259.468920343] compute14:rank24.Fock: reg_mr failed 10 times in a row.
[1764237259.486741753] compute12:rank14.Fock: reg_mr failed 10 times in a row.
[1764237260.085232418] compute13:rank21.Fock: reg_mr failed: 0xff00000348e00000:0xff00000358dfffff (len 0x10000000) access 0x90000003 id 18 base 0xff00000328e00000: Cannot allocate memory
[1764237260.272247466] compute13:rank21.Fock: reg_mr failed 10 times in a row.
[1764237260.793470502] compute14:rank26.Fock: reg_mr failed: 0xff00000522600000:0xff000005325fffff (len 0x10000000) access 0x90000003 id 21 base 0xff000004c2600000: Cannot allocate memory
[1764237260.958538537] compute14:rank26.Fock: reg_mr failed 10 times in a row.
  #Exact exchange calculation:48%; Time (s): Elapsed=72.3210, Remaining=78.
[1764237261.253487544] compute31:rank57.Fock: reg_mr failed: 0xff000004d2600000:0xff000004e25fffff (len 0x10000000) access 0x90000003 id 21 base 0xff000004c2600000: Cannot allocate memory
[1764237261.414332994] compute31:rank57.Fock: reg_mr failed 10 times in a row.
[1764237261.436811438] compute31:rank58.Fock: reg_mr failed: 0xff000003c1600000:0xff000003d15fffff (len 0x10000000) access 0x90000003 id 19 base 0xff000003b1600000: Cannot allocate memory
[1764237262.006895497] compute31:rank58.Fock: reg_mr failed: 0xff00000522600000:0xff000005325fffff (len 0x10000000) access 0x90000003 id 21 base 0xff000004c2600000: Cannot allocate memory
[1764237262.022818258] compute31:rank57.Fock: reg_mr failed: 0xff00000502600000:0xff000005125fffff (len 0x10000000) access 0x90000003 id 21 base 0xff000004c2600000: Cannot allocate memory
[1764237262.061868680] compute31:rank57.Fock: reg_mr failed 10 times in a row.
[1764237262.193810064] compute31:rank58.Fock: reg_mr failed: 0xff00000532600000:0xff0000053f75f1a7 (len 0xd15f1a8) access 0x90000003 id 21 base 0xff000004c2600000: Cannot allocate memory
[1764237262.238348697] compute31:rank58.Fock: reg_mr failed 10 times in a row.
[1764237262.262353742] compute12:rank12.Fock: reg_mr failed: 0xff000004f2600000:0xff000005025fffff (len 0x10000000) access 0x90000003 id 21 base 0xff000004c2600000: Cannot allocate memory
[1764237262.294644448] compute12:rank12.Fock: reg_mr failed 10 times in a row.
[1764237262.871124806] compute13:rank16.Fock: reg_mr failed: 0xff000003e1600000:0xff000003f15fffff (len 0x10000000) access 0x90000003 id 19 base 0xff000003b1600000: Cannot allocate memory
[1764237263.054898937] compute13:rank16.Fock: reg_mr failed: 0xff000003f1600000:0xff000004015fffff (len 0x10000000) access 0x90000003 id 19 base 0xff000003b1600000: Cannot allocate memory
[1764237263.108705555] compute13:rank16.Fock: reg_mr failed 10 times in a row.
[1764237263.183236940] compute12:rank14.Fock: reg_mr failed: 0xff000003d1600000:0xff000003e15fffff (len 0x10000000) access 0x90000003 id 19 base 0xff000003b1600000: Cannot allocate memory
[1764237263.216030223] compute12:rank14.Fock: reg_mr failed 10 times in a row.
[1764237263.230619005] compute14:rank25.Fock: reg_mr failed: 0xff000003d1600000:0xff000003e15fffff (len 0x10000000) access 0x90000003 id 19 base 0xff000003b1600000: Cannot allocate memory
[1764237263.262237133] compute14:rank25.Fock: reg_mr failed 10 times in a row.
[1764237263.908216133] compute14:rank26.Fock: reg_mr failed: 0xff000004d2600000:0xff000004e25fffff (len 0x10000000) access 0x90000003 id 21 base 0xff000004c2600000: Cannot allocate memory
[1764237263.959371342] compute14:rank26.Fock: reg_mr failed 10 times in a row.
[1764237263.964098719] compute13:rank20.Fock: reg_mr failed: 0xff000003d1600000:0xff000003e15fffff (len 0x10000000) access 0x90000003 id 19 base 0xff000003b1600000: Cannot allocate memory
[1764237263.978495024] compute14:rank25.Fock: reg_mr failed: 0xff00000522600000:0xff000005325fffff (len 0x10000000) access 0x90000003 id 21 base 0xff000004c2600000: Cannot allocate memory
[1764237263.989307976] compute13:rank20.Fock: reg_mr failed 10 times in a row.
[1764237264.023893694] compute14:rank25.Fock: reg_mr failed 10 times in a row.
[1764237264.234888563] compute14:rank25.Fock: reg_mr failed: 0xff00000421600000:0xff000004315fffff (len 0x10000000) access 0x90000003 id 19 base 0xff000003b1600000: Cannot allocate memory
[1764237264.277462195] compute14:rank25.Fock: reg_mr failed 10 times in a row.
[1764237264.771895378] compute33:rank69.Fock: reg_mr failed: 0xff00000522600000:0xff000005325fffff (len 0x10000000) access 0x90000003 id 21 base 0xff000004c2600000: Cannot allocate memory
[1764237264.928446308] compute23:rank53.Fock: reg_mr failed: 0xff000004f2600000:0xff000005025fffff (len 0x10000000) access 0x90000003 id 21 base 0xff000004c2600000: Cannot allocate memory
[1764237264.944628696] compute33:rank69.Fock: reg_mr failed 10 times in a row.
[1764237265.001349889] compute31:rank56.Fock: reg_mr failed: 0xff000004f2600000:0xff000005025fffff (len 0x10000000) access 0x90000003 id 21 base 0xff000004c2600000: Cannot allocate memory
[1764237265.030044862] compute31:rank56.Fock: reg_mr failed 10 times in a row.
[1764237265.122105829] compute23:rank53.Fock: reg_mr failed 10 times in a row.
  #Exact exchange calculation:51%; Time (s): Elapsed=76.3844, Remaining=73.
[1764237265.925729461] compute12:rank9.Fock: reg_mr failed: 0xff00000398e00000:0xff000003a8dfffff (len 0x10000000) access 0x90000003 id 18 base 0xff00000328e00000: Cannot allocate memory
[1764237266.120354947] compute21:rank36.Fock: reg_mr failed: 0xff00000512600000:0xff000005225fffff (len 0x10000000) access 0x90000003 id 21 base 0xff000004c2600000: Cannot allocate memory
[1764237266.129386021] compute12:rank9.Fock: reg_mr failed 10 times in a row.
[1764237266.308622065] compute21:rank36.Fock: reg_mr failed 10 times in a row.
[1764237266.349638929] compute21:rank36.Fock: reg_mr failed: 0xff00000512600000:0xff000005225fffff (len 0x10000000) access 0x90000003 id 21 base 0xff000004c2600000: Cannot allocate memory
[1764237266.499583716] compute12:rank13.Fock: reg_mr failed: 0xff00000388e00000:0xff00000398dfffff (len 0x10000000) access 0x90000003 id 18 base 0xff00000328e00000: Cannot allocate memory
[1764237266.530365287] compute12:rank13.Fock: reg_mr failed 10 times in a row.
[1764237266.838693709] compute13:rank17.Fock: reg_mr failed: 0xff00000348e00000:0xff00000358dfffff (len 0x10000000) access 0x90000003 id 18 base 0xff00000328e00000: Cannot allocate memory
[1764237266.997340104] compute13:rank17.Fock: reg_mr failed 10 times in a row.
[1764237267.249556971] compute12:rank14.Fock: reg_mr failed: 0xff00000522600000:0xff000005325fffff (len 0x10000000) access 0x90000003 id 21 base 0xff000004c2600000: Cannot allocate memory
[1764237267.340687131] compute13:rank17.Fock: reg_mr failed: 0xff00000358e00000:0xff00000368dfffff (len 0x10000000) access 0x90000003 id 18 base 0xff00000328e00000: Cannot allocate memory
[1764237267.368807197] compute13:rank17.Fock: reg_mr failed 10 times in a row.
[1764237267.970689325] compute13:rank20.Fock: reg_mr failed: 0xff000004f2600000:0xff000005025fffff (len 0x10000000) access 0x90000003 id 21 base 0xff000004c2600000: Cannot allocate memory
[1764237268.121136922] compute23:rank53.Fock: reg_mr failed: 0xff000003d1600000:0xff000003e15fffff (len 0x10000000) access 0x90000003 id 19 base 0xff000003b1600000: Cannot allocate memory
[1764237268.149254139] compute23:rank53.Fock: reg_mr failed 10 times in a row.
[1764237268.372937281] compute23:rank53.Fock: reg_mr failed: 0xff000003e1600000:0xff000003f15fffff (len 0x10000000) access 0x90000003 id 19 base 0xff000003b1600000: Cannot allocate memory
[1764237268.402250038] compute23:rank53.Fock: reg_mr failed 10 times in a row.
  #Exact exchange calculation:53%; Time (s): Elapsed=80.4239, Remaining=71.
[1764237269.264753098] compute31:rank63.Fock: reg_mr failed: 0xff000004e2600000:0xff000004f25fffff (len 0x10000000) access 0x90000003 id 21 base 0xff000004c2600000: Cannot allocate memory
[1764237269.360677835] compute12:rank8.Fock: reg_mr failed: 0xff000004d2600000:0xff000004e25fffff (len 0x10000000) access 0x90000003 id 21 base 0xff000004c2600000: Cannot allocate memory
[1764237269.392575026] compute12:rank8.Fock: reg_mr failed 10 times in a row.
[1764237269.449382603] compute31:rank63.Fock: reg_mr failed 10 times in a row.
[1764237269.721863660] compute12:rank13.Fock: reg_mr failed: 0xff000003e1600000:0xff000003f15fffff (len 0x10000000) access 0x90000003 id 19 base 0xff000003b1600000: Cannot allocate memory
[1764237269.752646409] compute12:rank13.Fock: reg_mr failed 10 times in a row.
[1764237269.872672966] compute13:rank16.Fock: reg_mr failed: 0xff000003d1600000:0xff000003e15fffff (len 0x10000000) access 0x90000003 id 19 base 0xff000003b1600000: Cannot allocate memory
[1764237269.908044145] compute13:rank16.Fock: reg_mr failed 10 times in a row.
[1764237270.302372182] compute12:rank14.Fock: reg_mr failed: 0xff000004e2600000:0xff000004f25fffff (len 0x10000000) access 0x90000003 id 21 base 0xff000004c2600000: Cannot allocate memory
[1764237270.343951046] compute12:rank14.Fock: reg_mr failed 10 times in a row.
[1764237270.392589497] compute13:rank17.Fock: reg_mr failed: 0xff000004f2600000:0xff000005025fffff (len 0x10000000) access 0x90000003 id 21 base 0xff000004c2600000: Cannot allocate memory
[1764237270.437526215] compute13:rank17.Fock: reg_mr failed 10 times in a row.
[1764237270.700616947] compute12:rank15.Fock: reg_mr failed: 0xff000003e1600000:0xff000003f15fffff (len 0x10000000) access 0x90000003 id 19 base 0xff000003b1600000: Cannot allocate memory
[1764237271.016368837] compute12:rank15.Fock: reg_mr failed: 0xff00000401600000:0xff000004115fffff (len 0x10000000) access 0x90000003 id 19 base 0xff000003b1600000: Cannot allocate memory
[1764237271.175579629] compute12:rank15.Fock: reg_mr failed 10 times in a row.
[1764237271.292156386] compute14:rank25.Fock: reg_mr failed: 0xff00000512600000:0xff000005225fffff (len 0x10000000) access 0x90000003 id 21 base 0xff000004c2600000: Cannot allocate memory
[1764237271.518332310] compute14:rank27.Fock: reg_mr failed: 0xff00000502600000:0xff000005125fffff (len 0x10000000) access 0x90000003 id 21 base 0xff000004c2600000: Cannot allocate memory
[1764237271.549601851] compute13:rank20.Fock: reg_mr failed: 0xff000004f2600000:0xff000005025fffff (len 0x10000000) access 0x90000003 id 21 base 0xff000004c2600000: Cannot allocate memory
[1764237271.988248945] compute13:rank20.Fock: reg_mr failed: 0xff00000522600000:0xff000005325fffff (len 0x10000000) access 0x90000003 id 21 base 0xff000004c2600000: Cannot allocate memory
[1764237272.145414219] compute13:rank20.Fock: reg_mr failed 10 times in a row.
[1764237272.213799137] compute14:rank26.Fock: reg_mr failed: 0xff00000522600000:0xff000005325fffff (len 0x10000000) access 0x90000003 id 21 base 0xff000004c2600000: Cannot allocate memory
[1764237272.261500143] compute14:rank26.Fock: reg_mr failed 10 times in a row.
  #Exact exchange calculation:56%; Time (s): Elapsed=83.8319, Remaining=66.
[1764237272.726779297] compute23:rank52.Fock: reg_mr failed: 0xff00000532600000:0xff0000053f75f1a7 (len 0xd15f1a8) access 0x90000003 id 21 base 0xff000004c2600000: Cannot allocate memory
[1764237272.891317001] compute23:rank52.Fock: reg_mr failed 10 times in a row.
[1764237273.082940628] compute22:rank40.Fock: reg_mr failed: 0xff00000522600000:0xff000005325fffff (len 0x10000000) access 0x90000003 id 21 base 0xff000004c2600000: Cannot allocate memory
[1764237273.473247181] compute13:rank18.Fock: reg_mr failed: 0xff000004d2600000:0xff000004e25fffff (len 0x10000000) access 0x90000003 id 21 base 0xff000004c2600000: Cannot allocate memory
[1764237273.509487619] compute13:rank18.Fock: reg_mr failed 10 times in a row.
[1764237273.771312213] compute12:rank14.Fock: reg_mr failed: 0xff00000338e00000:0xff00000348dfffff (len 0x10000000) access 0x90000003 id 18 base 0xff00000328e00000: Cannot allocate memory
[1764237273.814277751] compute12:rank14.Fock: reg_mr failed 10 times in a row.
[1764237273.892792998] compute13:rank16.Fock: reg_mr failed: 0xff000004f2600000:0xff000005025fffff (len 0x10000000) access 0x90000003 id 21 base 0xff000004c2600000: Cannot allocate memory
[1764237273.927434002] compute33:rank69.Fock: reg_mr failed: 0xff00000398e00000:0xff000003a8dfffff (len 0x10000000) access 0x90000003 id 18 base 0xff00000328e00000: Cannot allocate memory
[1764237273.950322503] compute13:rank16.Fock: reg_mr failed 10 times in a row.
[1764237274.098910918] compute33:rank69.Fock: reg_mr failed 10 times in a row.
[1764237274.189930092] compute34:rank78.Fock: reg_mr failed: 0xff000004f2600000:0xff000005025fffff (len 0x10000000) access 0x90000003 id 21 base 0xff000004c2600000: Cannot allocate memory
[1764237274.570598963] compute11:rank5.Fock: reg_mr failed: 0xff000004e2600000:0xff000004f25fffff (len 0x10000000) access 0x90000003 id 21 base 0xff000004c2600000: Cannot allocate memory
[1764237274.637712695] compute12:rank15.Fock: reg_mr failed: 0xff00000358e00000:0xff00000368dfffff (len 0x10000000) access 0x90000003 id 18 base 0xff00000328e00000: Cannot allocate memory
[1764237274.668647916] compute12:rank15.Fock: reg_mr failed 10 times in a row.
[1764237274.719590189] compute14:rank25.Fock: reg_mr failed: 0xff00000338e00000:0xff00000348dfffff (len 0x10000000) access 0x90000003 id 18 base 0xff00000328e00000: Cannot allocate memory
[1764237274.751727644] compute14:rank25.Fock: reg_mr failed 10 times in a row.
[1764237274.759915043] compute11:rank5.Fock: reg_mr failed 10 times in a row.
[1764237274.908950983] compute13:rank20.Fock: reg_mr failed: 0xff00000348e00000:0xff00000358dfffff (len 0x10000000) access 0x90000003 id 18 base 0xff00000328e00000: Cannot allocate memory
[1764237274.937111112] compute13:rank20.Fock: reg_mr failed 10 times in a row.
[1764237275.134778424] compute14:rank25.Fock: reg_mr failed: 0xff00000368e00000:0xff00000378dfffff (len 0x10000000) access 0x90000003 id 18 base 0xff00000328e00000: Cannot allocate memory
[1764237275.163464815] compute14:rank25.Fock: reg_mr failed 10 times in a row.
[1764237275.393187497] compute14:rank26.Fock: reg_mr failed: 0xff000004d2600000:0xff000004e25fffff (len 0x10000000) access 0x90000003 id 21 base 0xff000004c2600000: Cannot allocate memory
[1764237275.426958191] compute14:rank26.Fock: reg_mr failed 10 times in a row.
  #Exact exchange calculation:58%; Time (s): Elapsed=87.3053, Remaining=63.
[1764237276.391638100] compute21:rank35.Fock: reg_mr failed: 0xff00000532600000:0xff0000053f75f1a7 (len 0xd15f1a8) access 0x90000003 id 21 base 0xff000004c2600000: Cannot allocate memory
[1764237276.579809487] compute21:rank35.Fock: reg_mr failed 10 times in a row.
[1764237276.864673150] compute34:rank73.Fock: reg_mr failed: 0xff00000532600000:0xff0000053f75f1a7 (len 0xd15f1a8) access 0x90000003 id 21 base 0xff000004c2600000: Cannot allocate memory
[1764237276.959910581] compute34:rank73.Fock: reg_mr failed 10 times in a row.
[1764237277.890578117] compute13:rank22.Fock: reg_mr failed: 0xff00000411600000:0xff000004215fffff (len 0x10000000) access 0x90000003 id 19 base 0xff000003b1600000: Cannot allocate memory
[1764237278.062016419] compute13:rank22.Fock: reg_mr failed 10 times in a row.
[1764237278.688312679] compute13:rank21.Fock: reg_mr failed: 0xff000003e1600000:0xff000003f15fffff (len 0x10000000) access 0x90000003 id 19 base 0xff000003b1600000: Cannot allocate memory
[1764237278.721293723] compute13:rank21.Fock: reg_mr failed 10 times in a row.
  #Exact exchange calculation:61%; Time (s): Elapsed=90.8577, Remaining=58.
[1764237279.983784854] compute12:rank10.Fock: reg_mr failed: 0xff00000522600000:0xff000005325fffff (len 0x10000000) access 0x90000003 id 21 base 0xff000004c2600000: Cannot allocate memory
[1764237280.174420173] compute12:rank10.Fock: reg_mr failed 10 times in a row.
[1764237280.284039999] compute11:rank6.Fock: reg_mr failed: 0xff00000338e00000:0xff00000348dfffff (len 0x10000000) access 0x90000003 id 18 base 0xff00000328e00000: Cannot allocate memory
[1764237280.437585106] compute11:rank6.Fock: reg_mr failed 10 times in a row.
[1764237281.046505698] compute13:rank19.Fock: reg_mr failed: 0xff000004e2600000:0xff000004f25fffff (len 0x10000000) access 0x90000003 id 21 base 0xff000004c2600000: Cannot allocate memory
[1764237281.048953436] compute12:rank15.Fock: reg_mr failed: 0xff00000348e00000:0xff00000358dfffff (len 0x10000000) access 0x90000003 id 18 base 0xff00000328e00000: Cannot allocate memory
[1764237281.082394171] compute12:rank15.Fock: reg_mr failed 10 times in a row.
[1764237281.095339926] compute13:rank19.Fock: reg_mr failed 10 times in a row.
[1764237281.400221743] compute11:rank7.Fock: reg_mr failed: 0xff00000398e00000:0xff000003a8dfffff (len 0x10000000) access 0x90000003 id 18 base 0xff00000328e00000: Cannot allocate memory
[1764237281.430525126] compute11:rank7.Fock: reg_mr failed 10 times in a row.
[1764237281.570379716] compute12:rank15.Fock: reg_mr failed: 0xff00000512600000:0xff000005225fffff (len 0x10000000) access 0x90000003 id 21 base 0xff000004c2600000: Cannot allocate memory
[1764237281.600938849] compute12:rank15.Fock: reg_mr failed 10 times in a row.
[1764237282.208078698] compute23:rank49.Fock: reg_mr failed: 0xff00000348e00000:0xff00000358dfffff (len 0x10000000) access 0x90000003 id 18 base 0xff00000328e00000: Cannot allocate memory
[1764237282.287028276] compute14:rank24.Fock: reg_mr failed: 0xff00000512600000:0xff000005225fffff (len 0x10000000) access 0x90000003 id 21 base 0xff000004c2600000: Cannot allocate memory
[1764237282.389562748] compute14:rank25.Fock: reg_mr failed: 0xff00000368e00000:0xff00000378dfffff (len 0x10000000) access 0x90000003 id 18 base 0xff00000328e00000: Cannot allocate memory
[1764237282.391172051] compute23:rank49.Fock: reg_mr failed 10 times in a row.
[1764237282.422563460] compute14:rank24.Fock: reg_mr failed 10 times in a row.
[1764237282.490257027] compute14:rank25.Fock: reg_mr failed 10 times in a row.
  #Exact exchange calculation:63%; Time (s): Elapsed=94.3701, Remaining=55.
[1764237283.691571003] compute21:rank34.Fock: reg_mr failed: 0xff000003e1600000:0xff000003f15fffff (len 0x10000000) access 0x90000003 id 19 base 0xff000003b1600000: Cannot allocate memory
[1764237283.933611675] compute21:rank34.Fock: reg_mr failed: 0xff000003f1600000:0xff000004015fffff (len 0x10000000) access 0x90000003 id 19 base 0xff000003b1600000: Cannot allocate memory
[1764237284.074003228] compute21:rank34.Fock: reg_mr failed 10 times in a row.
[1764237284.115111823] compute33:rank69.Fock: reg_mr failed: 0xff000004d2600000:0xff000004e25fffff (len 0x10000000) access 0x90000003 id 21 base 0xff000004c2600000: Cannot allocate memory
[1764237284.205707433] compute13:rank23.Fock: reg_mr failed: 0xff000003f1600000:0xff000004015fffff (len 0x10000000) access 0x90000003 id 19 base 0xff000003b1600000: Cannot allocate memory
[1764237284.249441451] compute21:rank32.Fock: reg_mr failed: 0xff000003e1600000:0xff000003f15fffff (len 0x10000000) access 0x90000003 id 19 base 0xff000003b1600000: Cannot allocate memory
[1764237284.286175026] compute31:rank61.Fock: reg_mr failed: 0xff00000401600000:0xff000004115fffff (len 0x10000000) access 0x90000003 id 19 base 0xff000003b1600000: Cannot allocate memory
[1764237284.294052575] compute11:rank2.Fock: reg_mr failed: 0xff000003d1600000:0xff000003e15fffff (len 0x10000000) access 0x90000003 id 19 base 0xff000003b1600000: Cannot allocate memory
[1764237284.301937339] compute21:rank38.Fock: reg_mr failed: 0xff00000421600000:0xff000004315fffff (len 0x10000000) access 0x90000003 id 19 base 0xff000003b1600000: Cannot allocate memory
[1764237284.306561827] compute33:rank69.Fock: reg_mr failed 10 times in a row.
[1764237284.320239687] compute11:rank2.Fock: reg_mr failed 10 times in a row.
[1764237284.330848395] compute21:rank38.Fock: reg_mr failed 10 times in a row.
[1764237284.377015829] compute13:rank23.Fock: reg_mr failed 10 times in a row.
[1764237284.448230665] compute31:rank61.Fock: reg_mr failed 10 times in a row.
[1764237284.559838278] compute12:rank13.Fock: reg_mr failed: 0xff00000532600000:0xff000005425fffff (len 0x10000000) access 0x90000003 id 21 base 0xff000004c2600000: Cannot allocate memory
[1764237284.611818261] compute12:rank13.Fock: reg_mr failed 10 times in a row.
[1764237285.232439896] compute13:rank20.Fock: reg_mr failed: 0xff000004d2600000:0xff000004e25fffff (len 0x10000000) access 0x90000003 id 21 base 0xff000004c2600000: Cannot allocate memory
[1764237285.263468262] compute13:rank20.Fock: reg_mr failed 10 times in a row.
[1764237285.489570996] compute13:rank20.Fock: reg_mr failed: 0xff000004e2600000:0xff000004f25fffff (len 0x10000000) access 0x90000003 id 21 base 0xff000004c2600000: Cannot allocate memory
[1764237286.014463447] compute13:rank20.Fock: reg_mr failed: 0xff00000522600000:0xff000005325fffff (len 0x10000000) access 0x90000003 id 21 base 0xff000004c2600000: Cannot allocate memory
[1764237286.056871207] compute13:rank20.Fock: reg_mr failed 10 times in a row.
[1764237286.324310582] compute21:rank37.Fock: reg_mr failed: 0xff000004e2600000:0xff000004f25fffff (len 0x10000000) access 0x90000003 id 21 base 0xff000004c2600000: Cannot allocate memory
[1764237286.362254178] compute21:rank37.Fock: reg_mr failed 10 times in a row.
[1764237286.857894536] compute21:rank37.Fock: reg_mr failed: 0xff00000502600000:0xff000005125fffff (len 0x10000000) access 0x90000003 id 21 base 0xff000004c2600000: Cannot allocate memory
[1764237286.916412322] compute21:rank37.Fock: reg_mr failed 10 times in a row.
[1764237287.229720233] compute21:rank35.Fock: reg_mr failed: 0xff00000502600000:0xff000005125fffff (len 0x10000000) access 0x90000003 id 21 base 0xff000004c2600000: Cannot allocate memory
[1764237287.263555528] compute21:rank35.Fock: reg_mr failed 10 times in a row.
  #Exact exchange calculation:66%; Time (s): Elapsed=98.9286, Remaining=51.
[1764237288.066468005] compute22:rank44.Fock: reg_mr failed: 0xff00000532600000:0xff0000053f75f1a7 (len 0xd15f1a8) access 0x90000003 id 21 base 0xff000004c2600000: Cannot allocate memory
[1764237288.224013532] compute22:rank44.Fock: reg_mr failed 10 times in a row.
[1764237288.484493707] compute12:rank12.Fock: reg_mr failed: 0xff00000532600000:0xff000005425fffff (len 0x10000000) access 0x90000003 id 21 base 0xff000004c2600000: Cannot allocate memory
[1764237288.524746678] compute11:rank1.Fock: reg_mr failed: 0xff00000348e00000:0xff00000358dfffff (len 0x10000000) access 0x90000003 id 18 base 0xff00000328e00000: Cannot allocate memory
[1764237288.690963614] compute12:rank12.Fock: reg_mr failed 10 times in a row.
[1764237288.700738564] compute11:rank1.Fock: reg_mr failed 10 times in a row.
[1764237288.706534449] compute11:rank5.Fock: reg_mr failed: 0xff00000338e00000:0xff00000348dfffff (len 0x10000000) access 0x90000003 id 18 base 0xff00000328e00000: Cannot allocate memory
[1764237288.734134583] compute11:rank5.Fock: reg_mr failed 10 times in a row.
[1764237289.011003572] compute14:rank24.Fock: reg_mr failed: 0xff00000348e00000:0xff00000358dfffff (len 0x10000000) access 0x90000003 id 18 base 0xff00000328e00000: Cannot allocate memory
[1764237289.137598430] compute14:rank28.Fock: reg_mr failed: 0xff00000358e00000:0xff00000368dfffff (len 0x10000000) access 0x90000003 id 18 base 0xff00000328e00000: Cannot allocate memory
[1764237289.180292888] compute14:rank28.Fock: reg_mr failed 10 times in a row.
[1764237289.185600379] compute14:rank24.Fock: reg_mr failed 10 times in a row.
[1764237290.105765189] compute21:rank35.Fock: reg_mr failed: 0xff000004d2600000:0xff000004e25fffff (len 0x10000000) access 0x90000003 id 21 base 0xff000004c2600000: Cannot allocate memory
[1764237290.271875442] compute21:rank35.Fock: reg_mr failed 10 times in a row.
[1764237290.386587381] compute21:rank37.Fock: reg_mr failed: 0xff00000522600000:0xff000005325fffff (len 0x10000000) access 0x90000003 id 21 base 0xff000004c2600000: Cannot allocate memory
[1764237290.435527425] compute21:rank37.Fock: reg_mr failed 10 times in a row.
[1764237290.546519849] compute14:rank26.Fock: reg_mr failed: 0xff00000338e00000:0xff00000348dfffff (len 0x10000000) access 0x90000003 id 18 base 0xff00000328e00000: Cannot allocate memory
[1764237290.590667206] compute14:rank26.Fock: reg_mr failed 10 times in a row.
[1764237290.876021574] compute33:rank67.Fock: reg_mr failed: 0xff00000421600000:0xff000004315fffff (len 0x10000000) access 0x90000003 id 19 base 0xff000003b1600000: Cannot allocate memory
[1764237291.013867109] compute31:rank61.Fock: reg_mr failed: 0xff000004d2600000:0xff000004e25fffff (len 0x10000000) access 0x90000003 id 21 base 0xff000004c2600000: Cannot allocate memory
[1764237291.037306341] compute33:rank67.Fock: reg_mr failed 10 times in a row.
[1764237291.039402488] compute11:rank7.Fock: reg_mr failed: 0xff000004d2600000:0xff000004e25fffff (len 0x10000000) access 0x90000003 id 21 base 0xff000004c2600000: Cannot allocate memory
[1764237291.069870530] compute11:rank7.Fock: reg_mr failed 10 times in a row.
[1764237291.170423668] compute31:rank60.Fock: reg_mr failed: 0xff00000502600000:0xff000005125fffff (len 0x10000000) access 0x90000003 id 21 base 0xff000004c2600000: Cannot allocate memory
[1764237291.182021603] compute31:rank61.Fock: reg_mr failed 10 times in a row.
[1764237291.225440082] compute31:rank60.Fock: reg_mr failed 10 times in a row.
[1764237291.290166236] compute14:rank26.Fock: reg_mr failed: 0xff00000532600000:0xff000005425fffff (len 0x10000000) access 0x90000003 id 21 base 0xff000004c2600000: Cannot allocate memory
[1764237291.314799472] compute14:rank26.Fock: reg_mr failed 10 times in a row.
[1764237291.329469998] compute12:rank12.Fock: reg_mr failed: 0xff000004f2600000:0xff000005025fffff (len 0x10000000) access 0x90000003 id 21 base 0xff000004c2600000: Cannot allocate memory
[1764237291.362884637] compute12:rank12.Fock: reg_mr failed 10 times in a row.
[1764237291.489860343] compute22:rank43.Fock: reg_mr failed: 0xff000004d2600000:0xff000004e25fffff (len 0x10000000) access 0x90000003 id 21 base 0xff000004c2600000: Cannot allocate memory
[1764237291.528292764] compute22:rank43.Fock: reg_mr failed 10 times in a row.
  #Exact exchange calculation:68%; Time (s): Elapsed=103.1522, Remaining=49.
[1764237291.941837425] compute11:rank1.Fock: reg_mr failed: 0xff000003c1600000:0xff000003d15fffff (len 0x10000000) access 0x90000003 id 19 base 0xff000003b1600000: Cannot allocate memory
[1764237291.967332449] compute11:rank1.Fock: reg_mr failed 10 times in a row.
[1764237292.062553621] compute12:rank15.Fock: reg_mr failed: 0xff000003f1600000:0xff000004015fffff (len 0x10000000) access 0x90000003 id 19 base 0xff000003b1600000: Cannot allocate memory
[1764237292.102649888] compute12:rank15.Fock: reg_mr failed 10 times in a row.
[1764237292.431880214] compute11:rank1.Fock: reg_mr failed: 0xff000003f1600000:0xff000004015fffff (len 0x10000000) access 0x90000003 id 19 base 0xff000003b1600000: Cannot allocate memory
[1764237292.577897372] compute12:rank15.Fock: reg_mr failed: 0xff00000421600000:0xff000004315fffff (len 0x10000000) access 0x90000003 id 19 base 0xff000003b1600000: Cannot allocate memory
[1764237292.601741353] compute11:rank5.Fock: reg_mr failed: 0xff000003f1600000:0xff000004015fffff (len 0x10000000) access 0x90000003 id 19 base 0xff000003b1600000: Cannot allocate memory
[1764237292.631006088] compute11:rank5.Fock: reg_mr failed 10 times in a row.
[1764237292.816075208] compute13:rank21.Fock: reg_mr failed: 0xff000003f1600000:0xff000004015fffff (len 0x10000000) access 0x90000003 id 19 base 0xff000003b1600000: Cannot allocate memory
[1764237292.836059585] compute11:rank5.Fock: reg_mr failed: 0xff00000512600000:0xff000005225fffff (len 0x10000000) access 0x90000003 id 21 base 0xff000004c2600000: Cannot allocate memory
[1764237292.859880420] compute11:rank5.Fock: reg_mr failed 10 times in a row.
[1764237292.941722900] compute13:rank20.Fock: reg_mr failed: 0xff00000421600000:0xff000004315fffff (len 0x10000000) access 0x90000003 id 19 base 0xff000003b1600000: Cannot allocate memory
[1764237292.973138139] compute13:rank21.Fock: reg_mr failed 10 times in a row.
[1764237293.019186868] compute13:rank20.Fock: reg_mr failed 10 times in a row.
[1764237293.183090560] compute23:rank52.Fock: reg_mr failed: 0xff000004d2600000:0xff000004e25fffff (len 0x10000000) access 0x90000003 id 21 base 0xff000004c2600000: Cannot allocate memory
[1764237293.544228656] compute14:rank25.Fock: reg_mr failed: 0xff00000512600000:0xff000005225fffff (len 0x10000000) access 0x90000003 id 21 base 0xff000004c2600000: Cannot allocate memory
[1764237293.568755247] compute14:rank25.Fock: reg_mr failed 10 times in a row.
[1764237293.654640372] compute21:rank39.Fock: reg_mr failed: 0xff00000502600000:0xff000005125fffff (len 0x10000000) access 0x90000003 id 21 base 0xff000004c2600000: Cannot allocate memory
[1764237293.672315541] compute11:rank3.Fock: reg_mr failed: 0xff00000512600000:0xff000005225fffff (len 0x10000000) access 0x90000003 id 21 base 0xff000004c2600000: Cannot allocate memory
[1764237293.697850595] compute21:rank39.Fock: reg_mr failed 10 times in a row.
[1764237293.790489703] compute14:rank31.Fock: reg_mr failed: 0xff00000522600000:0xff000005325fffff (len 0x10000000) access 0x90000003 id 21 base 0xff000004c2600000: Cannot allocate memory
[1764237293.825108566] compute14:rank31.Fock: reg_mr failed 10 times in a row.
[1764237293.840911439] compute31:rank57.Fock: reg_mr failed: 0xff00000421600000:0xff000004315fffff (len 0x10000000) access 0x90000003 id 19 base 0xff000003b1600000: Cannot allocate memory
[1764237293.859342340] compute11:rank3.Fock: reg_mr failed 10 times in a row.
[1764237293.868108634] compute31:rank57.Fock: reg_mr failed 10 times in a row.
[1764237293.885643023] compute33:rank69.Fock: reg_mr failed: 0xff00000378e00000:0xff00000388dfffff (len 0x10000000) access 0x90000003 id 18 base 0xff00000328e00000: Cannot allocate memory
[1764237293.889845318] compute33:rank68.Fock: reg_mr failed: 0xff000004f2600000:0xff000005025fffff (len 0x10000000) access 0x90000003 id 21 base 0xff000004c2600000: Cannot allocate memory
[1764237293.920952667] compute33:rank69.Fock: reg_mr failed 10 times in a row.
[1764237293.924376999] compute33:rank68.Fock: reg_mr failed 10 times in a row.
[1764237294.072208655] compute14:rank31.Fock: reg_mr failed: 0xff00000532600000:0xff0000053f75f1a7 (len 0xd15f1a8) access 0x90000003 id 21 base 0xff000004c2600000: Cannot allocate memory
[1764237294.247290530] compute33:rank69.Fock: reg_mr failed: 0xff00000532600000:0xff0000053f75f1a7 (len 0xd15f1a8) access 0x90000003 id 21 base 0xff000004c2600000: Cannot allocate memory
[1764237294.248591278] compute33:rank68.Fock: reg_mr failed: 0xff00000512600000:0xff000005225fffff (len 0x10000000) access 0x90000003 id 21 base 0xff000004c2600000: Cannot allocate memory
[1764237294.255863737] compute14:rank31.Fock: reg_mr failed 10 times in a row.
[1764237294.285697156] compute33:rank69.Fock: reg_mr failed 10 times in a row.
[1764237294.286482939] compute33:rank68.Fock: reg_mr failed 10 times in a row.
[1764237294.463276460] compute21:rank36.Fock: reg_mr failed: 0xff00000398e00000:0xff000003a8dfffff (len 0x10000000) access 0x90000003 id 18 base 0xff00000328e00000: Cannot allocate memory
[1764237294.468285959] compute33:rank68.Fock: reg_mr failed: 0xff00000522600000:0xff000005325fffff (len 0x10000000) access 0x90000003 id 21 base 0xff000004c2600000: Cannot allocate memory
[1764237294.494867894] compute33:rank68.Fock: reg_mr failed 10 times in a row.
[1764237294.506634219] compute21:rank36.Fock: reg_mr failed 10 times in a row.
[1764237294.843578897] compute12:rank8.Fock: reg_mr failed: 0xff00000338e00000:0xff00000348dfffff (len 0x10000000) access 0x90000003 id 18 base 0xff00000328e00000: Cannot allocate memory
[1764237295.039927469] compute12:rank8.Fock: reg_mr failed 10 times in a row.
  #Exact exchange calculation:70%; Time (s): Elapsed=106.6446, Remaining=46.
[1764237295.779086607] compute23:rank51.Fock: reg_mr failed: 0xff00000348e00000:0xff00000358dfffff (len 0x10000000) access 0x90000003 id 18 base 0xff00000328e00000: Cannot allocate memory
[1764237295.844353781] compute23:rank51.Fock: reg_mr failed 10 times in a row.
[1764237296.038216677] compute14:rank28.Fock: reg_mr failed: 0xff00000502600000:0xff000005125fffff (len 0x10000000) access 0x90000003 id 21 base 0xff000004c2600000: Cannot allocate memory
[1764237296.043741175] compute11:rank4.Fock: reg_mr failed: 0xff00000358e00000:0xff00000368dfffff (len 0x10000000) access 0x90000003 id 18 base 0xff00000328e00000: Cannot allocate memory
[1764237296.075316170] compute14:rank28.Fock: reg_mr failed 10 times in a row.
[1764237296.075830631] compute11:rank4.Fock: reg_mr failed 10 times in a row.
[1764237296.673313352] compute23:rank52.Fock: reg_mr failed: 0xff000004f2600000:0xff000005025fffff (len 0x10000000) access 0x90000003 id 21 base 0xff000004c2600000: Cannot allocate memory
[1764237296.706422710] compute23:rank52.Fock: reg_mr failed 10 times in a row.
[1764237297.604601996] compute33:rank67.Fock: reg_mr failed: 0xff00000532600000:0xff0000053f75f1a7 (len 0xd15f1a8) access 0x90000003 id 21 base 0xff000004c2600000: Cannot allocate memory
[1764237297.803248003] compute33:rank67.Fock: reg_mr failed 10 times in a row.
[1764237297.954162790] compute14:rank26.Fock: reg_mr failed: 0xff00000378e00000:0xff00000388dfffff (len 0x10000000) access 0x90000003 id 18 base 0xff00000328e00000: Cannot allocate memory
[1764237297.986607598] compute14:rank26.Fock: reg_mr failed 10 times in a row.
[1764237297.998644927] compute14:rank27.Fock: reg_mr failed: 0xff00000378e00000:0xff00000388dfffff (len 0x10000000) access 0x90000003 id 18 base 0xff00000328e00000: Cannot allocate memory
[1764237298.207546554] compute14:rank26.Fock: reg_mr failed: 0xff00000388e00000:0xff00000398dfffff (len 0x10000000) access 0x90000003 id 18 base 0xff00000328e00000: Cannot allocate memory
[1764237298.237750934] compute14:rank26.Fock: reg_mr failed 10 times in a row.
[1764237298.270590992] compute13:rank17.Fock: reg_mr failed: 0xff000003d1600000:0xff000003e15fffff (len 0x10000000) access 0x90000003 id 19 base 0xff000003b1600000: Cannot allocate memory
[1764237298.287486702] compute12:rank8.Fock: reg_mr failed: 0xff00000532600000:0xff000005425fffff (len 0x10000000) access 0x90000003 id 21 base 0xff000004c2600000: Cannot allocate memory
[1764237298.316426278] compute12:rank8.Fock: reg_mr failed 10 times in a row.
[1764237298.570018574] compute34:rank72.Fock: reg_mr failed: 0xff00000411600000:0xff000004215fffff (len 0x10000000) access 0x90000003 id 19 base 0xff000003b1600000: Cannot allocate memory
[1764237298.763680847] compute34:rank72.Fock: reg_mr failed 10 times in a row.
  #Exact exchange calculation:73%; Time (s): Elapsed=110.1401, Remaining=41.
[1764237299.641704896] compute12:rank15.Fock: reg_mr failed: 0xff00000421600000:0xff000004315fffff (len 0x10000000) access 0x90000003 id 19 base 0xff000003b1600000: Cannot allocate memory
[1764237299.670592333] compute23:rank50.Fock: reg_mr failed: 0xff000004e2600000:0xff000004f25fffff (len 0x10000000) access 0x90000003 id 21 base 0xff000004c2600000: Cannot allocate memory
[1764237299.814282899] compute23:rank49.Fock: reg_mr failed: 0xff00000411600000:0xff000004215fffff (len 0x10000000) access 0x90000003 id 19 base 0xff000003b1600000: Cannot allocate memory
[1764237299.826750370] compute23:rank50.Fock: reg_mr failed 10 times in a row.
[1764237299.875936588] compute13:rank20.Fock: reg_mr failed: 0xff000003f1600000:0xff000004015fffff (len 0x10000000) access 0x90000003 id 19 base 0xff000003b1600000: Cannot allocate memory
[1764237299.877298075] compute23:rank49.Fock: reg_mr failed 10 times in a row.
[1764237299.966488157] compute13:rank20.Fock: reg_mr failed 10 times in a row.
  #Exact exchange calculation:75%; Time (s): Elapsed=113.6343, Remaining=38.
[1764237302.436544161] compute12:rank15.Fock: reg_mr failed: 0xff000004d2600000:0xff000004e25fffff (len 0x10000000) access 0x90000003 id 21 base 0xff000004c2600000: Cannot allocate memory
[1764237302.913531781] compute23:rank49.Fock: reg_mr failed: 0xff00000398e00000:0xff000003a8dfffff (len 0x10000000) access 0x90000003 id 18 base 0xff00000328e00000: Cannot allocate memory
[1764237302.946486382] compute23:rank49.Fock: reg_mr failed 10 times in a row.
[1764237303.533328988] compute11:rank4.Fock: reg_mr failed: 0xff00000348e00000:0xff00000358dfffff (len 0x10000000) access 0x90000003 id 18 base 0xff00000328e00000: Cannot allocate memory
[1764237303.691708952] compute11:rank4.Fock: reg_mr failed 10 times in a row.
[1764237304.615030493] compute21:rank39.Fock: reg_mr failed: 0xff000004d2600000:0xff000004e25fffff (len 0x10000000) access 0x90000003 id 21 base 0xff000004c2600000: Cannot allocate memory
[1764237304.671102203] compute22:rank40.Fock: reg_mr failed: 0xff00000502600000:0xff000005125fffff (len 0x10000000) access 0x90000003 id 21 base 0xff000004c2600000: Cannot allocate memory
[1764237304.775338472] compute21:rank39.Fock: reg_mr failed 10 times in a row.
[1764237304.852835483] compute22:rank40.Fock: reg_mr failed 10 times in a row.
[1764237305.169250564] compute22:rank40.Fock: reg_mr failed: 0xff00000522600000:0xff000005325fffff (len 0x10000000) access 0x90000003 id 21 base 0xff000004c2600000: Cannot allocate memory
[1764237305.189663053] compute14:rank26.Fock: reg_mr failed: 0xff00000532600000:0xff000005425fffff (len 0x10000000) access 0x90000003 id 21 base 0xff000004c2600000: Cannot allocate memory
[1764237305.200968661] compute22:rank40.Fock: reg_mr failed 10 times in a row.
[1764237305.219544047] compute13:rank17.Fock: reg_mr failed: 0xff000004d2600000:0xff000004e25fffff (len 0x10000000) access 0x90000003 id 21 base 0xff000004c2600000: Cannot allocate memory
[1764237305.372834166] compute14:rank26.Fock: reg_mr failed 10 times in a row.
[1764237305.388595122] compute13:rank17.Fock: reg_mr failed 10 times in a row.
[1764237305.803021604] compute12:rank15.Fock: reg_mr failed: 0xff000004e2600000:0xff000004f25fffff (len 0x10000000) access 0x90000003 id 21 base 0xff000004c2600000: Cannot allocate memory
[1764237305.857495765] compute31:rank61.Fock: reg_mr failed: 0xff00000502600000:0xff000005125fffff (len 0x10000000) access 0x90000003 id 21 base 0xff000004c2600000: Cannot allocate memory
  #Exact exchange calculation:78%; Time (s): Elapsed=117.1269, Remaining=33.
[1764237305.919560320] compute12:rank15.Fock: reg_mr failed 10 times in a row.
[1764237306.713471606] compute11:rank5.Fock: reg_mr failed: 0xff00000512600000:0xff000005225fffff (len 0x10000000) access 0x90000003 id 21 base 0xff000004c2600000: Cannot allocate memory
[1764237306.748970273] compute11:rank5.Fock: reg_mr failed 10 times in a row.
[1764237306.841399872] compute23:rank53.Fock: reg_mr failed: 0xff00000522600000:0xff000005325fffff (len 0x10000000) access 0x90000003 id 21 base 0xff000004c2600000: Cannot allocate memory
[1764237306.927978956] compute14:rank28.Fock: reg_mr failed: 0xff000003d1600000:0xff000003e15fffff (len 0x10000000) access 0x90000003 id 19 base 0xff000003b1600000: Cannot allocate memory
[1764237306.964561813] compute14:rank28.Fock: reg_mr failed 10 times in a row.
[1764237307.026335325] compute23:rank53.Fock: reg_mr failed 10 times in a row.
[1764237307.094205577] compute11:rank5.Fock: reg_mr failed: 0xff00000421600000:0xff000004315fffff (len 0x10000000) access 0x90000003 id 19 base 0xff000003b1600000: Cannot allocate memory
[1764237307.616657348] compute14:rank31.Fock: reg_mr failed: 0xff00000522600000:0xff000005325fffff (len 0x10000000) access 0x90000003 id 21 base 0xff000004c2600000: Cannot allocate memory
[1764237307.647775382] compute14:rank31.Fock: reg_mr failed 10 times in a row.
[1764237308.465796550] compute23:rank52.Fock: reg_mr failed: 0xff000003d1600000:0xff000003e15fffff (len 0x10000000) access 0x90000003 id 19 base 0xff000003b1600000: Cannot allocate memory
[1764237308.490434151] compute23:rank52.Fock: reg_mr failed 10 times in a row.
[1764237308.578942761] compute12:rank13.Fock: reg_mr failed: 0xff00000378e00000:0xff00000388dfffff (len 0x10000000) access 0x90000003 id 18 base 0xff00000328e00000: Cannot allocate memory
[1764237309.314744829] compute12:rank14.Fock: reg_mr failed: 0xff00000358e00000:0xff00000368dfffff (len 0x10000000) access 0x90000003 id 18 base 0xff00000328e00000: Cannot allocate memory
  #Exact exchange calculation:80%; Time (s): Elapsed=120.6201, Remaining=30.
[1764237309.402794990] compute12:rank14.Fock: reg_mr failed 10 times in a row.
[1764237309.680993266] compute34:rank78.Fock: reg_mr failed: 0xff00000502600000:0xff000005125fffff (len 0x10000000) access 0x90000003 id 21 base 0xff000004c2600000: Cannot allocate memory
[1764237309.741044193] compute13:rank19.Fock: reg_mr failed: 0xff00000348e00000:0xff00000358dfffff (len 0x10000000) access 0x90000003 id 18 base 0xff00000328e00000: Cannot allocate memory
[1764237309.769806644] compute13:rank19.Fock: reg_mr failed 10 times in a row.
[1764237309.889282393] compute34:rank78.Fock: reg_mr failed 10 times in a row.
[1764237310.230668916] compute13:rank19.Fock: reg_mr failed: 0xff00000378e00000:0xff00000388dfffff (len 0x10000000) access 0x90000003 id 18 base 0xff00000328e00000: Cannot allocate memory
[1764237310.284350149] compute31:rank57.Fock: reg_mr failed: 0xff00000502600000:0xff000005125fffff (len 0x10000000) access 0x90000003 id 21 base 0xff000004c2600000: Cannot allocate memory
[1764237310.314957160] compute31:rank57.Fock: reg_mr failed 10 times in a row.
[1764237310.398781129] compute13:rank19.Fock: reg_mr failed 10 times in a row.
[1764237310.418934329] compute14:rank25.Fock: reg_mr failed: 0xff00000348e00000:0xff00000358dfffff (len 0x10000000) access 0x90000003 id 18 base 0xff00000328e00000: Cannot allocate memory
[1764237310.448168691] compute21:rank36.Fock: reg_mr failed: 0xff00000532600000:0xff0000053f75f1a7 (len 0xd15f1a8) access 0x90000003 id 21 base 0xff000004c2600000: Cannot allocate memory
[1764237310.599949279] compute14:rank25.Fock: reg_mr failed 10 times in a row.
[1764237310.621143556] compute21:rank36.Fock: reg_mr failed 10 times in a row.
[1764237310.991403211] compute14:rank25.Fock: reg_mr failed: 0xff00000512600000:0xff000005225fffff (len 0x10000000) access 0x90000003 id 21 base 0xff000004c2600000: Cannot allocate memory
[1764237311.015995314] compute14:rank25.Fock: reg_mr failed 10 times in a row.
[1764237312.494486370] compute21:rank32.Fock: reg_mr failed: 0xff000003c1600000:0xff000003d15fffff (len 0x10000000) access 0x90000003 id 19 base 0xff000003b1600000: Cannot allocate memory
[1764237312.525428484] compute21:rank32.Fock: reg_mr failed 10 times in a row.
  #Exact exchange calculation:83%; Time (s): Elapsed=124.1160, Remaining=25.
[1764237313.027967897] compute33:rank69.Fock: reg_mr failed: 0xff000004e2600000:0xff000004f25fffff (len 0x10000000) access 0x90000003 id 21 base 0xff000004c2600000: Cannot allocate memory
[1764237313.133854761] compute31:rank61.Fock: reg_mr failed: 0xff000003e1600000:0xff000003f15fffff (len 0x10000000) access 0x90000003 id 19 base 0xff000003b1600000: Cannot allocate memory
[1764237313.216104096] compute33:rank69.Fock: reg_mr failed 10 times in a row.
[1764237313.295897070] compute31:rank61.Fock: reg_mr failed 10 times in a row.
[1764237313.607137277] compute21:rank35.Fock: reg_mr failed: 0xff000004f2600000:0xff000005025fffff (len 0x10000000) access 0x90000003 id 21 base 0xff000004c2600000: Cannot allocate memory
[1764237313.644377862] compute21:rank35.Fock: reg_mr failed 10 times in a row.
[1764237314.013135786] compute12:rank10.Fock: reg_mr failed: 0xff000004f2600000:0xff000005025fffff (len 0x10000000) access 0x90000003 id 21 base 0xff000004c2600000: Cannot allocate memory
[1764237314.066334935] compute21:rank39.Fock: reg_mr failed: 0xff000003d1600000:0xff000003e15fffff (len 0x10000000) access 0x90000003 id 19 base 0xff000003b1600000: Cannot allocate memory
[1764237314.106616156] compute21:rank39.Fock: reg_mr failed 10 times in a row.
[1764237314.173897535] compute12:rank10.Fock: reg_mr failed 10 times in a row.
[1764237314.244577317] compute31:rank56.Fock: reg_mr failed: 0xff00000532600000:0xff0000053f75f1a7 (len 0xd15f1a8) access 0x90000003 id 21 base 0xff000004c2600000: Cannot allocate memory
[1764237314.268608457] compute21:rank34.Fock: reg_mr failed: 0xff00000532600000:0xff0000053f75f1a7 (len 0xd15f1a8) access 0x90000003 id 21 base 0xff000004c2600000: Cannot allocate memory
[1764237314.280132212] compute31:rank56.Fock: reg_mr failed 10 times in a row.
[1764237314.296107351] compute21:rank34.Fock: reg_mr failed 10 times in a row.
[1764237314.480899307] compute23:rank55.Fock: reg_mr failed: 0xff000004e2600000:0xff000004f25fffff (len 0x10000000) access 0x90000003 id 21 base 0xff000004c2600000: Cannot allocate memory
[1764237314.486099873] compute11:rank2.Fock: reg_mr failed: 0xff00000512600000:0xff000005225fffff (len 0x10000000) access 0x90000003 id 21 base 0xff000004c2600000: Cannot allocate memory
[1764237314.647223373] compute23:rank55.Fock: reg_mr failed 10 times in a row.
[1764237314.663916272] compute11:rank2.Fock: reg_mr failed 10 times in a row.
[1764237314.672683570] compute11:rank6.Fock: reg_mr failed: 0xff00000532600000:0xff000005425fffff (len 0x10000000) access 0x90000003 id 21 base 0xff000004c2600000: Cannot allocate memory
[1764237315.906075382] compute21:rank33.Fock: reg_mr failed: 0xff00000502600000:0xff000005125fffff (len 0x10000000) access 0x90000003 id 21 base 0xff000004c2600000: Cannot allocate memory
[1764237315.957653483] compute23:rank52.Fock: reg_mr failed: 0xff000004d2600000:0xff000004e25fffff (len 0x10000000) access 0x90000003 id 21 base 0xff000004c2600000: Cannot allocate memory
[1764237315.983049158] compute23:rank52.Fock: reg_mr failed 10 times in a row.
[1764237316.087228663] compute21:rank33.Fock: reg_mr failed 10 times in a row.
[1764237316.271366353] compute11:rank3.Fock: reg_mr failed: 0xff00000522600000:0xff000005325fffff (len 0x10000000) access 0x90000003 id 21 base 0xff000004c2600000: Cannot allocate memory
[1764237316.303711339] compute11:rank3.Fock: reg_mr failed 10 times in a row.
[1764237316.350827532] compute11:rank1.Fock: reg_mr failed: 0xff00000338e00000:0xff00000348dfffff (len 0x10000000) access 0x90000003 id 18 base 0xff00000328e00000: Cannot allocate memory
  #Exact exchange calculation:85%; Time (s): Elapsed=127.6125, Remaining=23.
[1764237316.382381831] compute11:rank1.Fock: reg_mr failed 10 times in a row.
[1764237316.539809910] compute34:rank74.Fock: reg_mr failed: 0xff00000338e00000:0xff00000348dfffff (len 0x10000000) access 0x90000003 id 18 base 0xff00000328e00000: Cannot allocate memory
[1764237316.560123082] compute12:rank15.Fock: reg_mr failed: 0xff000004d2600000:0xff000004e25fffff (len 0x10000000) access 0x90000003 id 21 base 0xff000004c2600000: Cannot allocate memory
[1764237316.568093412] compute31:rank58.Fock: reg_mr failed: 0xff00000358e00000:0xff00000368dfffff (len 0x10000000) access 0x90000003 id 18 base 0xff00000328e00000: Cannot allocate memory
[1764237316.595597529] compute12:rank15.Fock: reg_mr failed 10 times in a row.
[1764237316.736649216] compute34:rank74.Fock: reg_mr failed 10 times in a row.
[1764237316.902983131] compute12:rank8.Fock: reg_mr failed: 0xff00000522600000:0xff000005325fffff (len 0x10000000) access 0x90000003 id 21 base 0xff000004c2600000: Cannot allocate memory
[1764237316.916264567] compute21:rank34.Fock: reg_mr failed: 0xff00000358e00000:0xff00000368dfffff (len 0x10000000) access 0x90000003 id 18 base 0xff00000328e00000: Cannot allocate memory
[1764237316.927617150] compute12:rank8.Fock: reg_mr failed 10 times in a row.
[1764237316.945643072] compute21:rank34.Fock: reg_mr failed 10 times in a row.
[1764237316.984775148] compute31:rank59.Fock: reg_mr failed: 0xff00000358e00000:0xff00000368dfffff (len 0x10000000) access 0x90000003 id 18 base 0xff00000328e00000: Cannot allocate memory
[1764237317.033709719] compute31:rank59.Fock: reg_mr failed 10 times in a row.
[1764237317.163858243] compute31:rank57.Fock: reg_mr failed: 0xff00000348e00000:0xff00000358dfffff (len 0x10000000) access 0x90000003 id 18 base 0xff00000328e00000: Cannot allocate memory
[1764237317.197795300] compute31:rank57.Fock: reg_mr failed 10 times in a row.
[1764237317.200301552] compute11:rank1.Fock: reg_mr failed: 0xff00000388e00000:0xff00000398dfffff (len 0x10000000) access 0x90000003 id 18 base 0xff00000328e00000: Cannot allocate memory
[1764237317.230848527] compute11:rank1.Fock: reg_mr failed 10 times in a row.
[1764237317.257956790] compute21:rank34.Fock: reg_mr failed: 0xff00000512600000:0xff000005225fffff (len 0x10000000) access 0x90000003 id 21 base 0xff000004c2600000: Cannot allocate memory
[1764237317.286996608] compute21:rank34.Fock: reg_mr failed 10 times in a row.
[1764237317.392110231] compute11:rank7.Fock: reg_mr failed: 0xff000004e2600000:0xff000004f25fffff (len 0x10000000) access 0x90000003 id 21 base 0xff000004c2600000: Cannot allocate memory
[1764237317.433445167] compute11:rank7.Fock: reg_mr failed 10 times in a row.
[1764237317.541048900] compute11:rank2.Fock: reg_mr failed: 0xff00000502600000:0xff000005125fffff (len 0x10000000) access 0x90000003 id 21 base 0xff000004c2600000: Cannot allocate memory
[1764237317.568016467] compute11:rank2.Fock: reg_mr failed 10 times in a row.
[1764237317.586714508] compute31:rank57.Fock: reg_mr failed: 0xff00000502600000:0xff000005125fffff (len 0x10000000) access 0x90000003 id 21 base 0xff000004c2600000: Cannot allocate memory
[1764237317.628599971] compute31:rank57.Fock: reg_mr failed 10 times in a row.
[1764237317.682683023] compute23:rank50.Fock: reg_mr failed: 0xff00000368e00000:0xff00000378dfffff (len 0x10000000) access 0x90000003 id 18 base 0xff00000328e00000: Cannot allocate memory
[1764237317.715180274] compute23:rank50.Fock: reg_mr failed 10 times in a row.
[1764237318.793667697] compute14:rank26.Fock: reg_mr failed: 0xff000004f2600000:0xff000005025fffff (len 0x10000000) access 0x90000003 id 21 base 0xff000004c2600000: Cannot allocate memory
[1764237318.850985825] compute31:rank61.Fock: reg_mr failed: 0xff00000378e00000:0xff00000388dfffff (len 0x10000000) access 0x90000003 id 18 base 0xff00000328e00000: Cannot allocate memory
[1764237318.964001447] compute14:rank26.Fock: reg_mr failed 10 times in a row.
[1764237319.018986802] compute31:rank61.Fock: reg_mr failed 10 times in a row.
  #Exact exchange calculation:88%; Time (s): Elapsed=131.1104, Remaining=18.
[1764237320.165450249] compute14:rank31.Fock: reg_mr failed: 0xff000003d1600000:0xff000003e15fffff (len 0x10000000) access 0x90000003 id 19 base 0xff000003b1600000: Cannot allocate memory
[1764237320.200790091] compute14:rank31.Fock: reg_mr failed 10 times in a row.
[1764237320.369376238] compute13:rank22.Fock: reg_mr failed: 0xff00000512600000:0xff000005225fffff (len 0x10000000) access 0x90000003 id 21 base 0xff000004c2600000: Cannot allocate memory
[1764237320.427717184] compute14:rank31.Fock: reg_mr failed: 0xff000003e1600000:0xff000003f15fffff (len 0x10000000) access 0x90000003 id 19 base 0xff000003b1600000: Cannot allocate memory
[1764237320.462623337] compute14:rank31.Fock: reg_mr failed 10 times in a row.
[1764237320.524734700] compute13:rank22.Fock: reg_mr failed 10 times in a row.
[1764237320.616959412] compute13:rank22.Fock: reg_mr failed: 0xff00000512600000:0xff000005225fffff (len 0x10000000) access 0x90000003 id 21 base 0xff000004c2600000: Cannot allocate memory
[1764237320.805898813] compute11:rank4.Fock: reg_mr failed: 0xff000003c1600000:0xff000003d15fffff (len 0x10000000) access 0x90000003 id 19 base 0xff000003b1600000: Cannot allocate memory
[1764237321.195085617] compute11:rank6.Fock: reg_mr failed: 0xff000004f2600000:0xff000005025fffff (len 0x10000000) access 0x90000003 id 21 base 0xff000004c2600000: Cannot allocate memory
[1764237321.261550959] compute11:rank6.Fock: reg_mr failed 10 times in a row.
[1764237321.262599457] compute11:rank4.Fock: reg_mr failed: 0xff000003e1600000:0xff000003f15fffff (len 0x10000000) access 0x90000003 id 19 base 0xff000003b1600000: Cannot allocate memory
[1764237321.309571987] compute11:rank4.Fock: reg_mr failed 10 times in a row.
[1764237321.855649008] compute11:rank2.Fock: reg_mr failed: 0xff00000411600000:0xff000004215fffff (len 0x10000000) access 0x90000003 id 19 base 0xff000003b1600000: Cannot allocate memory
[1764237321.882508601] compute11:rank2.Fock: reg_mr failed 10 times in a row.
[1764237322.427959250] compute14:rank26.Fock: reg_mr failed: 0xff000004f2600000:0xff000005025fffff (len 0x10000000) access 0x90000003 id 21 base 0xff000004c2600000: Cannot allocate memory
[1764237322.460590281] compute14:rank26.Fock: reg_mr failed 10 times in a row.
[1764237322.681052388] compute14:rank26.Fock: reg_mr failed: 0xff00000502600000:0xff000005125fffff (len 0x10000000) access 0x90000003 id 21 base 0xff000004c2600000: Cannot allocate memory
[1764237322.705205439] compute14:rank26.Fock: reg_mr failed 10 times in a row.
  #Exact exchange calculation:90%; Time (s): Elapsed=134.6049, Remaining=15.
[1764237323.637581900] compute23:rank52.Fock: reg_mr failed: 0xff000004d2600000:0xff000004e25fffff (len 0x10000000) access 0x90000003 id 21 base 0xff000004c2600000: Cannot allocate memory
[1764237323.810555063] compute23:rank52.Fock: reg_mr failed 10 times in a row.
[1764237324.426659674] compute13:rank21.Fock: reg_mr failed: 0xff00000502600000:0xff000005125fffff (len 0x10000000) access 0x90000003 id 21 base 0xff000004c2600000: Cannot allocate memory
[1764237324.427658297] compute21:rank35.Fock: reg_mr failed: 0xff000004f2600000:0xff000005025fffff (len 0x10000000) access 0x90000003 id 21 base 0xff000004c2600000: Cannot allocate memory
[1764237324.433573067] compute22:rank40.Fock: reg_mr failed: 0xff000004d2600000:0xff000004e25fffff (len 0x10000000) access 0x90000003 id 21 base 0xff000004c2600000: Cannot allocate memory
[1764237324.465480011] compute13:rank21.Fock: reg_mr failed 10 times in a row.
[1764237324.554683862] compute23:rank52.Fock: reg_mr failed: 0xff00000532600000:0xff0000053f75f1a7 (len 0xd15f1a8) access 0x90000003 id 21 base 0xff000004c2600000: Cannot allocate memory
[1764237324.591942696] compute34:rank73.Fock: reg_mr failed: 0xff00000358e00000:0xff00000368dfffff (len 0x10000000) access 0x90000003 id 18 base 0xff00000328e00000: Cannot allocate memory
[1764237324.614578292] compute21:rank35.Fock: reg_mr failed 10 times in a row.
[1764237324.624930475] compute22:rank40.Fock: reg_mr failed 10 times in a row.
[1764237324.662214180] compute33:rank70.Fock: reg_mr failed: 0xff00000502600000:0xff000005125fffff (len 0x10000000) access 0x90000003 id 21 base 0xff000004c2600000: Cannot allocate memory
[1764237324.786389767] compute34:rank73.Fock: reg_mr failed 10 times in a row.
[1764237324.837522437] compute33:rank70.Fock: reg_mr failed 10 times in a row.
[1764237324.837443726] compute13:rank21.Fock: reg_mr failed: 0xff00000388e00000:0xff00000398dfffff (len 0x10000000) access 0x90000003 id 18 base 0xff00000328e00000: Cannot allocate memory
[1764237324.862739592] compute13:rank21.Fock: reg_mr failed 10 times in a row.
[1764237325.131541906] compute12:rank9.Fock: reg_mr failed: 0xff00000348e00000:0xff00000358dfffff (len 0x10000000) access 0x90000003 id 18 base 0xff00000328e00000: Cannot allocate memory
[1764237325.318065565] compute12:rank9.Fock: reg_mr failed 10 times in a row.
[1764237325.548231908] compute13:rank17.Fock: reg_mr failed: 0xff00000378e00000:0xff00000388dfffff (len 0x10000000) access 0x90000003 id 18 base 0xff00000328e00000: Cannot allocate memory
[1764237325.745536242] compute13:rank17.Fock: reg_mr failed 10 times in a row.
[1764237326.244693911] compute12:rank15.Fock: reg_mr failed: 0xff000004d2600000:0xff000004e25fffff (len 0x10000000) access 0x90000003 id 21 base 0xff000004c2600000: Cannot allocate memory
[1764237326.268924847] compute12:rank15.Fock: reg_mr failed 10 times in a row.
  #Exact exchange calculation:93%; Time (s): Elapsed=138.1140, Remaining=10.
[1764237326.938927038] compute34:rank72.Fock: reg_mr failed: 0xff000004d2600000:0xff000004e25fffff (len 0x10000000) access 0x90000003 id 21 base 0xff000004c2600000: Cannot allocate memory
[1764237326.985852523] compute34:rank72.Fock: reg_mr failed 10 times in a row.
[1764237327.346636011] compute13:rank19.Fock: reg_mr failed: 0xff000003e1600000:0xff000003f15fffff (len 0x10000000) access 0x90000003 id 19 base 0xff000003b1600000: Cannot allocate memory
[1764237327.370430498] compute13:rank19.Fock: reg_mr failed 10 times in a row.
[1764237327.390708233] compute11:rank3.Fock: reg_mr failed: 0xff00000502600000:0xff000005125fffff (len 0x10000000) access 0x90000003 id 21 base 0xff000004c2600000: Cannot allocate memory
[1764237327.554205067] compute11:rank3.Fock: reg_mr failed 10 times in a row.
[1764237327.568662827] compute33:rank70.Fock: reg_mr failed: 0xff000004e2600000:0xff000004f25fffff (len 0x10000000) access 0x90000003 id 21 base 0xff000004c2600000: Cannot allocate memory
[1764237327.598340389] compute33:rank70.Fock: reg_mr failed 10 times in a row.
[1764237327.753256608] compute31:rank60.Fock: reg_mr failed: 0xff00000502600000:0xff000005125fffff (len 0x10000000) access 0x90000003 id 21 base 0xff000004c2600000: Cannot allocate memory
[1764237327.907744298] compute34:rank77.Fock: reg_mr failed: 0xff00000502600000:0xff000005125fffff (len 0x10000000) access 0x90000003 id 21 base 0xff000004c2600000: Cannot allocate memory
[1764237327.934600550] compute34:rank77.Fock: reg_mr failed 10 times in a row.
[1764237327.962831158] compute31:rank60.Fock: reg_mr failed 10 times in a row.
[1764237328.070758776] compute21:rank38.Fock: reg_mr failed: 0xff000003e1600000:0xff000003f15fffff (len 0x10000000) access 0x90000003 id 19 base 0xff000003b1600000: Cannot allocate memory
[1764237328.102452672] compute21:rank38.Fock: reg_mr failed 10 times in a row.
[1764237328.397345773] compute21:rank38.Fock: reg_mr failed: 0xff00000401600000:0xff000004115fffff (len 0x10000000) access 0x90000003 id 19 base 0xff000003b1600000: Cannot allocate memory
[1764237328.442832636] compute21:rank38.Fock: reg_mr failed 10 times in a row.
[1764237328.613146023] compute22:rank47.Fock: reg_mr failed: 0xff000004d2600000:0xff000004e25fffff (len 0x10000000) access 0x90000003 id 21 base 0xff000004c2600000: Cannot allocate memory
[1764237328.645628824] compute22:rank47.Fock: reg_mr failed 10 times in a row.
[1764237329.245843858] compute13:rank17.Fock: reg_mr failed: 0xff00000512600000:0xff000005225fffff (len 0x10000000) access 0x90000003 id 21 base 0xff000004c2600000: Cannot allocate memory
[1764237329.277125937] compute13:rank17.Fock: reg_mr failed 10 times in a row.
[1764237329.478430349] compute13:rank16.Fock: reg_mr failed: 0xff000004f2600000:0xff000005025fffff (len 0x10000000) access 0x90000003 id 21 base 0xff000004c2600000: Cannot allocate memory
[1764237329.510461341] compute13:rank16.Fock: reg_mr failed 10 times in a row.
  #Exact exchange calculation:95%; Time (s): Elapsed=141.6119, Remaining=7.5
[1764237330.765847982] compute21:rank35.Fock: reg_mr failed: 0xff00000358e00000:0xff00000368dfffff (len 0x10000000) access 0x90000003 id 18 base 0xff00000328e00000: Cannot allocate memory
[1764237330.775317700] compute11:rank3.Fock: reg_mr failed: 0xff000004f2600000:0xff000005025fffff (len 0x10000000) access 0x90000003 id 21 base 0xff000004c2600000: Cannot allocate memory
[1764237330.806374707] compute11:rank3.Fock: reg_mr failed 10 times in a row.
[1764237330.884861349] compute33:rank71.Fock: reg_mr failed: 0xff00000378e00000:0xff00000388dfffff (len 0x10000000) access 0x90000003 id 18 base 0xff00000328e00000: Cannot allocate memory
[1764237330.931826416] compute21:rank35.Fock: reg_mr failed 10 times in a row.
[1764237331.045590535] compute33:rank71.Fock: reg_mr failed 10 times in a row.
[1764237331.238126408] compute31:rank62.Fock: reg_mr failed: 0xff00000338e00000:0xff00000348dfffff (len 0x10000000) access 0x90000003 id 18 base 0xff00000328e00000: Cannot allocate memory
[1764237331.268772436] compute31:rank62.Fock: reg_mr failed 10 times in a row.
[1764237331.360325689] compute14:rank28.Fock: reg_mr failed: 0xff00000358e00000:0xff00000368dfffff (len 0x10000000) access 0x90000003 id 18 base 0xff00000328e00000: Cannot allocate memory
[1764237331.449148340] compute23:rank50.Fock: reg_mr failed: 0xff000004e2600000:0xff000004f25fffff (len 0x10000000) access 0x90000003 id 21 base 0xff000004c2600000: Cannot allocate memory
[1764237331.545598679] compute14:rank28.Fock: reg_mr failed 10 times in a row.
[1764237331.585943657] compute23:rank52.Fock: reg_mr failed: 0xff000004d2600000:0xff000004e25fffff (len 0x10000000) access 0x90000003 id 21 base 0xff000004c2600000: Cannot allocate memory
[1764237331.623222190] compute23:rank52.Fock: reg_mr failed 10 times in a row.
[1764237331.625248710] compute23:rank50.Fock: reg_mr failed 10 times in a row.
[1764237331.806396601] compute23:rank52.Fock: reg_mr failed: 0xff000004e2600000:0xff000004f25fffff (len 0x10000000) access 0x90000003 id 21 base 0xff000004c2600000: Cannot allocate memory
[1764237331.881022159] compute13:rank17.Fock: reg_mr failed: 0xff00000338e00000:0xff00000348dfffff (len 0x10000000) access 0x90000003 id 18 base 0xff00000328e00000: Cannot allocate memory
[1764237331.966834515] compute34:rank78.Fock: reg_mr failed: 0xff00000368e00000:0xff00000378dfffff (len 0x10000000) access 0x90000003 id 18 base 0xff00000328e00000: Cannot allocate memory
[1764237331.993498319] compute31:rank61.Fock: reg_mr failed: 0xff00000338e00000:0xff00000348dfffff (len 0x10000000) access 0x90000003 id 18 base 0xff00000328e00000: Cannot allocate memory
[1764237332.069890227] compute13:rank17.Fock: reg_mr failed 10 times in a row.
[1764237332.153729096] compute23:rank52.Fock: reg_mr failed: 0xff00000512600000:0xff000005225fffff (len 0x10000000) access 0x90000003 id 21 base 0xff000004c2600000: Cannot allocate memory
[1764237332.278753425] compute34:rank78.Fock: reg_mr failed: 0xff00000512600000:0xff000005225fffff (len 0x10000000) access 0x90000003 id 21 base 0xff000004c2600000: Cannot allocate memory
[1764237332.437856823] compute34:rank78.Fock: reg_mr failed 10 times in a row.
[1764237332.910577906] compute14:rank27.Fock: reg_mr failed: 0xff000004f2600000:0xff000005025fffff (len 0x10000000) access 0x90000003 id 21 base 0xff000004c2600000: Cannot allocate memory
[1764237332.938765770] compute14:rank27.Fock: reg_mr failed 10 times in a row.
[1764237333.133724802] compute12:rank9.Fock: reg_mr failed: 0xff00000512600000:0xff000005225fffff (len 0x10000000) access 0x90000003 id 21 base 0xff000004c2600000: Cannot allocate memory
[1764237333.297541306] compute12:rank9.Fock: reg_mr failed 10 times in a row.
  #Exact exchange calculation:98%; Time (s): Elapsed=145.1080, Remaining=3.0
[1764237333.960951915] compute12:rank13.Fock: reg_mr failed: 0xff00000338e00000:0xff00000348dfffff (len 0x10000000) access 0x90000003 id 18 base 0xff00000328e00000: Cannot allocate memory
[1764237333.990248846] compute12:rank13.Fock: reg_mr failed 10 times in a row.
[1764237335.443391229] compute23:rank52.Fock: reg_mr failed: 0xff00000502600000:0xff000005125fffff (len 0x10000000) access 0x90000003 id 21 base 0xff000004c2600000: Cannot allocate memory
[1764237335.467926371] compute23:rank52.Fock: reg_mr failed 10 times in a row.
  #Exact exchange calculation:100%; Time (s): Elapsed=148.4060, Remaining=0.0
 Exact Exchange Energy       :  5.34408223998E+11
 Expected Exchange Energy    :  3.98942280401E-01
 Memory Consumption Report:
   Tot. No. of Allocations             :  432
   Tot. No. of Deallocations           :  432
   Remaining Memory (B)                :  0
   Memory occupation:
     Peak Value (MB)                   :  5329.716
     for the array                     : displ_res
     in the routine                    : null
     Memory Peak of process            : 5441.236 MB
 Walltime since initialization         :  00:02:39.700036500
 Max No. of dictionaries used          :  595 #( 241 still in use)
 Number of dictionary folders allocated:  1
