[0] MPI startup(): ===== GPU topology on compute11 =====
[0] MPI startup(): NUMA nodes     : 2
[0] MPI startup(): GPUs           : 4
[0] MPI startup(): Stacks (Tiles) : 8
[0] MPI startup(): Hierarchy mode : flat
[0] MPI startup(): Backend        : level zero
[0] MPI startup(): Device name    : Intel(R) Data Center GPU Max 1550
[0] MPI startup(): NUMA Id	GPU Id         Stacks (tiles)                 Ranks on this NUMA
[0] MPI startup(): 0      	0,1            (0,1)(2,3)                     0,1,2,3
[0] MPI startup(): 1      	2,3            (4,5)(6,7)                     4,5,6,7
[0] MPI startup(): ===== GPU pinning on compute11 =====
[0] MPI startup(): Rank	 Pin stack (tile)
[0] MPI startup(): 0	 {0}
[0] MPI startup(): 1	 {1}
[0] MPI startup(): 2	 {2}
[0] MPI startup(): 3	 {3}
[0] MPI startup(): 4	 {4}
[0] MPI startup(): 5	 {5}
[0] MPI startup(): 6	 {6}
[0] MPI startup(): 7	 {7}
[0] MPI startup(): Intel(R) MPI Library, Version 2021.16  Build 20250513 (id: a7c135c)
[0] MPI startup(): Copyright (C) 2003-2025 Intel Corporation.  All rights reserved.
[0] MPI startup(): library kind: release
[0] MPI startup(): libfabric version: 2.1.0-impi
[0] MPI startup(): libfabric provider: psm3
[0] MPI startup(): File "/install/software/oneAPI/2025.2/mpi/2021.16/opt/mpi/etc/tuning_spr_shm-ofi_psm3_200_x1.dat" not found
[0] MPI startup(): File "/install/software/oneAPI/2025.2/mpi/2021.16/opt/mpi/etc/tuning_spr_shm-ofi_psm3_200.dat" not found
[0] MPI startup(): File "/install/software/oneAPI/2025.2/mpi/2021.16/opt/mpi/etc/tuning_spr_shm-ofi_psm3.dat" not found
[0] MPI startup(): Load tuning file: "/install/software/oneAPI/2025.2/mpi/2021.16/opt/mpi/etc/tuning_spr_shm-ofi.dat"
[0] MPI startup(): Number of NICs:  1 
[0] MPI startup(): ===== NIC pinning on compute11 =====
[0] MPI startup(): Rank    Thread id  Pin nic
[0] MPI startup(): 0       0          autoselect_one:mlx5_0;mlx5_1
[0] MPI startup(): 1       0          autoselect_one:mlx5_0;mlx5_1
[0] MPI startup(): 2       0          autoselect_one:mlx5_0;mlx5_1
[0] MPI startup(): 3       0          autoselect_one:mlx5_0;mlx5_1
[0] MPI startup(): 4       0          autoselect_one:mlx5_0;mlx5_1
[0] MPI startup(): 5       0          autoselect_one:mlx5_0;mlx5_1
[0] MPI startup(): 6       0          autoselect_one:mlx5_0;mlx5_1
[0] MPI startup(): 7       0          autoselect_one:mlx5_0;mlx5_1
[0] MPI startup(): ===== CPU pinning =====
[0] MPI startup(): Rank    Pid      Node name  Pin cpu
[0] MPI startup(): 0       200903   compute11  {0-13,112-125}
[0] MPI startup(): 1       200904   compute11  {14-27,126-139}
[0] MPI startup(): 2       200905   compute11  {28-41,140-153}
[0] MPI startup(): 3       200906   compute11  {42-55,154-167}
[0] MPI startup(): 4       200907   compute11  {56-69,168-181}
[0] MPI startup(): 5       200908   compute11  {70-83,182-195}
[0] MPI startup(): 6       200909   compute11  {84-97,196-209}
[0] MPI startup(): 7       200910   compute11  {98-111,210-223}
[0] MPI startup(): 8       97678    compute12  {0-13,112-125}
[0] MPI startup(): 9       97679    compute12  {14-27,126-139}
[0] MPI startup(): 10      97680    compute12  {28-41,140-153}
[0] MPI startup(): 11      97681    compute12  {42-55,154-167}
[0] MPI startup(): 12      97682    compute12  {56-69,168-181}
[0] MPI startup(): 13      97683    compute12  {70-83,182-195}
[0] MPI startup(): 14      97684    compute12  {84-97,196-209}
[0] MPI startup(): 15      97685    compute12  {98-111,210-223}
[0] MPI startup(): 16      192762   compute13  {0-13,112-125}
[0] MPI startup(): 17      192763   compute13  {14-27,126-139}
[0] MPI startup(): 18      192764   compute13  {28-41,140-153}
[0] MPI startup(): 19      192765   compute13  {42-55,154-167}
[0] MPI startup(): 20      192766   compute13  {56-69,168-181}
[0] MPI startup(): 21      192767   compute13  {70-83,182-195}
[0] MPI startup(): 22      192768   compute13  {84-97,196-209}
[0] MPI startup(): 23      192769   compute13  {98-111,210-223}
[0] MPI startup(): 24      102582   compute14  {0-13,112-125}
[0] MPI startup(): 25      102583   compute14  {14-27,126-139}
[0] MPI startup(): 26      102584   compute14  {28-41,140-153}
[0] MPI startup(): 27      102585   compute14  {42-55,154-167}
[0] MPI startup(): 28      102586   compute14  {56-69,168-181}
[0] MPI startup(): 29      102587   compute14  {70-83,182-195}
[0] MPI startup(): 30      102588   compute14  {84-97,196-209}
[0] MPI startup(): 31      102589   compute14  {98-111,210-223}
[0] MPI startup(): 32      183682   compute21  {0-13,112-125}
[0] MPI startup(): 33      183683   compute21  {14-27,126-139}
[0] MPI startup(): 34      183684   compute21  {28-41,140-153}
[0] MPI startup(): 35      183685   compute21  {42-55,154-167}
[0] MPI startup(): 36      183686   compute21  {56-69,168-181}
[0] MPI startup(): 37      183687   compute21  {70-83,182-195}
[0] MPI startup(): 38      183688   compute21  {84-97,196-209}
[0] MPI startup(): 39      183689   compute21  {98-111,210-223}
[0] MPI startup(): 40      193964   compute22  {0-13,112-125}
[0] MPI startup(): 41      193965   compute22  {14-27,126-139}
[0] MPI startup(): 42      193966   compute22  {28-41,140-153}
[0] MPI startup(): 43      193967   compute22  {42-55,154-167}
[0] MPI startup(): 44      193968   compute22  {56-69,168-181}
[0] MPI startup(): 45      193969   compute22  {70-83,182-195}
[0] MPI startup(): 46      193970   compute22  {84-97,196-209}
[0] MPI startup(): 47      193971   compute22  {98-111,210-223}
[0] MPI startup(): 48      46678    compute23  {0-13,112-125}
[0] MPI startup(): 49      46679    compute23  {14-27,126-139}
[0] MPI startup(): 50      46680    compute23  {28-41,140-153}
[0] MPI startup(): 51      46681    compute23  {42-55,154-167}
[0] MPI startup(): 52      46682    compute23  {56-69,168-181}
[0] MPI startup(): 53      46683    compute23  {70-83,182-195}
[0] MPI startup(): 54      46684    compute23  {84-97,196-209}
[0] MPI startup(): 55      46685    compute23  {98-111,210-223}
[0] MPI startup(): 56      139290   compute31  {0-13,112-125}
[0] MPI startup(): 57      139291   compute31  {14-27,126-139}
[0] MPI startup(): 58      139292   compute31  {28-41,140-153}
[0] MPI startup(): 59      139293   compute31  {42-55,154-167}
[0] MPI startup(): 60      139294   compute31  {56-69,168-181}
[0] MPI startup(): 61      139295   compute31  {70-83,182-195}
[0] MPI startup(): 62      139296   compute31  {84-97,196-209}
[0] MPI startup(): 63      139297   compute31  {98-111,210-223}
[0] MPI startup(): I_MPI_ROOT=/install/software/oneAPI/2025.2/mpi/2021.16
[0] MPI startup(): ONEAPI_ROOT=/install/software/oneAPI/2025.2
[0] MPI startup(): I_MPI_MPIRUN=mpirun
[0] MPI startup(): I_MPI_BIND_WIN_ALLOCATE=localalloc
[0] MPI startup(): I_MPI_HYDRA_TOPOLIB=ipl2
[0] MPI startup(): I_MPI_HYDRA_BOOTSTRAP=slurm
[0] MPI startup(): I_MPI_OFFLOAD_DOMAIN_SIZE=1
[0] MPI startup(): I_MPI_OFFLOAD_CELL=tile
[0] MPI startup(): I_MPI_RETURN_WIN_MEM_NUMA=0
[0] MPI startup(): I_MPI_INTERNAL_MEM_POLICY=default
[0] MPI startup(): I_MPI_OFFLOAD_TOPOLIB=level_zero
[0] MPI startup(): I_MPI_OFFLOAD=1
[0] MPI startup(): I_MPI_OFFLOAD_CBWR=0
[0] MPI startup(): I_MPI_OFFLOAD_PIPELINE=0
[0] MPI startup(): I_MPI_OFFLOAD_FAST_MEMCPY_COLL=1
[0] MPI startup(): I_MPI_OFFLOAD_RDMA=1
[0] MPI startup(): I_MPI_OFFLOAD_RDMA_THRESHOLD=0
[0] MPI startup(): I_MPI_INFO_GPU_ID_LOCAL_MAP=0,0,1,1,2,2,3,3
[0] MPI startup(): I_MPI_INFO_GPU_TILE_ID_LOCAL_MAP=0,1,2,3,4,5,6,7
[0] MPI startup(): I_MPI_OFI_PROVIDER=psm3
[0] MPI startup(): I_MPI_DEBUG=5
---
 Reference Paper             : The Journal of Chemical Physics 137, 134108 (2012)
 Version Number              : PSolver 1.10
 Timestamp of this run       : 2025-11-27 01:28:13.100
 Root process Hostname       : compute11
  #------------------------------------------------------------------- Kernel Initialization
 Poisson Kernel Initialization:
    #---------------------------------------------------------------------- Input parameters
   setup:
  #------------------------------------------------------------------- Kernel Initialization
 Poisson Kernel Initialization:
    #---------------------------------------------------------------------- Input parameters
   setup:
     accel                             : DBFFT #  Material Acceleration
  #------------------------------------------------------------------- Kernel Initialization
 Poisson Kernel Initialization:
    #---------------------------------------------------------------------- Input parameters
   setup:
     accel                             : DBFFT #  Material Acceleration
     use_gpu_direct                    : Yes #    Force (or not) the usage of GPUdirect communication, if available
  #------------------------------------------------------------------- Kernel Initialization
 Poisson Kernel Initialization:
    #---------------------------------------------------------------------- Input parameters
   setup:
     accel                             : DBFFT #  Material Acceleration
     use_gpu_direct                    : Yes #    Force (or not) the usage of GPUdirect communication, if available
     verbose                           : Yes #    Verbosity switch
  #------------------------------------------------------------------- Kernel Initialization
 Poisson Kernel Initialization:
    #---------------------------------------------------------------------- Input parameters
   setup:
     accel                             : DBFFT #  Material Acceleration
  #------------------------------------------------------------------- Kernel Initialization
 Poisson Kernel Initialization:
    #---------------------------------------------------------------------- Input parameters
   setup:
     accel                             : DBFFT #  Material Acceleration
     use_gpu_direct                    : Yes #    Force (or not) the usage of GPUdirect communication, if available
  #------------------------------------------------------------------- Kernel Initialization
 Poisson Kernel Initialization:
    #---------------------------------------------------------------------- Input parameters
   setup:
     accel                             : DBFFT #  Material Acceleration
  #------------------------------------------------------------------- Kernel Initialization
 Poisson Kernel Initialization:
    #---------------------------------------------------------------------- Input parameters
   setup:
  #------------------------------------------------------------------- Kernel Initialization
 Poisson Kernel Initialization:
    #---------------------------------------------------------------------- Input parameters
   setup:
  #------------------------------------------------------------------- Kernel Initialization
 Poisson Kernel Initialization:
    #---------------------------------------------------------------------- Input parameters
   setup:
     accel                             : DBFFT #  Material Acceleration
     use_gpu_direct                    : Yes #    Force (or not) the usage of GPUdirect communication, if available
     verbose                           : Yes #    Verbosity switch
     keep_gpu_memory                   : Yes #    Do not deallocate GPU memory at each call of the (G)PS routine
  #------------------------------------------------------------------- Kernel Initialization
 Poisson Kernel Initialization:
    #---------------------------------------------------------------------- Input parameters
   setup:
     accel                             : DBFFT #  Material Acceleration
     use_gpu_direct                    : Yes #    Force (or not) the usage of GPUdirect communication, if available
     verbose                           : Yes #    Verbosity switch
     keep_gpu_memory                   : Yes #    Do not deallocate GPU memory at each call of the (G)PS routine
     taskgroup_size                    : 0 #      Size of the taskgroups of the Poisson Solver
     global_data                       : No #     Charge density and Electrostatic potential are given by global arrays
  #------------------------------------------------------------------- Kernel Initialization
 Poisson Kernel Initialization:
    #---------------------------------------------------------------------- Input parameters
   setup:
     accel                             : DBFFT #  Material Acceleration
     use_gpu_direct                    : Yes #    Force (or not) the usage of GPUdirect communication, if available
     verbose                           : Yes #    Verbosity switch
     keep_gpu_memory                   : Yes #    Do not deallocate GPU memory at each call of the (G)PS routine
     taskgroup_size                    : 0 #      Size of the taskgroups of the Poisson Solver
     global_data                       : No #     Charge density and Electrostatic potential are given by global arrays
  #------------------------------------------------------------------- Kernel Initialization
 Poisson Kernel Initialization:
    #---------------------------------------------------------------------- Input parameters
   setup:
     accel                             : DBFFT #  Material Acceleration
     use_gpu_direct                    : Yes #    Force (or not) the usage of GPUdirect communication, if available
  #------------------------------------------------------------------- Kernel Initialization
 Poisson Kernel Initialization:
    #---------------------------------------------------------------------- Input parameters
   setup:
     accel                             : DBFFT #  Material Acceleration
     use_gpu_direct                    : Yes #    Force (or not) the usage of GPUdirect communication, if available
     verbose                           : Yes #    Verbosity switch
  #------------------------------------------------------------------- Kernel Initialization
 Poisson Kernel Initialization:
    #---------------------------------------------------------------------- Input parameters
   setup:
     accel                             : DBFFT #  Material Acceleration
     use_gpu_direct                    : Yes #    Force (or not) the usage of GPUdirect communication, if available
  #------------------------------------------------------------------- Kernel Initialization
 Poisson Kernel Initialization:
    #---------------------------------------------------------------------- Input parameters
   setup:
     accel                             : DBFFT #  Material Acceleration
  #------------------------------------------------------------------- Kernel Initialization
 Poisson Kernel Initialization:
    #---------------------------------------------------------------------- Input parameters
   setup:
  #------------------------------------------------------------------- Kernel Initialization
 Poisson Kernel Initialization:
    #---------------------------------------------------------------------- Input parameters
   setup:
     accel                             : DBFFT #  Material Acceleration
     use_gpu_direct                    : Yes #    Force (or not) the usage of GPUdirect communication, if available
     verbose                           : Yes #    Verbosity switch
     keep_gpu_memory                   : Yes #    Do not deallocate GPU memory at each call of the (G)PS routine
     taskgroup_size                    : 0 #      Size of the taskgroups of the Poisson Solver
     global_data                       : No #     Charge density and Electrostatic potential are given by global arrays
  #------------------------------------------------------------------- Kernel Initialization
 Poisson Kernel Initialization:
    #---------------------------------------------------------------------- Input parameters
   setup:
     accel                             : DBFFT #  Material Acceleration
     use_gpu_direct                    : Yes #    Force (or not) the usage of GPUdirect communication, if available
     verbose                           : Yes #    Verbosity switch
     keep_gpu_memory                   : Yes #    Do not deallocate GPU memory at each call of the (G)PS routine
     taskgroup_size                    : 0 #      Size of the taskgroups of the Poisson Solver
  #------------------------------------------------------------------- Kernel Initialization
 Poisson Kernel Initialization:
    #---------------------------------------------------------------------- Input parameters
   setup:
     accel                             : DBFFT #  Material Acceleration
     use_gpu_direct                    : Yes #    Force (or not) the usage of GPUdirect communication, if available
     verbose                           : Yes #    Verbosity switch
     keep_gpu_memory                   : Yes #    Do not deallocate GPU memory at each call of the (G)PS routine
     taskgroup_size                    : 0 #      Size of the taskgroups of the Poisson Solver
     global_data                       : No #     Charge density and Electrostatic potential are given by global arrays
     output                            : none #   Quantities to be plotted after the main solver routine
  #------------------------------------------------------------------- Kernel Initialization
 Poisson Kernel Initialization:
    #---------------------------------------------------------------------- Input parameters
   setup:
     accel                             : DBFFT #  Material Acceleration
     use_gpu_direct                    : Yes #    Force (or not) the usage of GPUdirect communication, if available
     verbose                           : Yes #    Verbosity switch
  #------------------------------------------------------------------- Kernel Initialization
 Poisson Kernel Initialization:
    #---------------------------------------------------------------------- Input parameters
   setup:
     accel                             : DBFFT #  Material Acceleration
     use_gpu_direct                    : Yes #    Force (or not) the usage of GPUdirect communication, if available
     verbose                           : Yes #    Verbosity switch
  #------------------------------------------------------------------- Kernel Initialization
 Poisson Kernel Initialization:
    #---------------------------------------------------------------------- Input parameters
   setup:
     accel                             : DBFFT #  Material Acceleration
     use_gpu_direct                    : Yes #    Force (or not) the usage of GPUdirect communication, if available
     verbose                           : Yes #    Verbosity switch
     keep_gpu_memory                   : Yes #    Do not deallocate GPU memory at each call of the (G)PS routine
     taskgroup_size                    : 0 #      Size of the taskgroups of the Poisson Solver
  #------------------------------------------------------------------- Kernel Initialization
 Poisson Kernel Initialization:
    #---------------------------------------------------------------------- Input parameters
   setup:
     accel                             : DBFFT #  Material Acceleration
  #------------------------------------------------------------------- Kernel Initialization
 Poisson Kernel Initialization:
    #---------------------------------------------------------------------- Input parameters
   setup:
     accel                             : DBFFT #  Material Acceleration
     use_gpu_direct                    : Yes #    Force (or not) the usage of GPUdirect communication, if available
  #------------------------------------------------------------------- Kernel Initialization
 Poisson Kernel Initialization:
    #---------------------------------------------------------------------- Input parameters
   setup:
     accel                             : DBFFT #  Material Acceleration
     use_gpu_direct                    : Yes #    Force (or not) the usage of GPUdirect communication, if available
     verbose                           : Yes #    Verbosity switch
     keep_gpu_memory                   : Yes #    Do not deallocate GPU memory at each call of the (G)PS routine
     taskgroup_size                    : 0 #      Size of the taskgroups of the Poisson Solver
  #------------------------------------------------------------------- Kernel Initialization
 Poisson Kernel Initialization:
    #---------------------------------------------------------------------- Input parameters
   setup:
     accel                             : DBFFT #  Material Acceleration
     use_gpu_direct                    : Yes #    Force (or not) the usage of GPUdirect communication, if available
     verbose                           : Yes #    Verbosity switch
     keep_gpu_memory                   : Yes #    Do not deallocate GPU memory at each call of the (G)PS routine
  #------------------------------------------------------------------- Kernel Initialization
 Poisson Kernel Initialization:
    #---------------------------------------------------------------------- Input parameters
   setup:
     accel                             : DBFFT #  Material Acceleration
     use_gpu_direct                    : Yes #    Force (or not) the usage of GPUdirect communication, if available
     verbose                           : Yes #    Verbosity switch
     keep_gpu_memory                   : Yes #    Do not deallocate GPU memory at each call of the (G)PS routine
     taskgroup_size                    : 0 #      Size of the taskgroups of the Poisson Solver
     global_data                       : No #     Charge density and Electrostatic potential are given by global arrays
     output                            : none #   Quantities to be plotted after the main solver routine
   kernel:
     screening                         : 0 #      Mu screening parameter
  #------------------------------------------------------------------- Kernel Initialization
 Poisson Kernel Initialization:
    #---------------------------------------------------------------------- Input parameters
   setup:
     accel                             : DBFFT #  Material Acceleration
     use_gpu_direct                    : Yes #    Force (or not) the usage of GPUdirect communication, if available
     verbose                           : Yes #    Verbosity switch
     keep_gpu_memory                   : Yes #    Do not deallocate GPU memory at each call of the (G)PS routine
  #------------------------------------------------------------------- Kernel Initialization
 Poisson Kernel Initialization:
    #---------------------------------------------------------------------- Input parameters
   setup:
     accel                             : DBFFT #  Material Acceleration
     use_gpu_direct                    : Yes #    Force (or not) the usage of GPUdirect communication, if available
     verbose                           : Yes #    Verbosity switch
     keep_gpu_memory                   : Yes #    Do not deallocate GPU memory at each call of the (G)PS routine
     taskgroup_size                    : 0 #      Size of the taskgroups of the Poisson Solver
  #------------------------------------------------------------------- Kernel Initialization
 Poisson Kernel Initialization:
    #---------------------------------------------------------------------- Input parameters
   setup:
  #------------------------------------------------------------------- Kernel Initialization
 Poisson Kernel Initialization:
    #---------------------------------------------------------------------- Input parameters
   setup:
     accel                             : DBFFT #  Material Acceleration
     use_gpu_direct                    : Yes #    Force (or not) the usage of GPUdirect communication, if available
     verbose                           : Yes #    Verbosity switch
  #------------------------------------------------------------------- Kernel Initialization
 Poisson Kernel Initialization:
    #---------------------------------------------------------------------- Input parameters
   setup:
  #------------------------------------------------------------------- Kernel Initialization
 Poisson Kernel Initialization:
    #---------------------------------------------------------------------- Input parameters
   setup:
     accel                             : DBFFT #  Material Acceleration
     use_gpu_direct                    : Yes #    Force (or not) the usage of GPUdirect communication, if available
     verbose                           : Yes #    Verbosity switch
     keep_gpu_memory                   : Yes #    Do not deallocate GPU memory at each call of the (G)PS routine
     taskgroup_size                    : 0 #      Size of the taskgroups of the Poisson Solver
     global_data                       : No #     Charge density and Electrostatic potential are given by global arrays
     output                            : none #   Quantities to be plotted after the main solver routine
   kernel:
     screening                         : 0 #      Mu screening parameter
     verbose                           : Yes #    Verbosity switch
     keep_gpu_memory                   : Yes #    Do not deallocate GPU memory at each call of the (G)PS routine
     taskgroup_size                    : 0 #      Size of the taskgroups of the Poisson Solver
     global_data                       : No #     Charge density and Electrostatic potential are given by global arrays
     output                            : none #   Quantities to be plotted after the main solver routine
   kernel:
     screening                         : 0 #      Mu screening parameter
  #------------------------------------------------------------------- Kernel Initialization
 Poisson Kernel Initialization:
    #---------------------------------------------------------------------- Input parameters
   setup:
     accel                             : DBFFT #  Material Acceleration
     use_gpu_direct                    : Yes #    Force (or not) the usage of GPUdirect communication, if available
     verbose                           : Yes #    Verbosity switch
     keep_gpu_memory                   : Yes #    Do not deallocate GPU memory at each call of the (G)PS routine
     taskgroup_size                    : 0 #      Size of the taskgroups of the Poisson Solver
     global_data                       : No #     Charge density and Electrostatic potential are given by global arrays
  #------------------------------------------------------------------- Kernel Initialization
 Poisson Kernel Initialization:
    #---------------------------------------------------------------------- Input parameters
   setup:
     accel                             : DBFFT #  Material Acceleration
     use_gpu_direct                    : Yes #    Force (or not) the usage of GPUdirect communication, if available
     verbose                           : Yes #    Verbosity switch
     keep_gpu_memory                   : Yes #    Do not deallocate GPU memory at each call of the (G)PS routine
     taskgroup_size                    : 0 #      Size of the taskgroups of the Poisson Solver
     global_data                       : No #     Charge density and Electrostatic potential are given by global arrays
     output                            : none #   Quantities to be plotted after the main solver routine
  #------------------------------------------------------------------- Kernel Initialization
 Poisson Kernel Initialization:
    #---------------------------------------------------------------------- Input parameters
   setup:
     accel                             : DBFFT #  Material Acceleration
     use_gpu_direct                    : Yes #    Force (or not) the usage of GPUdirect communication, if available
     verbose                           : Yes #    Verbosity switch
     keep_gpu_memory                   : Yes #    Do not deallocate GPU memory at each call of the (G)PS routine
  #------------------------------------------------------------------- Kernel Initialization
 Poisson Kernel Initialization:
    #---------------------------------------------------------------------- Input parameters
   setup:
     accel                             : DBFFT #  Material Acceleration
  #------------------------------------------------------------------- Kernel Initialization
 Poisson Kernel Initialization:
    #---------------------------------------------------------------------- Input parameters
   setup:
     accel                             : DBFFT #  Material Acceleration
     use_gpu_direct                    : Yes #    Force (or not) the usage of GPUdirect communication, if available
     verbose                           : Yes #    Verbosity switch
     keep_gpu_memory                   : Yes #    Do not deallocate GPU memory at each call of the (G)PS routine
  #------------------------------------------------------------------- Kernel Initialization
 Poisson Kernel Initialization:
    #---------------------------------------------------------------------- Input parameters
   setup:
     accel                             : DBFFT #  Material Acceleration
  #------------------------------------------------------------------- Kernel Initialization
 Poisson Kernel Initialization:
    #---------------------------------------------------------------------- Input parameters
   setup:
     accel                             : DBFFT #  Material Acceleration
     use_gpu_direct                    : Yes #    Force (or not) the usage of GPUdirect communication, if available
     verbose                           : Yes #    Verbosity switch
     keep_gpu_memory                   : Yes #    Do not deallocate GPU memory at each call of the (G)PS routine
     taskgroup_size                    : 0 #      Size of the taskgroups of the Poisson Solver
     global_data                       : No #     Charge density and Electrostatic potential are given by global arrays
     output                            : none #   Quantities to be plotted after the main solver routine
   kernel:
     screening                         : 0 #      Mu screening parameter
     isf_order                         : 16 #     Order of the Interpolating Scaling Function family
     output                            : none #   Quantities to be plotted after the main solver routine
   kernel:
     screening                         : 0 #      Mu screening parameter
     isf_order                         : 16 #     Order of the Interpolating Scaling Function family
     keep_gpu_memory                   : Yes #    Do not deallocate GPU memory at each call of the (G)PS routine
     taskgroup_size                    : 0 #      Size of the taskgroups of the Poisson Solver
     global_data                       : No #     Charge density and Electrostatic potential are given by global arrays
     output                            : none #   Quantities to be plotted after the main solver routine
   kernel:
     screening                         : 0 #      Mu screening parameter
     isf_order                         : 16 #     Order of the Interpolating Scaling Function family
     stress_tensor                     : Yes #    Triggers the calculation of the stress tensor
   environment:
  #------------------------------------------------------------------- Kernel Initialization
 Poisson Kernel Initialization:
    #---------------------------------------------------------------------- Input parameters
   setup:
     accel                             : DBFFT #  Material Acceleration
     use_gpu_direct                    : Yes #    Force (or not) the usage of GPUdirect communication, if available
     verbose                           : Yes #    Verbosity switch
     keep_gpu_memory                   : Yes #    Do not deallocate GPU memory at each call of the (G)PS routine
     taskgroup_size                    : 0 #      Size of the taskgroups of the Poisson Solver
     global_data                       : No #     Charge density and Electrostatic potential are given by global arrays
     output                            : none #   Quantities to be plotted after the main solver routine
   kernel:
     screening                         : 0 #      Mu screening parameter
     isf_order                         : 16 #     Order of the Interpolating Scaling Function family
  #------------------------------------------------------------------- Kernel Initialization
 Poisson Kernel Initialization:
    #---------------------------------------------------------------------- Input parameters
   setup:
     accel                             : DBFFT #  Material Acceleration
     use_gpu_direct                    : Yes #    Force (or not) the usage of GPUdirect communication, if available
     verbose                           : Yes #    Verbosity switch
     keep_gpu_memory                   : Yes #    Do not deallocate GPU memory at each call of the (G)PS routine
     taskgroup_size                    : 0 #      Size of the taskgroups of the Poisson Solver
  #------------------------------------------------------------------- Kernel Initialization
 Poisson Kernel Initialization:
    #---------------------------------------------------------------------- Input parameters
   setup:
     accel                             : DBFFT #  Material Acceleration
     use_gpu_direct                    : Yes #    Force (or not) the usage of GPUdirect communication, if available
  #------------------------------------------------------------------- Kernel Initialization
 Poisson Kernel Initialization:
    #---------------------------------------------------------------------- Input parameters
   setup:
     accel                             : DBFFT #  Material Acceleration
     use_gpu_direct                    : Yes #    Force (or not) the usage of GPUdirect communication, if available
     verbose                           : Yes #    Verbosity switch
     keep_gpu_memory                   : Yes #    Do not deallocate GPU memory at each call of the (G)PS routine
     taskgroup_size                    : 0 #      Size of the taskgroups of the Poisson Solver
  #------------------------------------------------------------------- Kernel Initialization
 Poisson Kernel Initialization:
    #---------------------------------------------------------------------- Input parameters
   setup:
     accel                             : DBFFT #  Material Acceleration
  #------------------------------------------------------------------- Kernel Initialization
 Poisson Kernel Initialization:
    #---------------------------------------------------------------------- Input parameters
   setup:
     accel                             : DBFFT #  Material Acceleration
     use_gpu_direct                    : Yes #    Force (or not) the usage of GPUdirect communication, if available
     verbose                           : Yes #    Verbosity switch
     keep_gpu_memory                   : Yes #    Do not deallocate GPU memory at each call of the (G)PS routine
     taskgroup_size                    : 0 #      Size of the taskgroups of the Poisson Solver
     global_data                       : No #     Charge density and Electrostatic potential are given by global arrays
     output                            : none #   Quantities to be plotted after the main solver routine
   kernel:
     screening                         : 0 #      Mu screening parameter
     isf_order                         : 16 #     Order of the Interpolating Scaling Function family
     stress_tensor                     : Yes #    Triggers the calculation of the stress tensor
  #------------------------------------------------------------------- Kernel Initialization
 Poisson Kernel Initialization:
    #---------------------------------------------------------------------- Input parameters
   setup:
     accel                             : DBFFT #  Material Acceleration
     use_gpu_direct                    : Yes #    Force (or not) the usage of GPUdirect communication, if available
     verbose                           : Yes #    Verbosity switch
     keep_gpu_memory                   : Yes #    Do not deallocate GPU memory at each call of the (G)PS routine
     taskgroup_size                    : 0 #      Size of the taskgroups of the Poisson Solver
     output                            : none #   Quantities to be plotted after the main solver routine
   kernel:
     screening                         : 0 #      Mu screening parameter
     isf_order                         : 16 #     Order of the Interpolating Scaling Function family
     stress_tensor                     : Yes #    Triggers the calculation of the stress tensor
   environment:
     cavity                            : none #   Type of the cavity
     fd_order                          : 16 #     Order of the Finite-difference derivatives for the GPS solver
     itermax                           : 200 #    Maximum number of iterations of the GPS outer loop
     minres                            : 1.e-8 #  Convergence threshold of the loop
  #------------------------------------------------------------------- Kernel Initialization
 Poisson Kernel Initialization:
    #---------------------------------------------------------------------- Input parameters
   setup:
     accel                             : DBFFT #  Material Acceleration
     use_gpu_direct                    : Yes #    Force (or not) the usage of GPUdirect communication, if available
     verbose                           : Yes #    Verbosity switch
     keep_gpu_memory                   : Yes #    Do not deallocate GPU memory at each call of the (G)PS routine
     taskgroup_size                    : 0 #      Size of the taskgroups of the Poisson Solver
     global_data                       : No #     Charge density and Electrostatic potential are given by global arrays
     output                            : none #   Quantities to be plotted after the main solver routine
   kernel:
     screening                         : 0 #      Mu screening parameter
     isf_order                         : 16 #     Order of the Interpolating Scaling Function family
     stress_tensor                     : Yes #    Triggers the calculation of the stress tensor
  #------------------------------------------------------------------- Kernel Initialization
 Poisson Kernel Initialization:
    #---------------------------------------------------------------------- Input parameters
   setup:
     accel                             : DBFFT #  Material Acceleration
     use_gpu_direct                    : Yes #    Force (or not) the usage of GPUdirect communication, if available
     verbose                           : Yes #    Verbosity switch
     keep_gpu_memory                   : Yes #    Do not deallocate GPU memory at each call of the (G)PS routine
     taskgroup_size                    : 0 #      Size of the taskgroups of the Poisson Solver
  #------------------------------------------------------------------- Kernel Initialization
 Poisson Kernel Initialization:
    #---------------------------------------------------------------------- Input parameters
   setup:
     accel                             : DBFFT #  Material Acceleration
     use_gpu_direct                    : Yes #    Force (or not) the usage of GPUdirect communication, if available
     verbose                           : Yes #    Verbosity switch
  #------------------------------------------------------------------- Kernel Initialization
 Poisson Kernel Initialization:
    #---------------------------------------------------------------------- Input parameters
   setup:
     accel                             : DBFFT #  Material Acceleration
     use_gpu_direct                    : Yes #    Force (or not) the usage of GPUdirect communication, if available
     verbose                           : Yes #    Verbosity switch
     keep_gpu_memory                   : Yes #    Do not deallocate GPU memory at each call of the (G)PS routine
     taskgroup_size                    : 0 #      Size of the taskgroups of the Poisson Solver
  #------------------------------------------------------------------- Kernel Initialization
 Poisson Kernel Initialization:
    #---------------------------------------------------------------------- Input parameters
   setup:
     accel                             : DBFFT #  Material Acceleration
     use_gpu_direct                    : Yes #    Force (or not) the usage of GPUdirect communication, if available
     use_gpu_direct                    : Yes #    Force (or not) the usage of GPUdirect communication, if available
     verbose                           : Yes #    Verbosity switch
     keep_gpu_memory                   : Yes #    Do not deallocate GPU memory at each call of the (G)PS routine
     taskgroup_size                    : 0 #      Size of the taskgroups of the Poisson Solver
     global_data                       : No #     Charge density and Electrostatic potential are given by global arrays
     output                            : none #   Quantities to be plotted after the main solver routine
   kernel:
     screening                         : 0 #      Mu screening parameter
     isf_order                         : 16 #     Order of the Interpolating Scaling Function family
     stress_tensor                     : Yes #    Triggers the calculation of the stress tensor
   environment:
  #------------------------------------------------------------------- Kernel Initialization
 Poisson Kernel Initialization:
    #---------------------------------------------------------------------- Input parameters
   setup:
     accel                             : DBFFT #  Material Acceleration
     use_gpu_direct                    : Yes #    Force (or not) the usage of GPUdirect communication, if available
     verbose                           : Yes #    Verbosity switch
     keep_gpu_memory                   : Yes #    Do not deallocate GPU memory at each call of the (G)PS routine
     taskgroup_size                    : 0 #      Size of the taskgroups of the Poisson Solver
   kernel:
     screening                         : 0 #      Mu screening parameter
     isf_order                         : 16 #     Order of the Interpolating Scaling Function family
     stress_tensor                     : Yes #    Triggers the calculation of the stress tensor
   environment:
     cavity                            : none #   Type of the cavity
     fd_order                          : 16 #     Order of the Finite-difference derivatives for the GPS solver
     itermax                           : 200 #    Maximum number of iterations of the GPS outer loop
     minres                            : 1.e-8 #  Convergence threshold of the loop
  #------------------------------------------------------------------- Kernel Initialization
 Poisson Kernel Initialization:
    #---------------------------------------------------------------------- Input parameters
   setup:
     accel                             : DBFFT #  Material Acceleration
     use_gpu_direct                    : Yes #    Force (or not) the usage of GPUdirect communication, if available
     verbose                           : Yes #    Verbosity switch
     keep_gpu_memory                   : Yes #    Do not deallocate GPU memory at each call of the (G)PS routine
     taskgroup_size                    : 0 #      Size of the taskgroups of the Poisson Solver
     global_data                       : No #     Charge density and Electrostatic potential are given by global arrays
     output                            : none #   Quantities to be plotted after the main solver routine
   kernel:
     screening                         : 0 #      Mu screening parameter
     isf_order                         : 16 #     Order of the Interpolating Scaling Function family
     stress_tensor                     : Yes #    Triggers the calculation of the stress tensor
   environment:
     accel                             : DBFFT #  Material Acceleration
     use_gpu_direct                    : Yes #    Force (or not) the usage of GPUdirect communication, if available
     verbose                           : Yes #    Verbosity switch
     keep_gpu_memory                   : Yes #    Do not deallocate GPU memory at each call of the (G)PS routine
     taskgroup_size                    : 0 #      Size of the taskgroups of the Poisson Solver
     global_data                       : No #     Charge density and Electrostatic potential are given by global arrays
     output                            : none #   Quantities to be plotted after the main solver routine
   kernel:
     use_gpu_direct                    : Yes #    Force (or not) the usage of GPUdirect communication, if available
     verbose                           : Yes #    Verbosity switch
     keep_gpu_memory                   : Yes #    Do not deallocate GPU memory at each call of the (G)PS routine
     taskgroup_size                    : 0 #      Size of the taskgroups of the Poisson Solver
     global_data                       : No #     Charge density and Electrostatic potential are given by global arrays
     output                            : none #   Quantities to be plotted after the main solver routine
   kernel:
     screening                         : 0 #      Mu screening parameter
     isf_order                         : 16 #     Order of the Interpolating Scaling Function family
  #------------------------------------------------------------------- Kernel Initialization
 Poisson Kernel Initialization:
    #---------------------------------------------------------------------- Input parameters
   setup:
     accel                             : DBFFT #  Material Acceleration
     use_gpu_direct                    : Yes #    Force (or not) the usage of GPUdirect communication, if available
     verbose                           : Yes #    Verbosity switch
     keep_gpu_memory                   : Yes #    Do not deallocate GPU memory at each call of the (G)PS routine
     taskgroup_size                    : 0 #      Size of the taskgroups of the Poisson Solver
     accel                             : DBFFT #  Material Acceleration
     use_gpu_direct                    : Yes #    Force (or not) the usage of GPUdirect communication, if available
     verbose                           : Yes #    Verbosity switch
     keep_gpu_memory                   : Yes #    Do not deallocate GPU memory at each call of the (G)PS routine
     taskgroup_size                    : 0 #      Size of the taskgroups of the Poisson Solver
     global_data                       : No #     Charge density and Electrostatic potential are given by global arrays
     output                            : none #   Quantities to be plotted after the main solver routine
   kernel:
     screening                         : 0 #      Mu screening parameter
     taskgroup_size                    : 0 #      Size of the taskgroups of the Poisson Solver
     global_data                       : No #     Charge density and Electrostatic potential are given by global arrays
     output                            : none #   Quantities to be plotted after the main solver routine
   kernel:
     screening                         : 0 #      Mu screening parameter
     isf_order                         : 16 #     Order of the Interpolating Scaling Function family
     stress_tensor                     : Yes #    Triggers the calculation of the stress tensor
   environment:
  #------------------------------------------------------------------- Kernel Initialization
 Poisson Kernel Initialization:
    #---------------------------------------------------------------------- Input parameters
   setup:
     accel                             : DBFFT #  Material Acceleration
     use_gpu_direct                    : Yes #    Force (or not) the usage of GPUdirect communication, if available
     verbose                           : Yes #    Verbosity switch
     keep_gpu_memory                   : Yes #    Do not deallocate GPU memory at each call of the (G)PS routine
     taskgroup_size                    : 0 #      Size of the taskgroups of the Poisson Solver
     global_data                       : No #     Charge density and Electrostatic potential are given by global arrays
     isf_order                         : 16 #     Order of the Interpolating Scaling Function family
     stress_tensor                     : Yes #    Triggers the calculation of the stress tensor
   environment:
     cavity                            : none #   Type of the cavity
     fd_order                          : 16 #     Order of the Finite-difference derivatives for the GPS solver
     itermax                           : 200 #    Maximum number of iterations of the GPS outer loop
     minres                            : 1.e-8 #  Convergence threshold of the loop
     use_gpu_direct                    : Yes #    Force (or not) the usage of GPUdirect communication, if available
     verbose                           : Yes #    Verbosity switch
     keep_gpu_memory                   : Yes #    Do not deallocate GPU memory at each call of the (G)PS routine
     taskgroup_size                    : 0 #      Size of the taskgroups of the Poisson Solver
     global_data                       : No #     Charge density and Electrostatic potential are given by global arrays
     output                            : none #   Quantities to be plotted after the main solver routine
   kernel:
     screening                         : 0 #      Mu screening parameter
     isf_order                         : 16 #     Order of the Interpolating Scaling Function family
     stress_tensor                     : Yes #    Triggers the calculation of the stress tensor
   environment:
     verbose                           : Yes #    Verbosity switch
     keep_gpu_memory                   : Yes #    Do not deallocate GPU memory at each call of the (G)PS routine
     taskgroup_size                    : 0 #      Size of the taskgroups of the Poisson Solver
     global_data                       : No #     Charge density and Electrostatic potential are given by global arrays
     output                            : none #   Quantities to be plotted after the main solver routine
   kernel:
     screening                         : 0 #      Mu screening parameter
     isf_order                         : 16 #     Order of the Interpolating Scaling Function family
     stress_tensor                     : Yes #    Triggers the calculation of the stress tensor
     verbose                           : Yes #    Verbosity switch
     keep_gpu_memory                   : Yes #    Do not deallocate GPU memory at each call of the (G)PS routine
     taskgroup_size                    : 0 #      Size of the taskgroups of the Poisson Solver
     global_data                       : No #     Charge density and Electrostatic potential are given by global arrays
     output                            : none #   Quantities to be plotted after the main solver routine
     accel                             : DBFFT #  Material Acceleration
     use_gpu_direct                    : Yes #    Force (or not) the usage of GPUdirect communication, if available
     verbose                           : Yes #    Verbosity switch
     keep_gpu_memory                   : Yes #    Do not deallocate GPU memory at each call of the (G)PS routine
     taskgroup_size                    : 0 #      Size of the taskgroups of the Poisson Solver
     global_data                       : No #     Charge density and Electrostatic potential are given by global arrays
     output                            : none #   Quantities to be plotted after the main solver routine
  #------------------------------------------------------------------- Kernel Initialization
 Poisson Kernel Initialization:
    #---------------------------------------------------------------------- Input parameters
   setup:
     accel                             : DBFFT #  Material Acceleration
     use_gpu_direct                    : Yes #    Force (or not) the usage of GPUdirect communication, if available
     verbose                           : Yes #    Verbosity switch
     keep_gpu_memory                   : Yes #    Do not deallocate GPU memory at each call of the (G)PS routine
     taskgroup_size                    : 0 #      Size of the taskgroups of the Poisson Solver
     global_data                       : No #     Charge density and Electrostatic potential are given by global arrays
     output                            : none #   Quantities to be plotted after the main solver routine
   kernel:
     screening                         : 0 #      Mu screening parameter
     output                            : none #   Quantities to be plotted after the main solver routine
   kernel:
     screening                         : 0 #      Mu screening parameter
     isf_order                         : 16 #     Order of the Interpolating Scaling Function family
     stress_tensor                     : Yes #    Triggers the calculation of the stress tensor
   environment:
     cavity                            : none #   Type of the cavity
     global_data                       : No #     Charge density and Electrostatic potential are given by global arrays
     output                            : none #   Quantities to be plotted after the main solver routine
   kernel:
  #------------------------------------------------------------------- Kernel Initialization
 Poisson Kernel Initialization:
    #---------------------------------------------------------------------- Input parameters
   setup:
     accel                             : DBFFT #  Material Acceleration
     use_gpu_direct                    : Yes #    Force (or not) the usage of GPUdirect communication, if available
     verbose                           : Yes #    Verbosity switch
     keep_gpu_memory                   : Yes #    Do not deallocate GPU memory at each call of the (G)PS routine
     taskgroup_size                    : 0 #      Size of the taskgroups of the Poisson Solver
     global_data                       : No #     Charge density and Electrostatic potential are given by global arrays
     output                            : none #   Quantities to be plotted after the main solver routine
   kernel:
     screening                         : 0 #      Mu screening parameter
     isf_order                         : 16 #     Order of the Interpolating Scaling Function family
     stress_tensor                     : Yes #    Triggers the calculation of the stress tensor
   environment:
     cavity                            : none #   Type of the cavity
     verbose                           : Yes #    Verbosity switch
     keep_gpu_memory                   : Yes #    Do not deallocate GPU memory at each call of the (G)PS routine
     taskgroup_size                    : 0 #      Size of the taskgroups of the Poisson Solver
     global_data                       : No #     Charge density and Electrostatic potential are given by global arrays
     output                            : none #   Quantities to be plotted after the main solver routine
   kernel:
     screening                         : 0 #      Mu screening parameter
     isf_order                         : 16 #     Order of the Interpolating Scaling Function family
     stress_tensor                     : Yes #    Triggers the calculation of the stress tensor
   environment:
     cavity                            : none #   Type of the cavity
     keep_gpu_memory                   : Yes #    Do not deallocate GPU memory at each call of the (G)PS routine
     taskgroup_size                    : 0 #      Size of the taskgroups of the Poisson Solver
     global_data                       : No #     Charge density and Electrostatic potential are given by global arrays
     output                            : none #   Quantities to be plotted after the main solver routine
   kernel:
     screening                         : 0 #      Mu screening parameter
     isf_order                         : 16 #     Order of the Interpolating Scaling Function family
     stress_tensor                     : Yes #    Triggers the calculation of the stress tensor
   environment:
  #------------------------------------------------------------------- Kernel Initialization
 Poisson Kernel Initialization:
    #---------------------------------------------------------------------- Input parameters
   setup:
     accel                             : DBFFT #  Material Acceleration
     use_gpu_direct                    : Yes #    Force (or not) the usage of GPUdirect communication, if available
     verbose                           : Yes #    Verbosity switch
     keep_gpu_memory                   : Yes #    Do not deallocate GPU memory at each call of the (G)PS routine
     use_gpu_direct                    : Yes #    Force (or not) the usage of GPUdirect communication, if available
     verbose                           : Yes #    Verbosity switch
     keep_gpu_memory                   : Yes #    Do not deallocate GPU memory at each call of the (G)PS routine
     taskgroup_size                    : 0 #      Size of the taskgroups of the Poisson Solver
     global_data                       : No #     Charge density and Electrostatic potential are given by global arrays
     accel                             : DBFFT #  Material Acceleration
     use_gpu_direct                    : Yes #    Force (or not) the usage of GPUdirect communication, if available
     verbose                           : Yes #    Verbosity switch
     keep_gpu_memory                   : Yes #    Do not deallocate GPU memory at each call of the (G)PS routine
     taskgroup_size                    : 0 #      Size of the taskgroups of the Poisson Solver
     global_data                       : No #     Charge density and Electrostatic potential are given by global arrays
     output                            : none #   Quantities to be plotted after the main solver routine
   kernel:
     screening                         : 0 #      Mu screening parameter
     isf_order                         : 16 #     Order of the Interpolating Scaling Function family
     stress_tensor                     : Yes #    Triggers the calculation of the stress tensor
   environment:
     global_data                       : No #     Charge density and Electrostatic potential are given by global arrays
     output                            : none #   Quantities to be plotted after the main solver routine
   kernel:
     screening                         : 0 #      Mu screening parameter
     taskgroup_size                    : 0 #      Size of the taskgroups of the Poisson Solver
     global_data                       : No #     Charge density and Electrostatic potential are given by global arrays
     output                            : none #   Quantities to be plotted after the main solver routine
   kernel:
  #------------------------------------------------------------------- Kernel Initialization
 Poisson Kernel Initialization:
    #---------------------------------------------------------------------- Input parameters
   setup:
     accel                             : DBFFT #  Material Acceleration
     use_gpu_direct                    : Yes #    Force (or not) the usage of GPUdirect communication, if available
     verbose                           : Yes #    Verbosity switch
     keep_gpu_memory                   : Yes #    Do not deallocate GPU memory at each call of the (G)PS routine
     taskgroup_size                    : 0 #      Size of the taskgroups of the Poisson Solver
     global_data                       : No #     Charge density and Electrostatic potential are given by global arrays
     output                            : none #   Quantities to be plotted after the main solver routine
   kernel:
     screening                         : 0 #      Mu screening parameter
     isf_order                         : 16 #     Order of the Interpolating Scaling Function family
     stress_tensor                     : Yes #    Triggers the calculation of the stress tensor
   environment:
     cavity                            : none #   Type of the cavity
     fd_order                          : 16 #     Order of the Finite-difference derivatives for the GPS solver
     itermax                           : 200 #    Maximum number of iterations of the GPS outer loop
     minres                            : 1.e-8 #  Convergence threshold of the loop
     pb_method                         : none #   Defines the method for the Poisson Boltzmann Equation
     keep_gpu_memory                   : Yes #    Do not deallocate GPU memory at each call of the (G)PS routine
     taskgroup_size                    : 0 #      Size of the taskgroups of the Poisson Solver
     global_data                       : No #     Charge density and Electrostatic potential are given by global arrays
     output                            : none #   Quantities to be plotted after the main solver routine
   kernel:
     screening                         : 0 #      Mu screening parameter
     isf_order                         : 16 #     Order of the Interpolating Scaling Function family
     stress_tensor                     : Yes #    Triggers the calculation of the stress tensor
   environment:
     cavity                            : none #   Type of the cavity
     fd_order                          : 16 #     Order of the Finite-difference derivatives for the GPS solver
     keep_gpu_memory                   : Yes #    Do not deallocate GPU memory at each call of the (G)PS routine
     taskgroup_size                    : 0 #      Size of the taskgroups of the Poisson Solver
     global_data                       : No #     Charge density and Electrostatic potential are given by global arrays
     output                            : none #   Quantities to be plotted after the main solver routine
   kernel:
     screening                         : 0 #      Mu screening parameter
     isf_order                         : 16 #     Order of the Interpolating Scaling Function family
     stress_tensor                     : Yes #    Triggers the calculation of the stress tensor
   environment:
     global_data                       : No #     Charge density and Electrostatic potential are given by global arrays
     output                            : none #   Quantities to be plotted after the main solver routine
   kernel:
     screening                         : 0 #      Mu screening parameter
     isf_order                         : 16 #     Order of the Interpolating Scaling Function family
     stress_tensor                     : Yes #    Triggers the calculation of the stress tensor
     use_gpu_direct                    : Yes #    Force (or not) the usage of GPUdirect communication, if available
     verbose                           : Yes #    Verbosity switch
     keep_gpu_memory                   : Yes #    Do not deallocate GPU memory at each call of the (G)PS routine
     taskgroup_size                    : 0 #      Size of the taskgroups of the Poisson Solver
     global_data                       : No #     Charge density and Electrostatic potential are given by global arrays
     verbose                           : Yes #    Verbosity switch
     keep_gpu_memory                   : Yes #    Do not deallocate GPU memory at each call of the (G)PS routine
     taskgroup_size                    : 0 #      Size of the taskgroups of the Poisson Solver
     global_data                       : No #     Charge density and Electrostatic potential are given by global arrays
     output                            : none #   Quantities to be plotted after the main solver routine
   kernel:
     screening                         : 0 #      Mu screening parameter
     isf_order                         : 16 #     Order of the Interpolating Scaling Function family
     stress_tensor                     : Yes #    Triggers the calculation of the stress tensor
   environment:
     cavity                            : none #   Type of the cavity
     fd_order                          : 16 #     Order of the Finite-difference derivatives for the GPS solver
     isf_order                         : 16 #     Order of the Interpolating Scaling Function family
     stress_tensor                     : Yes #    Triggers the calculation of the stress tensor
   environment:
     cavity                            : none #   Type of the cavity
     fd_order                          : 16 #     Order of the Finite-difference derivatives for the GPS solver
     itermax                           : 200 #    Maximum number of iterations of the GPS outer loop
     isf_order                         : 16 #     Order of the Interpolating Scaling Function family
     stress_tensor                     : Yes #    Triggers the calculation of the stress tensor
   environment:
     cavity                            : none #   Type of the cavity
     fd_order                          : 16 #     Order of the Finite-difference derivatives for the GPS solver
  #------------------------------------------------------------------- Kernel Initialization
 Poisson Kernel Initialization:
    #---------------------------------------------------------------------- Input parameters
   setup:
     accel                             : DBFFT #  Material Acceleration
     use_gpu_direct                    : Yes #    Force (or not) the usage of GPUdirect communication, if available
     verbose                           : Yes #    Verbosity switch
     keep_gpu_memory                   : Yes #    Do not deallocate GPU memory at each call of the (G)PS routine
     taskgroup_size                    : 0 #      Size of the taskgroups of the Poisson Solver
     global_data                       : No #     Charge density and Electrostatic potential are given by global arrays
     output                            : none #   Quantities to be plotted after the main solver routine
   kernel:
     screening                         : 0 #      Mu screening parameter
     isf_order                         : 16 #     Order of the Interpolating Scaling Function family
     stress_tensor                     : Yes #    Triggers the calculation of the stress tensor
   environment:
     cavity                            : none #   Type of the cavity
     fd_order                          : 16 #     Order of the Finite-difference derivatives for the GPS solver
     itermax                           : 200 #    Maximum number of iterations of the GPS outer loop
     minres                            : 1.e-8 #  Convergence threshold of the loop
     pb_method                         : none #   Defines the method for the Poisson Boltzmann Equation
   MPI tasks                           :  1
   OpenMP threads per MPI task         :  28
     taskgroup_size                    : 0 #      Size of the taskgroups of the Poisson Solver
     global_data                       : No #     Charge density and Electrostatic potential are given by global arrays
     output                            : none #   Quantities to be plotted after the main solver routine
   kernel:
     screening                         : 0 #      Mu screening parameter
     isf_order                         : 16 #     Order of the Interpolating Scaling Function family
     stress_tensor                     : Yes #    Triggers the calculation of the stress tensor
   environment:
     cavity                            : none #   Type of the cavity
     fd_order                          : 16 #     Order of the Finite-difference derivatives for the GPS solver
     itermax                           : 200 #    Maximum number of iterations of the GPS outer loop
     global_data                       : No #     Charge density and Electrostatic potential are given by global arrays
     output                            : none #   Quantities to be plotted after the main solver routine
   kernel:
     screening                         : 0 #      Mu screening parameter
     isf_order                         : 16 #     Order of the Interpolating Scaling Function family
     stress_tensor                     : Yes #    Triggers the calculation of the stress tensor
   environment:
     cavity                            : none #   Type of the cavity
     fd_order                          : 16 #     Order of the Finite-difference derivatives for the GPS solver
     accel                             : DBFFT #  Material Acceleration
     use_gpu_direct                    : Yes #    Force (or not) the usage of GPUdirect communication, if available
     verbose                           : Yes #    Verbosity switch
     keep_gpu_memory                   : Yes #    Do not deallocate GPU memory at each call of the (G)PS routine
     taskgroup_size                    : 0 #      Size of the taskgroups of the Poisson Solver
     keep_gpu_memory                   : Yes #    Do not deallocate GPU memory at each call of the (G)PS routine
     taskgroup_size                    : 0 #      Size of the taskgroups of the Poisson Solver
     global_data                       : No #     Charge density and Electrostatic potential are given by global arrays
     output                            : none #   Quantities to be plotted after the main solver routine
   kernel:
     screening                         : 0 #      Mu screening parameter
     accel                             : DBFFT #  Material Acceleration
     use_gpu_direct                    : Yes #    Force (or not) the usage of GPUdirect communication, if available
     verbose                           : Yes #    Verbosity switch
     keep_gpu_memory                   : Yes #    Do not deallocate GPU memory at each call of the (G)PS routine
     taskgroup_size                    : 0 #      Size of the taskgroups of the Poisson Solver
     global_data                       : No #     Charge density and Electrostatic potential are given by global arrays
     output                            : none #   Quantities to be plotted after the main solver routine
   kernel:
     screening                         : 0 #      Mu screening parameter
     isf_order                         : 16 #     Order of the Interpolating Scaling Function family
     stress_tensor                     : Yes #    Triggers the calculation of the stress tensor
   environment:
     cavity                            : none #   Type of the cavity
     fd_order                          : 16 #     Order of the Finite-difference derivatives for the GPS solver
     itermax                           : 200 #    Maximum number of iterations of the GPS outer loop
     stress_tensor                     : Yes #    Triggers the calculation of the stress tensor
   environment:
     cavity                            : none #   Type of the cavity
     fd_order                          : 16 #     Order of the Finite-difference derivatives for the GPS solver
     output                            : none #   Quantities to be plotted after the main solver routine
   kernel:
     screening                         : 0 #      Mu screening parameter
     isf_order                         : 16 #     Order of the Interpolating Scaling Function family
     stress_tensor                     : Yes #    Triggers the calculation of the stress tensor
   environment:
     cavity                            : none #   Type of the cavity
     fd_order                          : 16 #     Order of the Finite-difference derivatives for the GPS solver
     itermax                           : 200 #    Maximum number of iterations of the GPS outer loop
     minres                            : 1.e-8 #  Convergence threshold of the loop
     pb_method                         : none #   Defines the method for the Poisson Boltzmann Equation
   MPI tasks                           :  1
   OpenMP threads per MPI task         :  28
   Poisson Solver GPU Enumerator:
   kernel:
     screening                         : 0 #      Mu screening parameter
     isf_order                         : 16 #     Order of the Interpolating Scaling Function family
     stress_tensor                     : Yes #    Triggers the calculation of the stress tensor
   environment:
     cavity                            : none #   Type of the cavity
     fd_order                          : 16 #     Order of the Finite-difference derivatives for the GPS solver
     itermax                           : 200 #    Maximum number of iterations of the GPS outer loop
     minres                            : 1.e-8 #  Convergence threshold of the loop
     pb_method                         : none #   Defines the method for the Poisson Boltzmann Equation
   MPI tasks                           :  1
     taskgroup_size                    : 0 #      Size of the taskgroups of the Poisson Solver
     global_data                       : No #     Charge density and Electrostatic potential are given by global arrays
     output                            : none #   Quantities to be plotted after the main solver routine
   kernel:
     screening                         : 0 #      Mu screening parameter
     isf_order                         : 16 #     Order of the Interpolating Scaling Function family
     stress_tensor                     : Yes #    Triggers the calculation of the stress tensor
   environment:
     use_gpu_direct                    : Yes #    Force (or not) the usage of GPUdirect communication, if available
     verbose                           : Yes #    Verbosity switch
     keep_gpu_memory                   : Yes #    Do not deallocate GPU memory at each call of the (G)PS routine
     taskgroup_size                    : 0 #      Size of the taskgroups of the Poisson Solver
     global_data                       : No #     Charge density and Electrostatic potential are given by global arrays
     taskgroup_size                    : 0 #      Size of the taskgroups of the Poisson Solver
     global_data                       : No #     Charge density and Electrostatic potential are given by global arrays
     output                            : none #   Quantities to be plotted after the main solver routine
   kernel:
     screening                         : 0 #      Mu screening parameter
     use_gpu_direct                    : Yes #    Force (or not) the usage of GPUdirect communication, if available
     verbose                           : Yes #    Verbosity switch
     keep_gpu_memory                   : Yes #    Do not deallocate GPU memory at each call of the (G)PS routine
     taskgroup_size                    : 0 #      Size of the taskgroups of the Poisson Solver
     global_data                       : No #     Charge density and Electrostatic potential are given by global arrays
     output                            : none #   Quantities to be plotted after the main solver routine
   kernel:
     screening                         : 0 #      Mu screening parameter
     isf_order                         : 16 #     Order of the Interpolating Scaling Function family
     stress_tensor                     : Yes #    Triggers the calculation of the stress tensor
   environment:
   environment:
     cavity                            : none #   Type of the cavity
     fd_order                          : 16 #     Order of the Finite-difference derivatives for the GPS solver
     itermax                           : 200 #    Maximum number of iterations of the GPS outer loop
     minres                            : 1.e-8 #  Convergence threshold of the loop
     global_data                       : No #     Charge density and Electrostatic potential are given by global arrays
     output                            : none #   Quantities to be plotted after the main solver routine
   kernel:
     cavity                            : none #   Type of the cavity
     fd_order                          : 16 #     Order of the Finite-difference derivatives for the GPS solver
     itermax                           : 200 #    Maximum number of iterations of the GPS outer loop
     minres                            : 1.e-8 #  Convergence threshold of the loop
     pb_method                         : none #   Defines the method for the Poisson Boltzmann Equation
   MPI tasks                           :  1
   OpenMP threads per MPI task         :  28
   Poisson Solver GPU Enumerator:
     BACKEND                           :  2
     Attributes:
       DEVICE                          :  0
       MODEL                           :  2
     stress_tensor                     : Yes #    Triggers the calculation of the stress tensor
   environment:
     cavity                            : none #   Type of the cavity
     fd_order                          : 16 #     Order of the Finite-difference derivatives for the GPS solver
     itermax                           : 200 #    Maximum number of iterations of the GPS outer loop
     minres                            : 1.e-8 #  Convergence threshold of the loop
     pb_method                         : none #   Defines the method for the Poisson Boltzmann Equation
   MPI tasks                           :  1
   OpenMP threads per MPI task         :  28
     global_data                       : No #     Charge density and Electrostatic potential are given by global arrays
     output                            : none #   Quantities to be plotted after the main solver routine
   kernel:
     screening                         : 0 #      Mu screening parameter
     isf_order                         : 16 #     Order of the Interpolating Scaling Function family
     stress_tensor                     : Yes #    Triggers the calculation of the stress tensor
   environment:
     cavity                            : none #   Type of the cavity
     fd_order                          : 16 #     Order of the Finite-difference derivatives for the GPS solver
     verbose                           : Yes #    Verbosity switch
     keep_gpu_memory                   : Yes #    Do not deallocate GPU memory at each call of the (G)PS routine
     taskgroup_size                    : 0 #      Size of the taskgroups of the Poisson Solver
     global_data                       : No #     Charge density and Electrostatic potential are given by global arrays
     output                            : none #   Quantities to be plotted after the main solver routine
     global_data                       : No #     Charge density and Electrostatic potential are given by global arrays
     output                            : none #   Quantities to be plotted after the main solver routine
   kernel:
     screening                         : 0 #      Mu screening parameter
     use_gpu_direct                    : Yes #    Force (or not) the usage of GPUdirect communication, if available
     verbose                           : Yes #    Verbosity switch
     keep_gpu_memory                   : Yes #    Do not deallocate GPU memory at each call of the (G)PS routine
     taskgroup_size                    : 0 #      Size of the taskgroups of the Poisson Solver
     global_data                       : No #     Charge density and Electrostatic potential are given by global arrays
     output                            : none #   Quantities to be plotted after the main solver routine
   kernel:
     screening                         : 0 #      Mu screening parameter
     isf_order                         : 16 #     Order of the Interpolating Scaling Function family
     stress_tensor                     : Yes #    Triggers the calculation of the stress tensor
   environment:
     cavity                            : none #   Type of the cavity
     fd_order                          : 16 #     Order of the Finite-difference derivatives for the GPS solver
     itermax                           : 200 #    Maximum number of iterations of the GPS outer loop
     minres                            : 1.e-8 #  Convergence threshold of the loop
     global_data                       : No #     Charge density and Electrostatic potential are given by global arrays
     output                            : none #   Quantities to be plotted after the main solver routine
   kernel:
     screening                         : 0 #      Mu screening parameter
     pb_method                         : none #   Defines the method for the Poisson Boltzmann Equation
   MPI tasks                           :  1
   OpenMP threads per MPI task         :  28
   Poisson Solver GPU Enumerator:
     BACKEND                           :  2
     Attributes:
       DEVICE                          :  0
       MODEL                           :  2
   environment:
     cavity                            : none #   Type of the cavity
     fd_order                          : 16 #     Order of the Finite-difference derivatives for the GPS solver
     itermax                           : 200 #    Maximum number of iterations of the GPS outer loop
     minres                            : 1.e-8 #  Convergence threshold of the loop
     pb_method                         : none #   Defines the method for the Poisson Boltzmann Equation
   MPI tasks                           :  1
   OpenMP threads per MPI task         :  28
     global_data                       : No #     Charge density and Electrostatic potential are given by global arrays
     output                            : none #   Quantities to be plotted after the main solver routine
   kernel:
     screening                         : 0 #      Mu screening parameter
     isf_order                         : 16 #     Order of the Interpolating Scaling Function family
     stress_tensor                     : Yes #    Triggers the calculation of the stress tensor
   environment:
     cavity                            : none #   Type of the cavity
     fd_order                          : 16 #     Order of the Finite-difference derivatives for the GPS solver
     itermax                           : 200 #    Maximum number of iterations of the GPS outer loop
     minres                            : 1.e-8 #  Convergence threshold of the loop
     pb_method                         : none #   Defines the method for the Poisson Boltzmann Equation
   MPI tasks                           :  1
     keep_gpu_memory                   : Yes #    Do not deallocate GPU memory at each call of the (G)PS routine
     taskgroup_size                    : 0 #      Size of the taskgroups of the Poisson Solver
     global_data                       : No #     Charge density and Electrostatic potential are given by global arrays
     output                            : none #   Quantities to be plotted after the main solver routine
   kernel:
     screening                         : 0 #      Mu screening parameter
     global_data                       : No #     Charge density and Electrostatic potential are given by global arrays
     output                            : none #   Quantities to be plotted after the main solver routine
   kernel:
     screening                         : 0 #      Mu screening parameter
     isf_order                         : 16 #     Order of the Interpolating Scaling Function family
     verbose                           : Yes #    Verbosity switch
     keep_gpu_memory                   : Yes #    Do not deallocate GPU memory at each call of the (G)PS routine
     taskgroup_size                    : 0 #      Size of the taskgroups of the Poisson Solver
     global_data                       : No #     Charge density and Electrostatic potential are given by global arrays
     output                            : none #   Quantities to be plotted after the main solver routine
   kernel:
     screening                         : 0 #      Mu screening parameter
     isf_order                         : 16 #     Order of the Interpolating Scaling Function family
     stress_tensor                     : Yes #    Triggers the calculation of the stress tensor
   environment:
     cavity                            : none #   Type of the cavity
     cavity                            : none #   Type of the cavity
     fd_order                          : 16 #     Order of the Finite-difference derivatives for the GPS solver
     itermax                           : 200 #    Maximum number of iterations of the GPS outer loop
     minres                            : 1.e-8 #  Convergence threshold of the loop
     screening                         : 0 #      Mu screening parameter
     isf_order                         : 16 #     Order of the Interpolating Scaling Function family
     stress_tensor                     : Yes #    Triggers the calculation of the stress tensor
   environment:
     pb_method                         : none #   Defines the method for the Poisson Boltzmann Equation
   MPI tasks                           :  1
   OpenMP threads per MPI task         :  28
   Poisson Solver GPU Enumerator:
     BACKEND                           :  2
     Attributes:
       DEVICE                          :  0
       MODEL                           :  2
     cavity                            : none #   Type of the cavity
     fd_order                          : 16 #     Order of the Finite-difference derivatives for the GPS solver
     itermax                           : 200 #    Maximum number of iterations of the GPS outer loop
     minres                            : 1.e-8 #  Convergence threshold of the loop
     pb_method                         : none #   Defines the method for the Poisson Boltzmann Equation
   MPI tasks                           :  1
   OpenMP threads per MPI task         :  28
     screening                         : 0 #      Mu screening parameter
     isf_order                         : 16 #     Order of the Interpolating Scaling Function family
     stress_tensor                     : Yes #    Triggers the calculation of the stress tensor
   environment:
     cavity                            : none #   Type of the cavity
     fd_order                          : 16 #     Order of the Finite-difference derivatives for the GPS solver
     itermax                           : 200 #    Maximum number of iterations of the GPS outer loop
     minres                            : 1.e-8 #  Convergence threshold of the loop
     pb_method                         : none #   Defines the method for the Poisson Boltzmann Equation
   MPI tasks                           :  1
   OpenMP threads per MPI task         :  28
     stress_tensor                     : Yes #    Triggers the calculation of the stress tensor
   environment:
     cavity                            : none #   Type of the cavity
     fd_order                          : 16 #     Order of the Finite-difference derivatives for the GPS solver
     itermax                           : 200 #    Maximum number of iterations of the GPS outer loop
     global_data                       : No #     Charge density and Electrostatic potential are given by global arrays
     output                            : none #   Quantities to be plotted after the main solver routine
   kernel:
     screening                         : 0 #      Mu screening parameter
     isf_order                         : 16 #     Order of the Interpolating Scaling Function family
     stress_tensor                     : Yes #    Triggers the calculation of the stress tensor
   environment:
     cavity                            : none #   Type of the cavity
     fd_order                          : 16 #     Order of the Finite-difference derivatives for the GPS solver
     itermax                           : 200 #    Maximum number of iterations of the GPS outer loop
     minres                            : 1.e-8 #  Convergence threshold of the loop
     pb_method                         : none #   Defines the method for the Poisson Boltzmann Equation
   MPI tasks                           :  1
     fd_order                          : 16 #     Order of the Finite-difference derivatives for the GPS solver
     itermax                           : 200 #    Maximum number of iterations of the GPS outer loop
     minres                            : 1.e-8 #  Convergence threshold of the loop
     pb_method                         : none #   Defines the method for the Poisson Boltzmann Equation
     screening                         : 0 #      Mu screening parameter
     isf_order                         : 16 #     Order of the Interpolating Scaling Function family
     stress_tensor                     : Yes #    Triggers the calculation of the stress tensor
   environment:
     cavity                            : none #   Type of the cavity
     fd_order                          : 16 #     Order of the Finite-difference derivatives for the GPS solver
     itermax                           : 200 #    Maximum number of iterations of the GPS outer loop
     minres                            : 1.e-8 #  Convergence threshold of the loop
     pb_method                         : none #   Defines the method for the Poisson Boltzmann Equation
   MPI tasks                           :  1
   OpenMP threads per MPI task         :  28
   Poisson Solver GPU Enumerator:
     BACKEND                           :  2
     Attributes:
       DEVICE                          :  0
       MODEL                           :  2
     cavity                            : none #   Type of the cavity
     fd_order                          : 16 #     Order of the Finite-difference derivatives for the GPS solver
     itermax                           : 200 #    Maximum number of iterations of the GPS outer loop
     minres                            : 1.e-8 #  Convergence threshold of the loop
     pb_method                         : none #   Defines the method for the Poisson Boltzmann Equation
   MPI tasks                           :  1
   OpenMP threads per MPI task         :  28
   environment:
     cavity                            : none #   Type of the cavity
     fd_order                          : 16 #     Order of the Finite-difference derivatives for the GPS solver
     itermax                           : 200 #    Maximum number of iterations of the GPS outer loop
     minres                            : 1.e-8 #  Convergence threshold of the loop
     pb_method                         : none #   Defines the method for the Poisson Boltzmann Equation
   MPI tasks                           :  1
   OpenMP threads per MPI task         :  28
   Poisson Solver GPU Enumerator:
     BACKEND                           :  2
     Attributes:
       DEVICE                          :  0
       MODEL                           :  2
   kernel:
     screening                         : 0 #      Mu screening parameter
     isf_order                         : 16 #     Order of the Interpolating Scaling Function family
     stress_tensor                     : Yes #    Triggers the calculation of the stress tensor
   environment:
     cavity                            : none #   Type of the cavity
   kernel:
     screening                         : 0 #      Mu screening parameter
     isf_order                         : 16 #     Order of the Interpolating Scaling Function family
     stress_tensor                     : Yes #    Triggers the calculation of the stress tensor
     isf_order                         : 16 #     Order of the Interpolating Scaling Function family
     stress_tensor                     : Yes #    Triggers the calculation of the stress tensor
   environment:
     cavity                            : none #   Type of the cavity
     fd_order                          : 16 #     Order of the Finite-difference derivatives for the GPS solver
     itermax                           : 200 #    Maximum number of iterations of the GPS outer loop
     minres                            : 1.e-8 #  Convergence threshold of the loop
     isf_order                         : 16 #     Order of the Interpolating Scaling Function family
     stress_tensor                     : Yes #    Triggers the calculation of the stress tensor
   environment:
     itermax                           : 200 #    Maximum number of iterations of the GPS outer loop
     minres                            : 1.e-8 #  Convergence threshold of the loop
     pb_method                         : none #   Defines the method for the Poisson Boltzmann Equation
   MPI tasks                           :  1
   OpenMP threads per MPI task         :  28
   Poisson Solver GPU Enumerator:
     BACKEND                           :  2
     Attributes:
     fd_order                          : 16 #     Order of the Finite-difference derivatives for the GPS solver
     itermax                           : 200 #    Maximum number of iterations of the GPS outer loop
     minres                            : 1.e-8 #  Convergence threshold of the loop
     pb_method                         : none #   Defines the method for the Poisson Boltzmann Equation
   MPI tasks                           :  1
   OpenMP threads per MPI task         :  28
   Poisson Solver GPU Enumerator:
     BACKEND                           :  2
     Attributes:
       DEVICE                          :  0
       MODEL                           :  2
     fd_order                          : 16 #     Order of the Finite-difference derivatives for the GPS solver
     itermax                           : 200 #    Maximum number of iterations of the GPS outer loop
     minres                            : 1.e-8 #  Convergence threshold of the loop
     pb_method                         : none #   Defines the method for the Poisson Boltzmann Equation
   MPI tasks                           :  1
   OpenMP threads per MPI task         :  28
     cavity                            : none #   Type of the cavity
     fd_order                          : 16 #     Order of the Finite-difference derivatives for the GPS solver
     itermax                           : 200 #    Maximum number of iterations of the GPS outer loop
     minres                            : 1.e-8 #  Convergence threshold of the loop
     pb_method                         : none #   Defines the method for the Poisson Boltzmann Equation
   MPI tasks                           :  1
   OpenMP threads per MPI task         :  28
   Poisson Solver GPU Enumerator:
     BACKEND                           :  2
     Attributes:
       DEVICE                          :  0
       MODEL                           :  2
     taskgroup_size                    : 0 #      Size of the taskgroups of the Poisson Solver
     global_data                       : No #     Charge density and Electrostatic potential are given by global arrays
     output                            : none #   Quantities to be plotted after the main solver routine
   kernel:
     screening                         : 0 #      Mu screening parameter
     output                            : none #   Quantities to be plotted after the main solver routine
   kernel:
     screening                         : 0 #      Mu screening parameter
     isf_order                         : 16 #     Order of the Interpolating Scaling Function family
     cavity                            : none #   Type of the cavity
     fd_order                          : 16 #     Order of the Finite-difference derivatives for the GPS solver
     itermax                           : 200 #    Maximum number of iterations of the GPS outer loop
     minres                            : 1.e-8 #  Convergence threshold of the loop
     pb_method                         : none #   Defines the method for the Poisson Boltzmann Equation
   MPI tasks                           :  1
   OpenMP threads per MPI task         :  28
   Poisson Solver GPU Enumerator:
     BACKEND                           :  2
     Attributes:
     minres                            : 1.e-8 #  Convergence threshold of the loop
     pb_method                         : none #   Defines the method for the Poisson Boltzmann Equation
     itermax                           : 200 #    Maximum number of iterations of the GPS outer loop
     minres                            : 1.e-8 #  Convergence threshold of the loop
     pb_method                         : none #   Defines the method for the Poisson Boltzmann Equation
   MPI tasks                           :  1
   OpenMP threads per MPI task         :  28
   Poisson Solver GPU Enumerator:
     BACKEND                           :  2
     Attributes:
       DEVICE                          :  0
       MODEL                           :  2
   MPI tasks                           :  1
   OpenMP threads per MPI task         :  28
   Poisson Solver GPU Enumerator:
     BACKEND                           :  2
     Attributes:
       DEVICE                          :  0
       MODEL                           :  2
     itermax                           : 200 #    Maximum number of iterations of the GPS outer loop
     minres                            : 1.e-8 #  Convergence threshold of the loop
     pb_method                         : none #   Defines the method for the Poisson Boltzmann Equation
   MPI tasks                           :  1
   OpenMP threads per MPI task         :  28
     cavity                            : none #   Type of the cavity
     fd_order                          : 16 #     Order of the Finite-difference derivatives for the GPS solver
     itermax                           : 200 #    Maximum number of iterations of the GPS outer loop
     minres                            : 1.e-8 #  Convergence threshold of the loop
     pb_method                         : none #   Defines the method for the Poisson Boltzmann Equation
   MPI tasks                           :  1
   OpenMP threads per MPI task         :  28
   Poisson Solver GPU Enumerator:
     BACKEND                           :  2
     Attributes:
       DEVICE                          :  0
       MODEL                           :  2
   environment:
     cavity                            : none #   Type of the cavity
     fd_order                          : 16 #     Order of the Finite-difference derivatives for the GPS solver
     itermax                           : 200 #    Maximum number of iterations of the GPS outer loop
     minres                            : 1.e-8 #  Convergence threshold of the loop
     output                            : none #   Quantities to be plotted after the main solver routine
   kernel:
     screening                         : 0 #      Mu screening parameter
     isf_order                         : 16 #     Order of the Interpolating Scaling Function family
     itermax                           : 200 #    Maximum number of iterations of the GPS outer loop
     minres                            : 1.e-8 #  Convergence threshold of the loop
     pb_method                         : none #   Defines the method for the Poisson Boltzmann Equation
   MPI tasks                           :  1
   OpenMP threads per MPI task         :  28
   Poisson Solver GPU Enumerator:
     BACKEND                           :  2
     Attributes:
       DEVICE                          :  0
       MODEL                           :  2
     minres                            : 1.e-8 #  Convergence threshold of the loop
     pb_method                         : none #   Defines the method for the Poisson Boltzmann Equation
   MPI tasks                           :  1
     screening                         : 0 #      Mu screening parameter
     isf_order                         : 16 #     Order of the Interpolating Scaling Function family
     stress_tensor                     : Yes #    Triggers the calculation of the stress tensor
   environment:
     cavity                            : none #   Type of the cavity
     fd_order                          : 16 #     Order of the Finite-difference derivatives for the GPS solver
     itermax                           : 200 #    Maximum number of iterations of the GPS outer loop
     minres                            : 1.e-8 #  Convergence threshold of the loop
     pb_method                         : none #   Defines the method for the Poisson Boltzmann Equation
   MPI tasks                           :  1
   OpenMP threads per MPI task         :  28
   Poisson Solver GPU Enumerator:
     BACKEND                           :  2
     Attributes:
   Poisson Solver GPU Enumerator:
     BACKEND                           :  2
     Attributes:
       DEVICE                          :  0
       MODEL                           :  2
     minres                            : 1.e-8 #  Convergence threshold of the loop
     pb_method                         : none #   Defines the method for the Poisson Boltzmann Equation
   MPI tasks                           :  1
   OpenMP threads per MPI task         :  28
     itermax                           : 200 #    Maximum number of iterations of the GPS outer loop
     minres                            : 1.e-8 #  Convergence threshold of the loop
     pb_method                         : none #   Defines the method for the Poisson Boltzmann Equation
   MPI tasks                           :  1
   OpenMP threads per MPI task         :  28
   Poisson Solver GPU Enumerator:
     BACKEND                           :  2
     Attributes:
       DEVICE                          :  0
       MODEL                           :  2
     global_data                       : No #     Charge density and Electrostatic potential are given by global arrays
     output                            : none #   Quantities to be plotted after the main solver routine
   kernel:
     screening                         : 0 #      Mu screening parameter
     isf_order                         : 16 #     Order of the Interpolating Scaling Function family
     stress_tensor                     : Yes #    Triggers the calculation of the stress tensor
   environment:
     cavity                            : none #   Type of the cavity
     stress_tensor                     : Yes #    Triggers the calculation of the stress tensor
   environment:
     cavity                            : none #   Type of the cavity
     fd_order                          : 16 #     Order of the Finite-difference derivatives for the GPS solver
     itermax                           : 200 #    Maximum number of iterations of the GPS outer loop
     minres                            : 1.e-8 #  Convergence threshold of the loop
     pb_method                         : none #   Defines the method for the Poisson Boltzmann Equation
   MPI tasks                           :  1
   OpenMP threads per MPI task         :  28
   Poisson Solver GPU Enumerator:
     BACKEND                           :  2
     Attributes:
     pb_method                         : none #   Defines the method for the Poisson Boltzmann Equation
   MPI tasks                           :  1
   OpenMP threads per MPI task         :  28
     isf_order                         : 16 #     Order of the Interpolating Scaling Function family
     stress_tensor                     : Yes #    Triggers the calculation of the stress tensor
   environment:
     cavity                            : none #   Type of the cavity
     fd_order                          : 16 #     Order of the Finite-difference derivatives for the GPS solver
     itermax                           : 200 #    Maximum number of iterations of the GPS outer loop
     minres                            : 1.e-8 #  Convergence threshold of the loop
     pb_method                         : none #   Defines the method for the Poisson Boltzmann Equation
   MPI tasks                           :  1
   OpenMP threads per MPI task         :  28
   Poisson Solver GPU Enumerator:
     BACKEND                           :  2
     Attributes:
       DEVICE                          :  0
     BACKEND                           :  2
     Attributes:
       DEVICE                          :  0
       MODEL                           :  2
   OpenMP threads per MPI task         :  28
   Poisson Solver GPU Enumerator:
     BACKEND                           :  2
     Attributes:
       DEVICE                          :  0
       MODEL                           :  2
     cavity                            : none #   Type of the cavity
     fd_order                          : 16 #     Order of the Finite-difference derivatives for the GPS solver
     itermax                           : 200 #    Maximum number of iterations of the GPS outer loop
     minres                            : 1.e-8 #  Convergence threshold of the loop
     pb_method                         : none #   Defines the method for the Poisson Boltzmann Equation
   MPI tasks                           :  1
   OpenMP threads per MPI task         :  28
   Poisson Solver GPU Enumerator:
     BACKEND                           :  2
     Attributes:
       DEVICE                          :  0
       MODEL                           :  2
     output                            : none #   Quantities to be plotted after the main solver routine
   kernel:
     screening                         : 0 #      Mu screening parameter
     isf_order                         : 16 #     Order of the Interpolating Scaling Function family
     stress_tensor                     : Yes #    Triggers the calculation of the stress tensor
     isf_order                         : 16 #     Order of the Interpolating Scaling Function family
     stress_tensor                     : Yes #    Triggers the calculation of the stress tensor
   environment:
     cavity                            : none #   Type of the cavity
     cavity                            : none #   Type of the cavity
     fd_order                          : 16 #     Order of the Finite-difference derivatives for the GPS solver
     itermax                           : 200 #    Maximum number of iterations of the GPS outer loop
     minres                            : 1.e-8 #  Convergence threshold of the loop
     pb_method                         : none #   Defines the method for the Poisson Boltzmann Equation
   MPI tasks                           :  1
   OpenMP threads per MPI task         :  28
   Poisson Solver GPU Enumerator:
     BACKEND                           :  2
     Attributes:
       DEVICE                          :  0
       MODEL                           :  2
     pb_method                         : none #   Defines the method for the Poisson Boltzmann Equation
   MPI tasks                           :  1
   OpenMP threads per MPI task         :  28
   Poisson Solver GPU Enumerator:
     BACKEND                           :  2
     Attributes:
  #------------------------------------------------------------------- Kernel Initialization
 Poisson Kernel Initialization:
    #---------------------------------------------------------------------- Input parameters
   setup:
     accel                             : DBFFT #  Material Acceleration
     use_gpu_direct                    : Yes #    Force (or not) the usage of GPUdirect communication, if available
     verbose                           : Yes #    Verbosity switch
     keep_gpu_memory                   : Yes #    Do not deallocate GPU memory at each call of the (G)PS routine
     taskgroup_size                    : 0 #      Size of the taskgroups of the Poisson Solver
     global_data                       : No #     Charge density and Electrostatic potential are given by global arrays
   Poisson Solver GPU Enumerator:
     BACKEND                           :  2
     Attributes:
       DEVICE                          :  0
       MODEL                           :  2
     itermax                           : 200 #    Maximum number of iterations of the GPS outer loop
     minres                            : 1.e-8 #  Convergence threshold of the loop
     pb_method                         : none #   Defines the method for the Poisson Boltzmann Equation
   MPI tasks                           :  1
   OpenMP threads per MPI task         :  28
   Poisson Solver GPU Enumerator:
     BACKEND                           :  2
     Attributes:
       DEVICE                          :  0
       MODEL                           :  2
   kernel:
     screening                         : 0 #      Mu screening parameter
     isf_order                         : 16 #     Order of the Interpolating Scaling Function family
     stress_tensor                     : Yes #    Triggers the calculation of the stress tensor
   environment:
     isf_order                         : 16 #     Order of the Interpolating Scaling Function family
     stress_tensor                     : Yes #    Triggers the calculation of the stress tensor
   environment:
     cavity                            : none #   Type of the cavity
     fd_order                          : 16 #     Order of the Finite-difference derivatives for the GPS solver
     cavity                            : none #   Type of the cavity
     fd_order                          : 16 #     Order of the Finite-difference derivatives for the GPS solver
     itermax                           : 200 #    Maximum number of iterations of the GPS outer loop
     minres                            : 1.e-8 #  Convergence threshold of the loop
     pb_method                         : none #   Defines the method for the Poisson Boltzmann Equation
   MPI tasks                           :  1
   OpenMP threads per MPI task         :  28
   Poisson Solver GPU Enumerator:
     BACKEND                           :  2
     Attributes:
       DEVICE                          :  0
       MODEL                           :  2
   MPI tasks                           :  1
   OpenMP threads per MPI task         :  28
   Poisson Solver GPU Enumerator:
     BACKEND                           :  2
     Attributes:
       DEVICE                          :  0
       MODEL                           :  2
     output                            : none #   Quantities to be plotted after the main solver routine
   kernel:
     screening                         : 0 #      Mu screening parameter
     isf_order                         : 16 #     Order of the Interpolating Scaling Function family
     stress_tensor                     : Yes #    Triggers the calculation of the stress tensor
   environment:
     cavity                            : none #   Type of the cavity
     fd_order                          : 16 #     Order of the Finite-difference derivatives for the GPS solver
     itermax                           : 200 #    Maximum number of iterations of the GPS outer loop
     minres                            : 1.e-8 #  Convergence threshold of the loop
     pb_method                         : none #   Defines the method for the Poisson Boltzmann Equation
   MPI tasks                           :  1
   OpenMP threads per MPI task         :  28
   Poisson Solver GPU Enumerator:
     BACKEND                           :  2
     Attributes:
       DEVICE                          :  0
       MODEL                           :  2
   Poisson Solver GPU Enumerator:
     BACKEND                           :  2
     Attributes:
       DEVICE                          :  0
       MODEL                           :  2
   OpenMP threads per MPI task         :  28
   Poisson Solver GPU Enumerator:
     BACKEND                           :  2
     Attributes:
       DEVICE                          :  0
       MODEL                           :  2
     isf_order                         : 16 #     Order of the Interpolating Scaling Function family
     stress_tensor                     : Yes #    Triggers the calculation of the stress tensor
   environment:
     stress_tensor                     : Yes #    Triggers the calculation of the stress tensor
   environment:
     cavity                            : none #   Type of the cavity
     fd_order                          : 16 #     Order of the Finite-difference derivatives for the GPS solver
     fd_order                          : 16 #     Order of the Finite-difference derivatives for the GPS solver
     itermax                           : 200 #    Maximum number of iterations of the GPS outer loop
     minres                            : 1.e-8 #  Convergence threshold of the loop
     pb_method                         : none #   Defines the method for the Poisson Boltzmann Equation
   MPI tasks                           :  1
   OpenMP threads per MPI task         :  28
   Poisson Solver GPU Enumerator:
     BACKEND                           :  2
     Attributes:
       DEVICE                          :  0
       MODEL                           :  2
     cavity                            : none #   Type of the cavity
     fd_order                          : 16 #     Order of the Finite-difference derivatives for the GPS solver
     itermax                           : 200 #    Maximum number of iterations of the GPS outer loop
     minres                            : 1.e-8 #  Convergence threshold of the loop
     pb_method                         : none #   Defines the method for the Poisson Boltzmann Equation
     cavity                            : none #   Type of the cavity
     fd_order                          : 16 #     Order of the Finite-difference derivatives for the GPS solver
     itermax                           : 200 #    Maximum number of iterations of the GPS outer loop
     minres                            : 1.e-8 #  Convergence threshold of the loop
     pb_method                         : none #   Defines the method for the Poisson Boltzmann Equation
   MPI tasks                           :  1
   OpenMP threads per MPI task         :  28
   Poisson Solver GPU Enumerator:
     BACKEND                           :  2
     Attributes:
       DEVICE                          :  0
       MODEL                           :  2
   Poisson Solver GPU Enumerator:
     BACKEND                           :  2
     Attributes:
       DEVICE                          :  0
       MODEL                           :  2
   Poisson Solver GPU Enumerator:
     BACKEND                           :  2
     Attributes:
       DEVICE                          :  0
       MODEL                           :  2
     minres                            : 1.e-8 #  Convergence threshold of the loop
     pb_method                         : none #   Defines the method for the Poisson Boltzmann Equation
   MPI tasks                           :  1
   OpenMP threads per MPI task         :  28
     isf_order                         : 16 #     Order of the Interpolating Scaling Function family
     stress_tensor                     : Yes #    Triggers the calculation of the stress tensor
   environment:
     cavity                            : none #   Type of the cavity
   OpenMP threads per MPI task         :  28
   Poisson Solver GPU Enumerator:
     BACKEND                           :  2
     Attributes:
       DEVICE                          :  0
       MODEL                           :  2
   MPI tasks                           :  1
   OpenMP threads per MPI task         :  28
   Poisson Solver GPU Enumerator:
     BACKEND                           :  2
     Attributes:
       DEVICE                          :  0
       MODEL                           :  2
     pb_method                         : none #   Defines the method for the Poisson Boltzmann Equation
   MPI tasks                           :  1
   OpenMP threads per MPI task         :  28
   Poisson Solver GPU Enumerator:
     BACKEND                           :  2
     Attributes:
       DEVICE                          :  0
       MODEL                           :  2
   Poisson Solver GPU Enumerator:
     BACKEND                           :  2
     Attributes:
       DEVICE                          :  0
       MODEL                           :  2
     fd_order                          : 16 #     Order of the Finite-difference derivatives for the GPS solver
     itermax                           : 200 #    Maximum number of iterations of the GPS outer loop
     minres                            : 1.e-8 #  Convergence threshold of the loop
   environment:
     cavity                            : none #   Type of the cavity
     fd_order                          : 16 #     Order of the Finite-difference derivatives for the GPS solver
     itermax                           : 200 #    Maximum number of iterations of the GPS outer loop
     pb_method                         : none #   Defines the method for the Poisson Boltzmann Equation
   MPI tasks                           :  1
   OpenMP threads per MPI task         :  28
   Poisson Solver GPU Enumerator:
     BACKEND                           :  2
     Attributes:
       DEVICE                          :  0
       MODEL                           :  2
   OpenMP threads per MPI task         :  28
   Poisson Solver GPU Enumerator:
     BACKEND                           :  2
     Attributes:
       DEVICE                          :  0
       MODEL                           :  2
       DEVICE                          :  0
       MODEL                           :  2
   Poisson Solver GPU Enumerator:
     BACKEND                           :  2
     Attributes:
       DEVICE                          :  0
       MODEL                           :  2
     isf_order                         : 16 #     Order of the Interpolating Scaling Function family
     stress_tensor                     : Yes #    Triggers the calculation of the stress tensor
   environment:
     cavity                            : none #   Type of the cavity
     stress_tensor                     : Yes #    Triggers the calculation of the stress tensor
   environment:
     cavity                            : none #   Type of the cavity
     fd_order                          : 16 #     Order of the Finite-difference derivatives for the GPS solver
       DEVICE                          :  0
       MODEL                           :  2
     pb_method                         : none #   Defines the method for the Poisson Boltzmann Equation
   MPI tasks                           :  1
   OpenMP threads per MPI task         :  28
   Poisson Solver GPU Enumerator:
     BACKEND                           :  2
     Attributes:
       DEVICE                          :  0
       MODEL                           :  2
       DEVICE                          :  0
       MODEL                           :  2
   Poisson Solver GPU Enumerator:
     BACKEND                           :  2
     Attributes:
       DEVICE                          :  0
       MODEL                           :  2
     isf_order                         : 16 #     Order of the Interpolating Scaling Function family
     stress_tensor                     : Yes #    Triggers the calculation of the stress tensor
   environment:
     cavity                            : none #   Type of the cavity
     stress_tensor                     : Yes #    Triggers the calculation of the stress tensor
   environment:
     cavity                            : none #   Type of the cavity
     fd_order                          : 16 #     Order of the Finite-difference derivatives for the GPS solver
       DEVICE                          :  0
       MODEL                           :  2
   Poisson Solver GPU Enumerator:
     BACKEND                           :  2
     Attributes:
       DEVICE                          :  0
       MODEL                           :  2
       MODEL                           :  2
   Poisson Solver GPU Enumerator:
     BACKEND                           :  2
     Attributes:
       DEVICE                          :  0
       MODEL                           :  2
   environment:
     cavity                            : none #   Type of the cavity
     fd_order                          : 16 #     Order of the Finite-difference derivatives for the GPS solver
     itermax                           : 200 #    Maximum number of iterations of the GPS outer loop
     minres                            : 1.e-8 #  Convergence threshold of the loop
     pb_method                         : none #   Defines the method for the Poisson Boltzmann Equation
     fd_order                          : 16 #     Order of the Finite-difference derivatives for the GPS solver
     itermax                           : 200 #    Maximum number of iterations of the GPS outer loop
     minres                            : 1.e-8 #  Convergence threshold of the loop
       DEVICE                          :  0
       MODEL                           :  2
     output                            : none #   Quantities to be plotted after the main solver routine
   kernel:
     screening                         : 0 #      Mu screening parameter
     isf_order                         : 16 #     Order of the Interpolating Scaling Function family
     stress_tensor                     : Yes #    Triggers the calculation of the stress tensor
   environment:
     cavity                            : none #   Type of the cavity
     fd_order                          : 16 #     Order of the Finite-difference derivatives for the GPS solver
     itermax                           : 200 #    Maximum number of iterations of the GPS outer loop
     minres                            : 1.e-8 #  Convergence threshold of the loop
     pb_method                         : none #   Defines the method for the Poisson Boltzmann Equation
     fd_order                          : 16 #     Order of the Finite-difference derivatives for the GPS solver
     itermax                           : 200 #    Maximum number of iterations of the GPS outer loop
     minres                            : 1.e-8 #  Convergence threshold of the loop
     pb_method                         : none #   Defines the method for the Poisson Boltzmann Equation
   MPI tasks                           :  1
   OpenMP threads per MPI task         :  28
   Poisson Solver GPU Enumerator:
     BACKEND                           :  2
     Attributes:
       DEVICE                          :  0
       MODEL                           :  2
     cavity                            : none #   Type of the cavity
     fd_order                          : 16 #     Order of the Finite-difference derivatives for the GPS solver
     itermax                           : 200 #    Maximum number of iterations of the GPS outer loop
     cavity                            : none #   Type of the cavity
     fd_order                          : 16 #     Order of the Finite-difference derivatives for the GPS solver
     itermax                           : 200 #    Maximum number of iterations of the GPS outer loop
     minres                            : 1.e-8 #  Convergence threshold of the loop
     pb_method                         : none #   Defines the method for the Poisson Boltzmann Equation
   MPI tasks                           :  1
   OpenMP threads per MPI task         :  28
     itermax                           : 200 #    Maximum number of iterations of the GPS outer loop
     minres                            : 1.e-8 #  Convergence threshold of the loop
     pb_method                         : none #   Defines the method for the Poisson Boltzmann Equation
     minres                            : 1.e-8 #  Convergence threshold of the loop
   Poisson Solver GPU Enumerator:
     BACKEND                           :  2
     Attributes:
       DEVICE                          :  0
       MODEL                           :  2
     itermax                           : 200 #    Maximum number of iterations of the GPS outer loop
     minres                            : 1.e-8 #  Convergence threshold of the loop
     pb_method                         : none #   Defines the method for the Poisson Boltzmann Equation
     pb_method                         : none #   Defines the method for the Poisson Boltzmann Equation
     pb_method                         : none #   Defines the method for the Poisson Boltzmann Equation
   MPI tasks                           :  1
   OpenMP threads per MPI task         :  28
   Poisson Solver GPU Enumerator:
     BACKEND                           :  2
     Attributes:
       DEVICE                          :  0
       MODEL                           :  2
     fd_order                          : 16 #     Order of the Finite-difference derivatives for the GPS solver
     itermax                           : 200 #    Maximum number of iterations of the GPS outer loop
     minres                            : 1.e-8 #  Convergence threshold of the loop
   MPI tasks                           :  1
     fd_order                          : 16 #     Order of the Finite-difference derivatives for the GPS solver
     itermax                           : 200 #    Maximum number of iterations of the GPS outer loop
     minres                            : 1.e-8 #  Convergence threshold of the loop
     pb_method                         : none #   Defines the method for the Poisson Boltzmann Equation
   MPI tasks                           :  1
   OpenMP threads per MPI task         :  28
   Poisson Solver GPU Enumerator:
     BACKEND                           :  2
     Attributes:
     minres                            : 1.e-8 #  Convergence threshold of the loop
     pb_method                         : none #   Defines the method for the Poisson Boltzmann Equation
   OpenMP threads per MPI task         :  28
     pb_method                         : none #   Defines the method for the Poisson Boltzmann Equation
   MPI tasks                           :  1
   OpenMP threads per MPI task         :  28
   Poisson Solver GPU Enumerator:
     BACKEND                           :  2
     Attributes:
       DEVICE                          :  0
       MODEL                           :  2
     itermax                           : 200 #    Maximum number of iterations of the GPS outer loop
     minres                            : 1.e-8 #  Convergence threshold of the loop
     pb_method                         : none #   Defines the method for the Poisson Boltzmann Equation
   Poisson Solver GPU Enumerator:
     BACKEND                           :  2
     Attributes:
       DEVICE                          :  0
       MODEL                           :  2
     fd_order                          : 16 #     Order of the Finite-difference derivatives for the GPS solver
     itermax                           : 200 #    Maximum number of iterations of the GPS outer loop
     minres                            : 1.e-8 #  Convergence threshold of the loop
     pb_method                         : none #   Defines the method for the Poisson Boltzmann Equation
     itermax                           : 200 #    Maximum number of iterations of the GPS outer loop
     minres                            : 1.e-8 #  Convergence threshold of the loop
     pb_method                         : none #   Defines the method for the Poisson Boltzmann Equation
   MPI tasks                           :  1
   OpenMP threads per MPI task         :  28
   Poisson Solver GPU Enumerator:
     BACKEND                           :  2
     Attributes:
       DEVICE                          :  0
       MODEL                           :  2
     pb_method                         : none #   Defines the method for the Poisson Boltzmann Equation
   MPI tasks                           :  1
   MPI tasks                           :  1
   OpenMP threads per MPI task         :  28
   Poisson Solver GPU Enumerator:
     BACKEND                           :  2
     Attributes:
       DEVICE                          :  0
       MODEL                           :  2
   MPI tasks                           :  1
   OpenMP threads per MPI task         :  28
   Poisson Solver GPU Enumerator:
     BACKEND                           :  2
     Attributes:
       DEVICE                          :  0
       MODEL                           :  2
   MPI tasks                           :  1
   OpenMP threads per MPI task         :  28
   Poisson Solver GPU Enumerator:
       DEVICE                          :  0
       MODEL                           :  2
     pb_method                         : none #   Defines the method for the Poisson Boltzmann Equation
   MPI tasks                           :  1
   OpenMP threads per MPI task         :  28
   MPI tasks                           :  1
   OpenMP threads per MPI task         :  28
   Poisson Solver GPU Enumerator:
     BACKEND                           :  2
   MPI tasks                           :  1
   OpenMP threads per MPI task         :  28
     Attributes:
   MPI tasks                           :  1
   OpenMP threads per MPI task         :  28
       DEVICE                          :  0
       MODEL                           :  2
   MPI tasks                           :  1
   OpenMP threads per MPI task         :  28
   OpenMP threads per MPI task         :  28
   Poisson Solver GPU Enumerator:
     BACKEND                           :  2
     Attributes:
       DEVICE                          :  0
       MODEL                           :  2
   MPI tasks                           :  1
   OpenMP threads per MPI task         :  28
   Poisson Solver GPU Enumerator:
     BACKEND                           :  2
     Attributes:
       DEVICE                          :  0
       MODEL                           :  2
   Poisson Solver GPU Enumerator:
     BACKEND                           :  2
     Attributes:
       DEVICE                          :  0
       MODEL                           :  2
     BACKEND                           :  2
     Attributes:
       DEVICE                          :  0
       MODEL                           :  2
   Poisson Solver GPU Enumerator:
     BACKEND                           :  2
     Attributes:
       DEVICE                          :  0
       MODEL                           :  2
   Poisson Solver GPU Enumerator:
     BACKEND                           :  2
     Attributes:
       DEVICE                          :  0
       MODEL                           :  2
   Poisson Solver GPU Enumerator:
     BACKEND                           :  2
     Attributes:
       DEVICE                          :  0
       MODEL                           :  2
   Poisson Solver GPU Enumerator:
     BACKEND                           :  2
     Attributes:
       DEVICE                          :  0
       MODEL                           :  2
  #------------------------------------------------------------------- Kernel Initialization
 Poisson Kernel Initialization:
    #---------------------------------------------------------------------- Input parameters
   setup:
     accel                   : DBFFT #            Material Acceleration
     use_gpu_direct          : Yes #              Force (or not) the usage of GPUdirect communication, if available
     verbose                 : Yes #              Verbosity switch
     keep_gpu_memory         : Yes #              Do not deallocate GPU memory at each call of the (G)PS routine
     taskgroup_size          : 0 #                Size of the taskgroups of the Poisson Solver
     global_data             : No #               Charge density and Electrostatic potential are given by global arrays
     output                  : none #             Quantities to be plotted after the main solver routine
   kernel:
     screening               : 0 #                Mu screening parameter
     isf_order               : 16 #               Order of the Interpolating Scaling Function family
     stress_tensor           : Yes #              Triggers the calculation of the stress tensor
   environment:
     cavity                  : none #             Type of the cavity
     fd_order                : 16 #               Order of the Finite-difference derivatives for the GPS solver
     itermax                 : 200 #              Maximum number of iterations of the GPS outer loop
     minres                  : 1.e-8 #            Convergence threshold of the loop
     pb_method               : none #             Defines the method for the Poisson Boltzmann Equation
   MPI tasks                 :  1
   OpenMP threads per MPI task:  28
   Poisson Solver GPU Enumerator:
     BACKEND                 :  2
     Attributes:
       DEVICE                :  0
       MODEL                 :  2
 Poisson Kernel Creation:
   Boundary Conditions       : Free
   Memory Requirements per MPI task:
     Density (MB)            :  194.66
     Kernel (MB)             :  196.66
     Full Grid Arrays (MB)   :  181.94
   Kernel Copied on GPU      :  Yes
 Orbital repartition:
 -  [ 15,  15,  15,  15,  15,  15,  15,  15,  15,  15,  15,  15,  15,  14,  14,  14,  14, 
      14,  14,  14,  14,  14,  14,  14,  14,  14,  14,  14,  14,  14,  14,  14,  14,  14, 
      14,  14,  14,  14,  14,  14,  14,  14,  14,  14,  14,  14,  14,  14,  14,  14,  14, 
      14,  14,  14,  14,  14,  14,  14,  14,  14,  14,  14,  14,  14]
  #Exact exchange calculation:2%; Time (s): Elapsed=3.0973, Remaining=1.52E+02
  #Exact exchange calculation:5%; Time (s): Elapsed=8.6865, Remaining=1.65E+02
  #Exact exchange calculation:8%; Time (s): Elapsed=14.4871, Remaining=1.67E+02
  #Exact exchange calculation:11%; Time (s): Elapsed=21.3013, Remaining=1.72E+02
[1764235724.008868863] compute21:rank35.Fock: reg_mr failed: 0xff0000038d200000:0xff0000039d1fffff (len 0x10000000) access 0x90000003 id 18 base 0xff0000036d200000: Cannot allocate memory
[1764235724.159111430] compute21:rank35.Fock: reg_mr failed 10 times in a row.
[1764235724.465814486] compute14:rank27.Fock: reg_mr failed: 0xff000003dd200000:0xff000003ed1fffff (len 0x10000000) access 0x90000003 id 18 base 0xff0000036d200000: Cannot allocate memory
[1764235724.526608817] compute23:rank50.Fock: reg_mr failed: 0xff000003bd200000:0xff000003cd1fffff (len 0x10000000) access 0x90000003 id 18 base 0xff0000036d200000: Cannot allocate memory
[1764235724.674187654] compute23:rank50.Fock: reg_mr failed 10 times in a row.
  #Exact exchange calculation:14%; Time (s): Elapsed=27.1750, Remaining=1.67E+02
[1764235726.858774429] compute11:rank2.Fock: reg_mr failed: 0xff0000058d000000:0xff0000059cffffff (len 0x10000000) access 0x90000003 id 21 base 0xff0000056d000000: Cannot allocate memory
[1764235727.018615628] compute11:rank2.Fock: reg_mr failed 10 times in a row.
[1764235728.431734623] compute11:rank3.Fock: reg_mr failed: 0xff000005dd000000:0xff000005ecffffff (len 0x10000000) access 0x90000003 id 21 base 0xff0000056d000000: Cannot allocate memory
[1764235728.457716666] compute11:rank3.Fock: reg_mr failed 10 times in a row.
[1764235729.914933400] compute21:rank33.Fock: reg_mr failed: 0xff000005ed000000:0xff000005fcffffff (len 0x10000000) access 0x90000003 id 21 base 0xff0000056d000000: Cannot allocate memory
[1764235730.111075849] compute21:rank33.Fock: reg_mr failed 10 times in a row.
[1764235730.283859337] compute14:rank27.Fock: reg_mr failed: 0xff000005ed000000:0xff000005fcffffff (len 0x10000000) access 0x90000003 id 21 base 0xff0000056d000000: Cannot allocate memory
[1764235730.442230307] compute14:rank27.Fock: reg_mr failed 10 times in a row.
[1764235730.957136166] compute23:rank49.Fock: reg_mr failed: 0xff00000427c00000:0xff00000437bfffff (len 0x10000000) access 0x90000003 id 19 base 0xff00000417c00000: Cannot allocate memory
[1764235731.108994325] compute23:rank49.Fock: reg_mr failed 10 times in a row.
[1764235731.312396155] compute23:rank49.Fock: reg_mr failed: 0xff0000058d000000:0xff0000059cffffff (len 0x10000000) access 0x90000003 id 21 base 0xff0000056d000000: Cannot allocate memory
[1764235731.344637279] compute23:rank49.Fock: reg_mr failed 10 times in a row.
  #Exact exchange calculation:17%; Time (s): Elapsed=33.5336, Remaining=1.64E+02
[1764235733.695704982] compute11:rank3.Fock: reg_mr failed: 0xff0000059d000000:0xff000005acffffff (len 0x10000000) access 0x90000003 id 21 base 0xff0000056d000000: Cannot allocate memory
[1764235733.887517379] compute11:rank3.Fock: reg_mr failed 10 times in a row.
[1764235734.695853117] compute14:rank24.Fock: reg_mr failed: 0xff000003bd200000:0xff000003cd1fffff (len 0x10000000) access 0x90000003 id 18 base 0xff0000036d200000: Cannot allocate memory
[1764235734.742020701] compute14:rank24.Fock: reg_mr failed 10 times in a row.
[1764235735.756572830] compute22:rank41.Fock: reg_mr failed: 0xff000003ed200000:0xff000003fd1fffff (len 0x10000000) access 0x90000003 id 18 base 0xff0000036d200000: Cannot allocate memory
[1764235736.111733475] compute23:rank49.Fock: reg_mr failed: 0xff0000037d200000:0xff0000038d1fffff (len 0x10000000) access 0x90000003 id 18 base 0xff0000036d200000: Cannot allocate memory
[1764235736.304899617] compute23:rank48.Fock: reg_mr failed: 0xff000005cd000000:0xff000005dcffffff (len 0x10000000) access 0x90000003 id 21 base 0xff0000056d000000: Cannot allocate memory
[1764235736.307012959] compute23:rank49.Fock: reg_mr failed 10 times in a row.
[1764235736.349248523] compute23:rank48.Fock: reg_mr failed 10 times in a row.
[1764235737.924580345] compute31:rank58.Fock: reg_mr failed: 0xff0000059d000000:0xff000005acffffff (len 0x10000000) access 0x90000003 id 21 base 0xff0000056d000000: Cannot allocate memory
[1764235738.092954951] compute31:rank58.Fock: reg_mr failed 10 times in a row.
[1764235738.549264072] compute11:rank1.Fock: reg_mr failed: 0xff0000037d200000:0xff0000038d1fffff (len 0x10000000) access 0x90000003 id 18 base 0xff0000036d200000: Cannot allocate memory
[1764235738.576916658] compute11:rank1.Fock: reg_mr failed 10 times in a row.
  #Exact exchange calculation:20%; Time (s): Elapsed=39.5789, Remaining=1.58E+02
[1764235739.108958564] compute12:rank8.Fock: reg_mr failed: 0xff0000037d200000:0xff0000038d1fffff (len 0x10000000) access 0x90000003 id 18 base 0xff0000036d200000: Cannot allocate memory
[1764235739.264290966] compute11:rank1.Fock: reg_mr failed: 0xff000003cd200000:0xff000003dd1fffff (len 0x10000000) access 0x90000003 id 18 base 0xff0000036d200000: Cannot allocate memory
[1764235739.312942895] compute12:rank8.Fock: reg_mr failed 10 times in a row.
[1764235739.455494211] compute11:rank1.Fock: reg_mr failed 10 times in a row.
[1764235739.455765778] compute12:rank9.Fock: reg_mr failed: 0xff000005fd000000:0xff0000060cffffff (len 0x10000000) access 0x90000003 id 21 base 0xff0000056d000000: Cannot allocate memory
[1764235739.488860345] compute12:rank8.Fock: reg_mr failed: 0xff0000037d200000:0xff0000038d1fffff (len 0x10000000) access 0x90000003 id 18 base 0xff0000036d200000: Cannot allocate memory
[1764235739.492646079] compute12:rank9.Fock: reg_mr failed 10 times in a row.
[1764235739.827420953] compute11:rank5.Fock: reg_mr failed: 0xff000003bd200000:0xff000003cd1fffff (len 0x10000000) access 0x90000003 id 18 base 0xff0000036d200000: Cannot allocate memory
[1764235739.856890621] compute11:rank5.Fock: reg_mr failed 10 times in a row.
[1764235740.006918292] compute11:rank5.Fock: reg_mr failed: 0xff000003cd200000:0xff000003dd1fffff (len 0x10000000) access 0x90000003 id 18 base 0xff0000036d200000: Cannot allocate memory
[1764235740.037578257] compute11:rank5.Fock: reg_mr failed 10 times in a row.
[1764235740.049458288] compute11:rank3.Fock: reg_mr failed: 0xff000003cd200000:0xff000003dd1fffff (len 0x10000000) access 0x90000003 id 18 base 0xff0000036d200000: Cannot allocate memory
[1764235740.095244099] compute11:rank3.Fock: reg_mr failed 10 times in a row.
[1764235740.127419954] compute21:rank36.Fock: reg_mr failed: 0xff00000457c00000:0xff00000467bfffff (len 0x10000000) access 0x90000003 id 19 base 0xff00000417c00000: Cannot allocate memory
[1764235740.294134353] compute21:rank36.Fock: reg_mr failed 10 times in a row.
[1764235740.504258691] compute11:rank5.Fock: reg_mr failed: 0xff000005dd000000:0xff000005ecffffff (len 0x10000000) access 0x90000003 id 21 base 0xff0000056d000000: Cannot allocate memory
[1764235740.531740662] compute11:rank5.Fock: reg_mr failed 10 times in a row.
[1764235744.613805761] compute12:rank11.Fock: reg_mr failed: 0xff0000059d000000:0xff000005acffffff (len 0x10000000) access 0x90000003 id 21 base 0xff0000056d000000: Cannot allocate memory
  #Exact exchange calculation:23%; Time (s): Elapsed=45.5367, Remaining=1.52E+02
[1764235744.807361369] compute12:rank11.Fock: reg_mr failed 10 times in a row.
[1764235744.818618686] compute12:rank9.Fock: reg_mr failed: 0xff0000059d000000:0xff000005acffffff (len 0x10000000) access 0x90000003 id 21 base 0xff0000056d000000: Cannot allocate memory
[1764235744.862602742] compute12:rank9.Fock: reg_mr failed 10 times in a row.
[1764235745.054135118] compute22:rank41.Fock: reg_mr failed: 0xff0000057d000000:0xff0000058cffffff (len 0x10000000) access 0x90000003 id 21 base 0xff0000056d000000: Cannot allocate memory
[1764235745.068350577] compute12:rank11.Fock: reg_mr failed: 0xff000005ad000000:0xff000005bcffffff (len 0x10000000) access 0x90000003 id 21 base 0xff0000056d000000: Cannot allocate memory
[1764235745.160638467] compute22:rank40.Fock: reg_mr failed: 0xff0000058d000000:0xff0000059cffffff (len 0x10000000) access 0x90000003 id 21 base 0xff0000056d000000: Cannot allocate memory
[1764235745.202156374] compute22:rank40.Fock: reg_mr failed 10 times in a row.
[1764235745.215966064] compute22:rank41.Fock: reg_mr failed 10 times in a row.
[1764235745.452928982] compute12:rank14.Fock: reg_mr failed: 0xff000005fd000000:0xff0000060c33338f (len 0xf333390) access 0x90000003 id 21 base 0xff0000056d000000: Cannot allocate memory
[1764235745.484870155] compute12:rank14.Fock: reg_mr failed 10 times in a row.
[1764235745.697138380] compute12:rank11.Fock: reg_mr failed: 0xff00000497c00000:0xff000004a7bfffff (len 0x10000000) access 0x90000003 id 19 base 0xff00000417c00000: Cannot allocate memory
[1764235745.746514169] compute12:rank11.Fock: reg_mr failed 10 times in a row.
[1764235746.043140107] compute21:rank32.Fock: reg_mr failed: 0xff0000039d200000:0xff000003ad1fffff (len 0x10000000) access 0x90000003 id 18 base 0xff0000036d200000: Cannot allocate memory
[1764235746.074737911] compute11:rank6.Fock: reg_mr failed: 0xff000005cd000000:0xff000005dcffffff (len 0x10000000) access 0x90000003 id 21 base 0xff0000056d000000: Cannot allocate memory
[1764235746.270017881] compute11:rank6.Fock: reg_mr failed 10 times in a row.
  #Exact exchange calculation:26%; Time (s): Elapsed=51.2327, Remaining=1.46E+02
[1764235750.493478913] compute23:rank52.Fock: reg_mr failed: 0xff000003fd200000:0xff0000040d1fffff (len 0x10000000) access 0x90000003 id 18 base 0xff0000036d200000: Cannot allocate memory
[1764235750.498676595] compute21:rank39.Fock: reg_mr failed: 0xff0000058d000000:0xff0000059cffffff (len 0x10000000) access 0x90000003 id 21 base 0xff0000056d000000: Cannot allocate memory
[1764235750.556390316] compute21:rank39.Fock: reg_mr failed 10 times in a row.
[1764235750.671518064] compute23:rank52.Fock: reg_mr failed 10 times in a row.
[1764235751.161424869] compute12:rank10.Fock: reg_mr failed: 0xff000003cd200000:0xff000003dd1fffff (len 0x10000000) access 0x90000003 id 18 base 0xff0000036d200000: Cannot allocate memory
[1764235751.225665318] compute21:rank36.Fock: reg_mr failed: 0xff000005fd000000:0xff0000060c33338f (len 0xf333390) access 0x90000003 id 21 base 0xff0000056d000000: Cannot allocate memory
[1764235751.308867463] compute11:rank7.Fock: reg_mr failed: 0xff000005bd000000:0xff000005ccffffff (len 0x10000000) access 0x90000003 id 21 base 0xff0000056d000000: Cannot allocate memory
[1764235751.313097692] compute21:rank38.Fock: reg_mr failed: 0xff000005bd000000:0xff000005ccffffff (len 0x10000000) access 0x90000003 id 21 base 0xff0000056d000000: Cannot allocate memory
[1764235751.362410834] compute12:rank10.Fock: reg_mr failed 10 times in a row.
[1764235751.411373628] compute21:rank38.Fock: reg_mr failed 10 times in a row.
[1764235751.421696604] compute21:rank36.Fock: reg_mr failed 10 times in a row.
[1764235751.486273463] compute11:rank5.Fock: reg_mr failed: 0xff000003ed200000:0xff000003fd1fffff (len 0x10000000) access 0x90000003 id 18 base 0xff0000036d200000: Cannot allocate memory
[1764235751.584998366] compute11:rank5.Fock: reg_mr failed 10 times in a row.
[1764235751.824033990] compute21:rank35.Fock: reg_mr failed: 0xff000005ed000000:0xff000005fcffffff (len 0x10000000) access 0x90000003 id 21 base 0xff0000056d000000: Cannot allocate memory
[1764235751.826521506] compute11:rank3.Fock: reg_mr failed: 0xff000003ad200000:0xff000003bd1fffff (len 0x10000000) access 0x90000003 id 18 base 0xff0000036d200000: Cannot allocate memory
[1764235751.862420499] compute21:rank35.Fock: reg_mr failed 10 times in a row.
[1764235751.866399665] compute11:rank3.Fock: reg_mr failed 10 times in a row.
[1764235752.019039493] compute11:rank3.Fock: reg_mr failed: 0xff000005cd000000:0xff000005dcffffff (len 0x10000000) access 0x90000003 id 21 base 0xff0000056d000000: Cannot allocate memory
[1764235752.054166323] compute11:rank3.Fock: reg_mr failed 10 times in a row.
[1764235752.271187783] compute11:rank3.Fock: reg_mr failed: 0xff000005dd000000:0xff000005ecffffff (len 0x10000000) access 0x90000003 id 21 base 0xff0000056d000000: Cannot allocate memory
[1764235752.299178225] compute11:rank3.Fock: reg_mr failed 10 times in a row.
[1764235755.555875926] compute12:rank11.Fock: reg_mr failed: 0xff0000058d000000:0xff0000059cffffff (len 0x10000000) access 0x90000003 id 21 base 0xff0000056d000000: Cannot allocate memory
[1764235755.579426744] compute12:rank11.Fock: reg_mr failed 10 times in a row.
[1764235755.763569839] compute21:rank38.Fock: reg_mr failed: 0xff0000057d000000:0xff0000058cffffff (len 0x10000000) access 0x90000003 id 21 base 0xff0000056d000000: Cannot allocate memory
[1764235755.802694896] compute21:rank38.Fock: reg_mr failed 10 times in a row.
[1764235756.037254530] compute21:rank37.Fock: reg_mr failed: 0xff0000057d000000:0xff0000058cffffff (len 0x10000000) access 0x90000003 id 21 base 0xff0000056d000000: Cannot allocate memory
  #Exact exchange calculation:29%; Time (s): Elapsed=56.9475, Remaining=1.39E+02
[1764235756.075867115] compute21:rank37.Fock: reg_mr failed 10 times in a row.
[1764235756.523162783] compute12:rank9.Fock: reg_mr failed: 0xff00000437c00000:0xff00000447bfffff (len 0x10000000) access 0x90000003 id 19 base 0xff00000417c00000: Cannot allocate memory
[1764235756.730012111] compute12:rank9.Fock: reg_mr failed 10 times in a row.
[1764235756.871994234] compute11:rank0.Fock: reg_mr failed: 0xff00000477c00000:0xff00000487bfffff (len 0x10000000) access 0x90000003 id 19 base 0xff00000417c00000: Cannot allocate memory
[1764235756.941269675] compute21:rank35.Fock: reg_mr failed: 0xff0000037d200000:0xff0000038d1fffff (len 0x10000000) access 0x90000003 id 18 base 0xff0000036d200000: Cannot allocate memory
[1764235757.028077332] compute11:rank0.Fock: reg_mr failed 10 times in a row.
[1764235757.091144753] compute21:rank35.Fock: reg_mr failed 10 times in a row.
[1764235757.318429316] compute21:rank35.Fock: reg_mr failed: 0xff000005cd000000:0xff000005dcffffff (len 0x10000000) access 0x90000003 id 21 base 0xff0000056d000000: Cannot allocate memory
[1764235757.350252090] compute21:rank35.Fock: reg_mr failed 10 times in a row.
[1764235757.522893062] compute21:rank32.Fock: reg_mr failed: 0xff000005fd000000:0xff0000060c33338f (len 0xf333390) access 0x90000003 id 21 base 0xff0000056d000000: Cannot allocate memory
[1764235757.561439980] compute21:rank32.Fock: reg_mr failed 10 times in a row.
[1764235757.602249912] compute11:rank7.Fock: reg_mr failed: 0xff00000497c00000:0xff000004a7bfffff (len 0x10000000) access 0x90000003 id 19 base 0xff00000417c00000: Cannot allocate memory
[1764235757.640507502] compute11:rank7.Fock: reg_mr failed 10 times in a row.
[1764235758.442591839] compute14:rank26.Fock: reg_mr failed: 0xff000005fd000000:0xff0000060c33338f (len 0xf333390) access 0x90000003 id 21 base 0xff0000056d000000: Cannot allocate memory
[1764235758.625395175] compute14:rank26.Fock: reg_mr failed 10 times in a row.
  #Exact exchange calculation:32%; Time (s): Elapsed=62.5245, Remaining=1.33E+02
[1764235762.131747466] compute12:rank11.Fock: reg_mr failed: 0xff0000039d200000:0xff000003ad1fffff (len 0x10000000) access 0x90000003 id 18 base 0xff0000036d200000: Cannot allocate memory
[1764235762.302878705] compute12:rank11.Fock: reg_mr failed 10 times in a row.
[1764235762.322969736] compute12:rank15.Fock: reg_mr failed: 0xff000005bd000000:0xff000005ccffffff (len 0x10000000) access 0x90000003 id 21 base 0xff0000056d000000: Cannot allocate memory
[1764235762.354408775] compute12:rank15.Fock: reg_mr failed 10 times in a row.
[1764235762.534926733] compute11:rank7.Fock: reg_mr failed: 0xff000005ad000000:0xff000005bcffffff (len 0x10000000) access 0x90000003 id 21 base 0xff0000056d000000: Cannot allocate memory
[1764235762.558687252] compute12:rank15.Fock: reg_mr failed: 0xff000005cd000000:0xff000005dcffffff (len 0x10000000) access 0x90000003 id 21 base 0xff0000056d000000: Cannot allocate memory
[1764235762.729666206] compute11:rank7.Fock: reg_mr failed 10 times in a row.
[1764235762.832986050] compute11:rank5.Fock: reg_mr failed: 0xff000005ed000000:0xff000005fcffffff (len 0x10000000) access 0x90000003 id 21 base 0xff0000056d000000: Cannot allocate memory
[1764235762.863837500] compute11:rank5.Fock: reg_mr failed 10 times in a row.
[1764235763.206735720] compute11:rank7.Fock: reg_mr failed: 0xff000005dd000000:0xff000005ecffffff (len 0x10000000) access 0x90000003 id 21 base 0xff0000056d000000: Cannot allocate memory
[1764235763.232800825] compute11:rank6.Fock: reg_mr failed: 0xff000005dd000000:0xff000005ecffffff (len 0x10000000) access 0x90000003 id 21 base 0xff0000056d000000: Cannot allocate memory
[1764235763.244852095] compute11:rank7.Fock: reg_mr failed 10 times in a row.
[1764235763.271449360] compute11:rank6.Fock: reg_mr failed 10 times in a row.
[1764235763.400645266] compute12:rank10.Fock: reg_mr failed: 0xff000005fd000000:0xff0000060cffffff (len 0x10000000) access 0x90000003 id 21 base 0xff0000056d000000: Cannot allocate memory
[1764235763.425848048] compute12:rank10.Fock: reg_mr failed 10 times in a row.
[1764235766.151566523] compute11:rank3.Fock: reg_mr failed: 0xff0000058d000000:0xff0000059cffffff (len 0x10000000) access 0x90000003 id 21 base 0xff0000056d000000: Cannot allocate memory
[1764235766.177240838] compute11:rank3.Fock: reg_mr failed 10 times in a row.
  #Exact exchange calculation:36%; Time (s): Elapsed=68.1036, Remaining=1.21E+02
[1764235767.398035132] compute12:rank8.Fock: reg_mr failed: 0xff0000057d000000:0xff0000058cffffff (len 0x10000000) access 0x90000003 id 21 base 0xff0000056d000000: Cannot allocate memory
[1764235767.602582345] compute12:rank8.Fock: reg_mr failed 10 times in a row.
[1764235767.926755887] compute12:rank9.Fock: reg_mr failed: 0xff000005cd000000:0xff000005dcffffff (len 0x10000000) access 0x90000003 id 21 base 0xff0000056d000000: Cannot allocate memory
[1764235767.930416142] compute11:rank5.Fock: reg_mr failed: 0xff000005ad000000:0xff000005bcffffff (len 0x10000000) access 0x90000003 id 21 base 0xff0000056d000000: Cannot allocate memory
[1764235767.971409956] compute12:rank9.Fock: reg_mr failed 10 times in a row.
[1764235768.024624632] compute11:rank7.Fock: reg_mr failed: 0xff000005ad000000:0xff000005bcffffff (len 0x10000000) access 0x90000003 id 21 base 0xff0000056d000000: Cannot allocate memory
[1764235768.102619892] compute11:rank5.Fock: reg_mr failed 10 times in a row.
[1764235768.127824959] compute11:rank7.Fock: reg_mr failed 10 times in a row.
[1764235769.545679191] compute11:rank3.Fock: reg_mr failed: 0xff0000058d000000:0xff0000059cffffff (len 0x10000000) access 0x90000003 id 21 base 0xff0000056d000000: Cannot allocate memory
[1764235769.596252228] compute21:rank32.Fock: reg_mr failed: 0xff0000039d200000:0xff000003ad1fffff (len 0x10000000) access 0x90000003 id 18 base 0xff0000036d200000: Cannot allocate memory
[1764235769.782923360] compute11:rank3.Fock: reg_mr failed: 0xff000005ad000000:0xff000005bcffffff (len 0x10000000) access 0x90000003 id 21 base 0xff0000056d000000: Cannot allocate memory
[1764235769.790510624] compute21:rank32.Fock: reg_mr failed 10 times in a row.
[1764235770.137277950] compute11:rank3.Fock: reg_mr failed: 0xff000005dd000000:0xff000005ecffffff (len 0x10000000) access 0x90000003 id 21 base 0xff0000056d000000: Cannot allocate memory
  #Exact exchange calculation:39%; Time (s): Elapsed=73.6802, Remaining=1.15E+02
[1764235773.726710622] compute12:rank9.Fock: reg_mr failed: 0xff000003bd200000:0xff000003cd1fffff (len 0x10000000) access 0x90000003 id 18 base 0xff0000036d200000: Cannot allocate memory
[1764235773.896242248] compute11:rank0.Fock: reg_mr failed: 0xff000005dd000000:0xff000005ecffffff (len 0x10000000) access 0x90000003 id 21 base 0xff0000056d000000: Cannot allocate memory
[1764235773.921220465] compute12:rank9.Fock: reg_mr failed 10 times in a row.
[1764235774.077188810] compute11:rank0.Fock: reg_mr failed 10 times in a row.
[1764235774.369993705] compute11:rank6.Fock: reg_mr failed: 0xff000003ad200000:0xff000003bd1fffff (len 0x10000000) access 0x90000003 id 18 base 0xff0000036d200000: Cannot allocate memory
[1764235774.394315544] compute11:rank6.Fock: reg_mr failed 10 times in a row.
[1764235774.592644885] compute11:rank6.Fock: reg_mr failed: 0xff000003bd200000:0xff000003cd1fffff (len 0x10000000) access 0x90000003 id 18 base 0xff0000036d200000: Cannot allocate memory
[1764235774.616645915] compute11:rank6.Fock: reg_mr failed 10 times in a row.
[1764235776.281607917] compute21:rank37.Fock: reg_mr failed: 0xff0000059d000000:0xff000005acffffff (len 0x10000000) access 0x90000003 id 21 base 0xff0000056d000000: Cannot allocate memory
[1764235776.463905437] compute21:rank37.Fock: reg_mr failed 10 times in a row.
[1764235776.716869244] compute14:rank29.Fock: reg_mr failed: 0xff00000497c00000:0xff000004a7bfffff (len 0x10000000) access 0x90000003 id 19 base 0xff00000417c00000: Cannot allocate memory
[1764235776.876585135] compute14:rank29.Fock: reg_mr failed 10 times in a row.
  #Exact exchange calculation:42%; Time (s): Elapsed=79.2640, Remaining=1.09E+02
[1764235778.419169358] compute12:rank11.Fock: reg_mr failed: 0xff0000058d000000:0xff0000059cffffff (len 0x10000000) access 0x90000003 id 21 base 0xff0000056d000000: Cannot allocate memory
[1764235778.443765039] compute12:rank11.Fock: reg_mr failed 10 times in a row.
[1764235778.643264184] compute12:rank9.Fock: reg_mr failed: 0xff00000427c00000:0xff00000437bfffff (len 0x10000000) access 0x90000003 id 19 base 0xff00000417c00000: Cannot allocate memory
[1764235779.093291043] compute12:rank9.Fock: reg_mr failed: 0xff000005ad000000:0xff000005bcffffff (len 0x10000000) access 0x90000003 id 21 base 0xff0000056d000000: Cannot allocate memory
[1764235779.116082718] compute11:rank7.Fock: reg_mr failed: 0xff00000457c00000:0xff00000467bfffff (len 0x10000000) access 0x90000003 id 19 base 0xff00000417c00000: Cannot allocate memory
[1764235779.289874942] compute12:rank9.Fock: reg_mr failed 10 times in a row.
[1764235779.306881945] compute11:rank7.Fock: reg_mr failed 10 times in a row.
[1764235779.358217456] compute12:rank8.Fock: reg_mr failed: 0xff00000487c00000:0xff00000497bfffff (len 0x10000000) access 0x90000003 id 19 base 0xff00000417c00000: Cannot allocate memory
[1764235779.405420231] compute12:rank8.Fock: reg_mr failed 10 times in a row.
[1764235779.617056514] compute12:rank9.Fock: reg_mr failed: 0xff000005bd000000:0xff000005ccffffff (len 0x10000000) access 0x90000003 id 21 base 0xff0000056d000000: Cannot allocate memory
[1764235779.669766789] compute12:rank9.Fock: reg_mr failed 10 times in a row.
[1764235779.713960329] compute11:rank6.Fock: reg_mr failed: 0xff000005ad000000:0xff000005bcffffff (len 0x10000000) access 0x90000003 id 21 base 0xff0000056d000000: Cannot allocate memory
[1764235779.754198893] compute11:rank6.Fock: reg_mr failed 10 times in a row.
[1764235781.182629729] compute11:rank3.Fock: reg_mr failed: 0xff00000427c00000:0xff00000437bfffff (len 0x10000000) access 0x90000003 id 19 base 0xff00000417c00000: Cannot allocate memory
[1764235781.208888620] compute11:rank3.Fock: reg_mr failed 10 times in a row.
[1764235781.818533599] compute22:rank45.Fock: reg_mr failed: 0xff000003ad200000:0xff000003bd1fffff (len 0x10000000) access 0x90000003 id 18 base 0xff0000036d200000: Cannot allocate memory
[1764235782.005641489] compute22:rank45.Fock: reg_mr failed 10 times in a row.
[1764235782.728987824] compute22:rank45.Fock: reg_mr failed: 0xff000005ed000000:0xff000005fcffffff (len 0x10000000) access 0x90000003 id 21 base 0xff0000056d000000: Cannot allocate memory
[1764235782.754664724] compute22:rank45.Fock: reg_mr failed 10 times in a row.
  #Exact exchange calculation:45%; Time (s): Elapsed=84.8358, Remaining=1.04E+02
[1764235784.223131873] compute12:rank11.Fock: reg_mr failed: 0xff000003fd200000:0xff0000040d1fffff (len 0x10000000) access 0x90000003 id 18 base 0xff0000036d200000: Cannot allocate memory
[1764235784.324859873] compute12:rank13.Fock: reg_mr failed: 0xff000005dd000000:0xff000005ecffffff (len 0x10000000) access 0x90000003 id 21 base 0xff0000056d000000: Cannot allocate memory
[1764235784.378311401] compute12:rank11.Fock: reg_mr failed 10 times in a row.
[1764235784.414018696] compute12:rank13.Fock: reg_mr failed 10 times in a row.
[1764235784.710239556] compute12:rank9.Fock: reg_mr failed: 0xff000005ed000000:0xff000005fcffffff (len 0x10000000) access 0x90000003 id 21 base 0xff0000056d000000: Cannot allocate memory
[1764235784.867719535] compute12:rank9.Fock: reg_mr failed: 0xff000005fd000000:0xff0000060cffffff (len 0x10000000) access 0x90000003 id 21 base 0xff0000056d000000: Cannot allocate memory
[1764235784.910357281] compute12:rank9.Fock: reg_mr failed 10 times in a row.
[1764235785.138539352] compute14:rank24.Fock: reg_mr failed: 0xff0000039d200000:0xff000003ad1fffff (len 0x10000000) access 0x90000003 id 18 base 0xff0000036d200000: Cannot allocate memory
[1764235785.286413864] compute12:rank12.Fock: reg_mr failed: 0xff0000039d200000:0xff000003ad1fffff (len 0x10000000) access 0x90000003 id 18 base 0xff0000036d200000: Cannot allocate memory
[1764235785.316866901] compute12:rank12.Fock: reg_mr failed 10 times in a row.
[1764235785.371601068] compute14:rank24.Fock: reg_mr failed: 0xff000003ad200000:0xff000003bd1fffff (len 0x10000000) access 0x90000003 id 18 base 0xff0000036d200000: Cannot allocate memory
[1764235785.467717109] compute14:rank24.Fock: reg_mr failed 10 times in a row.
[1764235785.511915133] compute12:rank12.Fock: reg_mr failed: 0xff000003ad200000:0xff000003bd1fffff (len 0x10000000) access 0x90000003 id 18 base 0xff0000036d200000: Cannot allocate memory
[1764235785.539959819] compute12:rank12.Fock: reg_mr failed 10 times in a row.
[1764235785.627124639] compute12:rank10.Fock: reg_mr failed: 0xff000005dd000000:0xff000005ecffffff (len 0x10000000) access 0x90000003 id 21 base 0xff0000056d000000: Cannot allocate memory
[1764235785.645398029] compute11:rank6.Fock: reg_mr failed: 0xff000005dd000000:0xff000005ecffffff (len 0x10000000) access 0x90000003 id 21 base 0xff0000056d000000: Cannot allocate memory
[1764235785.654808913] compute12:rank10.Fock: reg_mr failed 10 times in a row.
[1764235785.740007833] compute12:rank12.Fock: reg_mr failed: 0xff000003bd200000:0xff000003cd1fffff (len 0x10000000) access 0x90000003 id 18 base 0xff0000036d200000: Cannot allocate memory
[1764235785.767760013] compute12:rank12.Fock: reg_mr failed 10 times in a row.
[1764235785.795230338] compute11:rank6.Fock: reg_mr failed 10 times in a row.
[1764235785.884196309] compute14:rank24.Fock: reg_mr failed: 0xff000003cd200000:0xff000003dd1fffff (len 0x10000000) access 0x90000003 id 18 base 0xff0000036d200000: Cannot allocate memory
[1764235785.911351848] compute14:rank24.Fock: reg_mr failed 10 times in a row.
[1764235785.976846502] compute12:rank12.Fock: reg_mr failed: 0xff000005cd000000:0xff000005dcffffff (len 0x10000000) access 0x90000003 id 21 base 0xff0000056d000000: Cannot allocate memory
[1764235786.004542411] compute12:rank12.Fock: reg_mr failed 10 times in a row.
[1764235787.019821778] compute12:rank15.Fock: reg_mr failed: 0xff000005ad000000:0xff000005bcffffff (len 0x10000000) access 0x90000003 id 21 base 0xff0000056d000000: Cannot allocate memory
[1764235787.045131148] compute12:rank15.Fock: reg_mr failed 10 times in a row.
[1764235788.551390660] compute14:rank29.Fock: reg_mr failed: 0xff000005dd000000:0xff000005ecffffff (len 0x10000000) access 0x90000003 id 21 base 0xff0000056d000000: Cannot allocate memory
[1764235788.592686891] compute14:rank29.Fock: reg_mr failed 10 times in a row.
[1764235789.140736866] compute12:rank11.Fock: reg_mr failed: 0xff00000447c00000:0xff00000457bfffff (len 0x10000000) access 0x90000003 id 19 base 0xff00000417c00000: Cannot allocate memory
[1764235789.167870879] compute12:rank11.Fock: reg_mr failed 10 times in a row.
  #Exact exchange calculation:48%; Time (s): Elapsed=90.3701, Remaining=98.
[1764235790.224932702] compute12:rank11.Fock: reg_mr failed: 0xff000004a7c00000:0xff000004b7bfffff (len 0x10000000) access 0x90000003 id 19 base 0xff00000417c00000: Cannot allocate memory
[1764235790.558077877] compute11:rank2.Fock: reg_mr failed: 0xff00000447c00000:0xff00000457bfffff (len 0x10000000) access 0x90000003 id 19 base 0xff00000417c00000: Cannot allocate memory
[1764235790.586223469] compute11:rank2.Fock: reg_mr failed 10 times in a row.
[1764235791.571206157] compute12:rank12.Fock: reg_mr failed: 0xff000004a7c00000:0xff000004b7bfffff (len 0x10000000) access 0x90000003 id 19 base 0xff00000417c00000: Cannot allocate memory
[1764235791.595276576] compute12:rank12.Fock: reg_mr failed 10 times in a row.
[1764235791.701944993] compute11:rank4.Fock: reg_mr failed: 0xff000005bd000000:0xff000005ccffffff (len 0x10000000) access 0x90000003 id 21 base 0xff0000056d000000: Cannot allocate memory
[1764235791.729205453] compute11:rank4.Fock: reg_mr failed 10 times in a row.
[1764235792.800311781] compute22:rank43.Fock: reg_mr failed: 0xff000005cd000000:0xff000005dcffffff (len 0x10000000) access 0x90000003 id 21 base 0xff0000056d000000: Cannot allocate memory
[1764235792.992717443] compute22:rank43.Fock: reg_mr failed 10 times in a row.
[1764235793.432176936] compute21:rank39.Fock: reg_mr failed: 0xff0000057d000000:0xff0000058cffffff (len 0x10000000) access 0x90000003 id 21 base 0xff0000056d000000: Cannot allocate memory
[1764235793.615144897] compute22:rank45.Fock: reg_mr failed: 0xff000003dd200000:0xff000003ed1fffff (len 0x10000000) access 0x90000003 id 18 base 0xff0000036d200000: Cannot allocate memory
[1764235793.626933475] compute21:rank39.Fock: reg_mr failed 10 times in a row.
[1764235794.011537825] compute21:rank36.Fock: reg_mr failed: 0xff000005ed000000:0xff000005fcffffff (len 0x10000000) access 0x90000003 id 21 base 0xff0000056d000000: Cannot allocate memory
[1764235794.050107699] compute21:rank36.Fock: reg_mr failed 10 times in a row.
[1764235794.086410938] compute14:rank30.Fock: reg_mr failed: 0xff000005bd000000:0xff000005ccffffff (len 0x10000000) access 0x90000003 id 21 base 0xff0000056d000000: Cannot allocate memory
[1764235794.276011158] compute14:rank30.Fock: reg_mr failed 10 times in a row.
[1764235794.599892673] compute14:rank30.Fock: reg_mr failed: 0xff000003bd200000:0xff000003cd1fffff (len 0x10000000) access 0x90000003 id 18 base 0xff0000036d200000: Cannot allocate memory
[1764235794.617882218] compute21:rank39.Fock: reg_mr failed: 0xff000005ed000000:0xff000005fcffffff (len 0x10000000) access 0x90000003 id 21 base 0xff0000056d000000: Cannot allocate memory
[1764235794.627397020] compute14:rank30.Fock: reg_mr failed 10 times in a row.
[1764235794.645431928] compute21:rank39.Fock: reg_mr failed 10 times in a row.
[1764235794.755135839] compute31:rank62.Fock: reg_mr failed: 0xff000003bd200000:0xff000003cd1fffff (len 0x10000000) access 0x90000003 id 18 base 0xff0000036d200000: Cannot allocate memory
[1764235794.807129506] compute12:rank11.Fock: reg_mr failed: 0xff000003bd200000:0xff000003cd1fffff (len 0x10000000) access 0x90000003 id 18 base 0xff0000036d200000: Cannot allocate memory
[1764235794.933076838] compute31:rank62.Fock: reg_mr failed 10 times in a row.
  #Exact exchange calculation:51%; Time (s): Elapsed=95.9451, Remaining=92.
[1764235796.292728411] compute11:rank0.Fock: reg_mr failed: 0xff000003ed200000:0xff000003fd1fffff (len 0x10000000) access 0x90000003 id 18 base 0xff0000036d200000: Cannot allocate memory
[1764235796.657197321] compute12:rank12.Fock: reg_mr failed: 0xff0000039d200000:0xff000003ad1fffff (len 0x10000000) access 0x90000003 id 18 base 0xff0000036d200000: Cannot allocate memory
[1764235796.801848865] compute12:rank12.Fock: reg_mr failed 10 times in a row.
[1764235796.843342854] compute11:rank6.Fock: reg_mr failed: 0xff000005bd000000:0xff000005ccffffff (len 0x10000000) access 0x90000003 id 21 base 0xff0000056d000000: Cannot allocate memory
[1764235796.945757122] compute11:rank6.Fock: reg_mr failed 10 times in a row.
[1764235797.646038371] compute13:rank17.Fock: reg_mr failed: 0xff000005bd000000:0xff000005ccffffff (len 0x10000000) access 0x90000003 id 21 base 0xff0000056d000000: Cannot allocate memory
[1764235797.798646084] compute13:rank17.Fock: reg_mr failed 10 times in a row.
[1764235797.919709283] compute22:rank40.Fock: reg_mr failed: 0xff0000057d000000:0xff0000058cffffff (len 0x10000000) access 0x90000003 id 21 base 0xff0000056d000000: Cannot allocate memory
[1764235798.106690671] compute22:rank40.Fock: reg_mr failed 10 times in a row.
[1764235798.373537535] compute22:rank40.Fock: reg_mr failed: 0xff0000058d000000:0xff0000059cffffff (len 0x10000000) access 0x90000003 id 21 base 0xff0000056d000000: Cannot allocate memory
[1764235798.417668755] compute22:rank40.Fock: reg_mr failed 10 times in a row.
[1764235798.600384426] compute22:rank40.Fock: reg_mr failed: 0xff00000477c00000:0xff00000487bfffff (len 0x10000000) access 0x90000003 id 19 base 0xff00000417c00000: Cannot allocate memory
[1764235798.641189760] compute22:rank40.Fock: reg_mr failed 10 times in a row.
[1764235798.707822963] compute22:rank41.Fock: reg_mr failed: 0xff00000477c00000:0xff00000487bfffff (len 0x10000000) access 0x90000003 id 19 base 0xff00000417c00000: Cannot allocate memory
[1764235798.739020021] compute22:rank41.Fock: reg_mr failed 10 times in a row.
[1764235798.841546450] compute22:rank40.Fock: reg_mr failed: 0xff000005ad000000:0xff000005bcffffff (len 0x10000000) access 0x90000003 id 21 base 0xff0000056d000000: Cannot allocate memory
[1764235798.881257205] compute22:rank40.Fock: reg_mr failed 10 times in a row.
[1764235799.725722879] compute21:rank35.Fock: reg_mr failed: 0xff00000487c00000:0xff00000497bfffff (len 0x10000000) access 0x90000003 id 19 base 0xff00000417c00000: Cannot allocate memory
[1764235799.875328429] compute21:rank35.Fock: reg_mr failed 10 times in a row.
  #Exact exchange calculation:54%; Time (s): Elapsed=101.5373, Remaining=86.
[1764235800.885508836] compute11:rank7.Fock: reg_mr failed: 0xff0000058d000000:0xff0000059cffffff (len 0x10000000) access 0x90000003 id 21 base 0xff0000056d000000: Cannot allocate memory
[1764235800.912230140] compute11:rank7.Fock: reg_mr failed 10 times in a row.
[1764235801.094881129] compute12:rank9.Fock: reg_mr failed: 0xff000005cd000000:0xff000005dcffffff (len 0x10000000) access 0x90000003 id 21 base 0xff0000056d000000: Cannot allocate memory
[1764235801.283561673] compute12:rank9.Fock: reg_mr failed 10 times in a row.
[1764235801.302353395] compute11:rank5.Fock: reg_mr failed: 0xff00000437c00000:0xff00000447bfffff (len 0x10000000) access 0x90000003 id 19 base 0xff00000417c00000: Cannot allocate memory
[1764235801.488618383] compute11:rank5.Fock: reg_mr failed 10 times in a row.
[1764235801.558459442] compute11:rank2.Fock: reg_mr failed: 0xff00000427c00000:0xff00000437bfffff (len 0x10000000) access 0x90000003 id 19 base 0xff00000417c00000: Cannot allocate memory
[1764235801.589249567] compute11:rank2.Fock: reg_mr failed 10 times in a row.
[1764235801.763702063] compute11:rank7.Fock: reg_mr failed: 0xff00000497c00000:0xff000004a7bfffff (len 0x10000000) access 0x90000003 id 19 base 0xff00000417c00000: Cannot allocate memory
[1764235801.795040915] compute11:rank7.Fock: reg_mr failed 10 times in a row.
[1764235801.879133437] compute12:rank12.Fock: reg_mr failed: 0xff00000447c00000:0xff00000457bfffff (len 0x10000000) access 0x90000003 id 19 base 0xff00000417c00000: Cannot allocate memory
[1764235802.645557003] compute11:rank2.Fock: reg_mr failed: 0xff000005fd000000:0xff0000060cffffff (len 0x10000000) access 0x90000003 id 21 base 0xff0000056d000000: Cannot allocate memory
[1764235802.669768102] compute11:rank2.Fock: reg_mr failed 10 times in a row.
[1764235803.325168778] compute11:rank4.Fock: reg_mr failed: 0xff000005dd000000:0xff000005ecffffff (len 0x10000000) access 0x90000003 id 21 base 0xff0000056d000000: Cannot allocate memory
[1764235804.608521732] compute14:rank31.Fock: reg_mr failed: 0xff0000057d000000:0xff0000058cffffff (len 0x10000000) access 0x90000003 id 21 base 0xff0000056d000000: Cannot allocate memory
[1764235804.629773606] compute11:rank3.Fock: reg_mr failed: 0xff000005bd000000:0xff000005ccffffff (len 0x10000000) access 0x90000003 id 21 base 0xff0000056d000000: Cannot allocate memory
[1764235804.653733623] compute11:rank3.Fock: reg_mr failed 10 times in a row.
[1764235804.742879390] compute31:rank58.Fock: reg_mr failed: 0xff000003fd200000:0xff0000040d1fffff (len 0x10000000) access 0x90000003 id 18 base 0xff0000036d200000: Cannot allocate memory
[1764235804.787796195] compute14:rank31.Fock: reg_mr failed 10 times in a row.
[1764235804.865047447] compute14:rank31.Fock: reg_mr failed: 0xff0000057d000000:0xff0000058cffffff (len 0x10000000) access 0x90000003 id 21 base 0xff0000056d000000: Cannot allocate memory
[1764235804.882293412] compute12:rank13.Fock: reg_mr failed: 0xff000005cd000000:0xff000005dcffffff (len 0x10000000) access 0x90000003 id 21 base 0xff0000056d000000: Cannot allocate memory
[1764235804.906903325] compute31:rank58.Fock: reg_mr failed 10 times in a row.
[1764235805.364504697] compute31:rank62.Fock: reg_mr failed: 0xff0000057d000000:0xff0000058cffffff (len 0x10000000) access 0x90000003 id 21 base 0xff0000056d000000: Cannot allocate memory
[1764235805.410614334] compute31:rank62.Fock: reg_mr failed 10 times in a row.
[1764235805.587597769] compute21:rank37.Fock: reg_mr failed: 0xff000003ed200000:0xff000003fd1fffff (len 0x10000000) access 0x90000003 id 18 base 0xff0000036d200000: Cannot allocate memory
[1764235805.771832051] compute21:rank37.Fock: reg_mr failed 10 times in a row.
[1764235806.051216050] compute22:rank40.Fock: reg_mr failed: 0xff000003bd200000:0xff000003cd1fffff (len 0x10000000) access 0x90000003 id 18 base 0xff0000036d200000: Cannot allocate memory
[1764235806.233815527] compute22:rank40.Fock: reg_mr failed 10 times in a row.
  #Exact exchange calculation:57%; Time (s): Elapsed=107.1127, Remaining=81.
[1764235806.253519134] compute12:rank9.Fock: reg_mr failed: 0xff0000038d200000:0xff0000039d1fffff (len 0x10000000) access 0x90000003 id 18 base 0xff0000036d200000: Cannot allocate memory
[1764235806.437335026] compute12:rank9.Fock: reg_mr failed 10 times in a row.
[1764235806.821462917] compute11:rank7.Fock: reg_mr failed: 0xff000005cd000000:0xff000005dcffffff (len 0x10000000) access 0x90000003 id 21 base 0xff0000056d000000: Cannot allocate memory
[1764235807.004846556] compute11:rank7.Fock: reg_mr failed 10 times in a row.
[1764235808.060489660] compute21:rank35.Fock: reg_mr failed: 0xff0000038d200000:0xff0000039d1fffff (len 0x10000000) access 0x90000003 id 18 base 0xff0000036d200000: Cannot allocate memory
[1764235808.088227558] compute21:rank35.Fock: reg_mr failed 10 times in a row.
[1764235808.741943538] compute11:rank6.Fock: reg_mr failed: 0xff000005fd000000:0xff0000060cffffff (len 0x10000000) access 0x90000003 id 21 base 0xff0000056d000000: Cannot allocate memory
[1764235808.770906887] compute11:rank6.Fock: reg_mr failed 10 times in a row.
[1764235810.098583651] compute21:rank37.Fock: reg_mr failed: 0xff00000497c00000:0xff000004a7bfffff (len 0x10000000) access 0x90000003 id 19 base 0xff00000417c00000: Cannot allocate memory
[1764235810.134747848] compute21:rank37.Fock: reg_mr failed 10 times in a row.
[1764235810.176381244] compute11:rank3.Fock: reg_mr failed: 0xff0000057d000000:0xff0000058cffffff (len 0x10000000) access 0x90000003 id 21 base 0xff0000056d000000: Cannot allocate memory
[1764235810.201205270] compute11:rank3.Fock: reg_mr failed 10 times in a row.
[1764235810.330532870] compute21:rank35.Fock: reg_mr failed: 0xff00000487c00000:0xff00000497bfffff (len 0x10000000) access 0x90000003 id 19 base 0xff00000417c00000: Cannot allocate memory
[1764235810.370113429] compute21:rank35.Fock: reg_mr failed 10 times in a row.
[1764235810.907991885] compute14:rank30.Fock: reg_mr failed: 0xff00000467c00000:0xff00000477bfffff (len 0x10000000) access 0x90000003 id 19 base 0xff00000417c00000: Cannot allocate memory
[1764235810.975783579] compute21:rank39.Fock: reg_mr failed: 0xff000005fd000000:0xff0000060c33338f (len 0xf333390) access 0x90000003 id 21 base 0xff0000056d000000: Cannot allocate memory
[1764235811.088049101] compute14:rank30.Fock: reg_mr failed 10 times in a row.
[1764235811.156867157] compute21:rank39.Fock: reg_mr failed 10 times in a row.
[1764235811.168166426] compute14:rank30.Fock: reg_mr failed: 0xff00000467c00000:0xff00000477bfffff (len 0x10000000) access 0x90000003 id 19 base 0xff00000417c00000: Cannot allocate memory
[1764235811.778707110] compute31:rank59.Fock: reg_mr failed: 0xff00000447c00000:0xff00000457bfffff (len 0x10000000) access 0x90000003 id 19 base 0xff00000417c00000: Cannot allocate memory
  #Exact exchange calculation:60%; Time (s): Elapsed=112.6891, Remaining=75.
[1764235811.827968866] compute22:rank40.Fock: reg_mr failed: 0xff000005bd000000:0xff000005ccffffff (len 0x10000000) access 0x90000003 id 21 base 0xff0000056d000000: Cannot allocate memory
[1764235811.970940464] compute31:rank59.Fock: reg_mr failed 10 times in a row.
[1764235811.985164943] compute22:rank40.Fock: reg_mr failed 10 times in a row.
[1764235812.253884631] compute14:rank26.Fock: reg_mr failed: 0xff00000467c00000:0xff00000477bfffff (len 0x10000000) access 0x90000003 id 19 base 0xff00000417c00000: Cannot allocate memory
[1764235812.283247561] compute14:rank26.Fock: reg_mr failed 10 times in a row.
[1764235812.321541859] compute12:rank9.Fock: reg_mr failed: 0xff000005dd000000:0xff000005ecffffff (len 0x10000000) access 0x90000003 id 21 base 0xff0000056d000000: Cannot allocate memory
[1764235812.347228509] compute12:rank8.Fock: reg_mr failed: 0xff00000437c00000:0xff00000447bfffff (len 0x10000000) access 0x90000003 id 19 base 0xff00000417c00000: Cannot allocate memory
[1764235812.432410830] compute12:rank9.Fock: reg_mr failed 10 times in a row.
[1764235812.497179630] compute12:rank8.Fock: reg_mr failed 10 times in a row.
[1764235812.751026249] compute11:rank5.Fock: reg_mr failed: 0xff000005ed000000:0xff000005fcffffff (len 0x10000000) access 0x90000003 id 21 base 0xff0000056d000000: Cannot allocate memory
[1764235812.851928500] compute12:rank8.Fock: reg_mr failed: 0xff00000457c00000:0xff00000467bfffff (len 0x10000000) access 0x90000003 id 19 base 0xff00000417c00000: Cannot allocate memory
[1764235812.884098680] compute12:rank8.Fock: reg_mr failed 10 times in a row.
[1764235813.147070067] compute12:rank12.Fock: reg_mr failed: 0xff0000059d000000:0xff000005acffffff (len 0x10000000) access 0x90000003 id 21 base 0xff0000056d000000: Cannot allocate memory
[1764235813.179488935] compute12:rank12.Fock: reg_mr failed 10 times in a row.
[1764235813.206687701] compute12:rank8.Fock: reg_mr failed: 0xff00000477c00000:0xff00000487bfffff (len 0x10000000) access 0x90000003 id 19 base 0xff00000417c00000: Cannot allocate memory
[1764235813.236490000] compute12:rank8.Fock: reg_mr failed 10 times in a row.
[1764235813.352859688] compute12:rank12.Fock: reg_mr failed: 0xff000005ad000000:0xff000005bcffffff (len 0x10000000) access 0x90000003 id 21 base 0xff0000056d000000: Cannot allocate memory
[1764235813.635189474] compute12:rank12.Fock: reg_mr failed: 0xff000005cd000000:0xff000005dcffffff (len 0x10000000) access 0x90000003 id 21 base 0xff0000056d000000: Cannot allocate memory
[1764235813.667461040] compute12:rank12.Fock: reg_mr failed 10 times in a row.
[1764235813.779238185] compute12:rank15.Fock: reg_mr failed: 0xff000005cd000000:0xff000005dcffffff (len 0x10000000) access 0x90000003 id 21 base 0xff0000056d000000: Cannot allocate memory
[1764235813.804322498] compute12:rank15.Fock: reg_mr failed 10 times in a row.
[1764235814.146463714] compute11:rank4.Fock: reg_mr failed: 0xff00000457c00000:0xff00000467bfffff (len 0x10000000) access 0x90000003 id 19 base 0xff00000417c00000: Cannot allocate memory
[1764235814.259592408] compute11:rank4.Fock: reg_mr failed 10 times in a row.
[1764235814.265891344] compute11:rank6.Fock: reg_mr failed: 0xff000005ed000000:0xff000005fcffffff (len 0x10000000) access 0x90000003 id 21 base 0xff0000056d000000: Cannot allocate memory
[1764235814.298363199] compute11:rank6.Fock: reg_mr failed 10 times in a row.
[1764235814.486930557] compute11:rank6.Fock: reg_mr failed: 0xff000005fd000000:0xff0000060cffffff (len 0x10000000) access 0x90000003 id 21 base 0xff0000056d000000: Cannot allocate memory
[1764235814.517715325] compute11:rank6.Fock: reg_mr failed 10 times in a row.
[1764235815.456229630] compute21:rank34.Fock: reg_mr failed: 0xff000003dd200000:0xff000003ed1fffff (len 0x10000000) access 0x90000003 id 18 base 0xff0000036d200000: Cannot allocate memory
[1764235815.482628441] compute21:rank34.Fock: reg_mr failed 10 times in a row.
[1764235815.922335804] compute31:rank58.Fock: reg_mr failed: 0xff0000058d000000:0xff0000059cffffff (len 0x10000000) access 0x90000003 id 21 base 0xff0000056d000000: Cannot allocate memory
[1764235815.969009618] compute31:rank58.Fock: reg_mr failed 10 times in a row.
[1764235815.995529611] compute11:rank3.Fock: reg_mr failed: 0xff0000057d000000:0xff0000058cffffff (len 0x10000000) access 0x90000003 id 21 base 0xff0000056d000000: Cannot allocate memory
[1764235816.022571226] compute11:rank3.Fock: reg_mr failed 10 times in a row.
[1764235816.235283540] compute31:rank56.Fock: reg_mr failed: 0xff0000059d000000:0xff000005acffffff (len 0x10000000) access 0x90000003 id 21 base 0xff0000056d000000: Cannot allocate memory
[1764235816.262715073] compute31:rank56.Fock: reg_mr failed 10 times in a row.
[1764235816.861216819] compute22:rank43.Fock: reg_mr failed: 0xff0000038d200000:0xff0000039d1fffff (len 0x10000000) access 0x90000003 id 18 base 0xff0000036d200000: Cannot allocate memory
  #Exact exchange calculation:63%; Time (s): Elapsed=118.2613, Remaining=69.
[1764235818.707388136] compute11:rank5.Fock: reg_mr failed: 0xff000003fd200000:0xff0000040d1fffff (len 0x10000000) access 0x90000003 id 18 base 0xff0000036d200000: Cannot allocate memory
[1764235818.733017424] compute13:rank17.Fock: reg_mr failed: 0xff0000058d000000:0xff0000059cffffff (len 0x10000000) access 0x90000003 id 21 base 0xff0000056d000000: Cannot allocate memory
[1764235818.888879499] compute11:rank5.Fock: reg_mr failed 10 times in a row.
[1764235818.893568892] compute13:rank17.Fock: reg_mr failed 10 times in a row.
[1764235819.043094880] compute12:rank10.Fock: reg_mr failed: 0xff000005cd000000:0xff000005dcffffff (len 0x10000000) access 0x90000003 id 21 base 0xff0000056d000000: Cannot allocate memory
[1764235819.212003923] compute12:rank10.Fock: reg_mr failed 10 times in a row.
[1764235819.513675527] compute13:rank17.Fock: reg_mr failed: 0xff000005dd000000:0xff000005ecffffff (len 0x10000000) access 0x90000003 id 21 base 0xff0000056d000000: Cannot allocate memory
[1764235819.542175232] compute13:rank17.Fock: reg_mr failed 10 times in a row.
[1764235819.920601686] compute11:rank4.Fock: reg_mr failed: 0xff000005cd000000:0xff000005dcffffff (len 0x10000000) access 0x90000003 id 21 base 0xff0000056d000000: Cannot allocate memory
[1764235819.951770212] compute11:rank4.Fock: reg_mr failed 10 times in a row.
[1764235820.082969388] compute11:rank4.Fock: reg_mr failed: 0xff000005dd000000:0xff000005ecffffff (len 0x10000000) access 0x90000003 id 21 base 0xff0000056d000000: Cannot allocate memory
[1764235820.111809655] compute11:rank4.Fock: reg_mr failed 10 times in a row.
[1764235820.706787111] compute12:rank13.Fock: reg_mr failed: 0xff00000477c00000:0xff00000487bfffff (len 0x10000000) access 0x90000003 id 19 base 0xff00000417c00000: Cannot allocate memory
[1764235820.912605106] compute21:rank37.Fock: reg_mr failed: 0xff00000467c00000:0xff00000477bfffff (len 0x10000000) access 0x90000003 id 19 base 0xff00000417c00000: Cannot allocate memory
[1764235821.094740404] compute21:rank37.Fock: reg_mr failed 10 times in a row.
[1764235821.737053857] compute31:rank60.Fock: reg_mr failed: 0xff00000457c00000:0xff00000467bfffff (len 0x10000000) access 0x90000003 id 19 base 0xff00000417c00000: Cannot allocate memory
[1764235821.897142752] compute31:rank60.Fock: reg_mr failed 10 times in a row.
[1764235821.918905896] compute31:rank57.Fock: reg_mr failed: 0xff00000467c00000:0xff00000477bfffff (len 0x10000000) access 0x90000003 id 19 base 0xff00000417c00000: Cannot allocate memory
[1764235822.021506878] compute11:rank3.Fock: reg_mr failed: 0xff0000057d000000:0xff0000058cffffff (len 0x10000000) access 0x90000003 id 21 base 0xff0000056d000000: Cannot allocate memory
[1764235822.052935237] compute11:rank3.Fock: reg_mr failed 10 times in a row.
  #Exact exchange calculation:66%; Time (s): Elapsed=123.8392, Remaining=64.
[1764235823.004300752] compute11:rank5.Fock: reg_mr failed: 0xff00000427c00000:0xff00000437bfffff (len 0x10000000) access 0x90000003 id 19 base 0xff00000417c00000: Cannot allocate memory
[1764235823.037016909] compute11:rank5.Fock: reg_mr failed 10 times in a row.
[1764235824.420889715] compute12:rank15.Fock: reg_mr failed: 0xff000005ed000000:0xff000005fcffffff (len 0x10000000) access 0x90000003 id 21 base 0xff0000056d000000: Cannot allocate memory
[1764235824.699814016] compute11:rank2.Fock: reg_mr failed: 0xff00000477c00000:0xff00000487bfffff (len 0x10000000) access 0x90000003 id 19 base 0xff00000417c00000: Cannot allocate memory
[1764235824.870883726] compute11:rank2.Fock: reg_mr failed 10 times in a row.
[1764235825.311054260] compute11:rank2.Fock: reg_mr failed: 0xff000005ad000000:0xff000005bcffffff (len 0x10000000) access 0x90000003 id 21 base 0xff0000056d000000: Cannot allocate memory
[1764235825.338209983] compute11:rank2.Fock: reg_mr failed 10 times in a row.
[1764235826.187304308] compute21:rank35.Fock: reg_mr failed: 0xff000003dd200000:0xff000003ed1fffff (len 0x10000000) access 0x90000003 id 18 base 0xff0000036d200000: Cannot allocate memory
[1764235826.354949994] compute21:rank35.Fock: reg_mr failed 10 times in a row.
[1764235826.564665237] compute31:rank56.Fock: reg_mr failed: 0xff0000059d000000:0xff000005acffffff (len 0x10000000) access 0x90000003 id 21 base 0xff0000056d000000: Cannot allocate memory
[1764235827.129612623] compute31:rank59.Fock: reg_mr failed: 0xff000003cd200000:0xff000003dd1fffff (len 0x10000000) access 0x90000003 id 18 base 0xff0000036d200000: Cannot allocate memory
[1764235827.136643370] compute23:rank53.Fock: reg_mr failed: 0xff0000038d200000:0xff0000039d1fffff (len 0x10000000) access 0x90000003 id 18 base 0xff0000036d200000: Cannot allocate memory
[1764235827.324963151] compute31:rank59.Fock: reg_mr failed 10 times in a row.
[1764235827.328514484] compute23:rank53.Fock: reg_mr failed 10 times in a row.
  #Exact exchange calculation:69%; Time (s): Elapsed=129.4121, Remaining=58.
[1764235830.057414198] compute12:rank12.Fock: reg_mr failed: 0xff000005ad000000:0xff000005bcffffff (len 0x10000000) access 0x90000003 id 21 base 0xff0000056d000000: Cannot allocate memory
[1764235830.210707060] compute12:rank12.Fock: reg_mr failed 10 times in a row.
[1764235830.766565666] compute12:rank12.Fock: reg_mr failed: 0xff000005fd000000:0xff0000060cffffff (len 0x10000000) access 0x90000003 id 21 base 0xff0000056d000000: Cannot allocate memory
[1764235830.788212987] compute11:rank6.Fock: reg_mr failed: 0xff0000058d000000:0xff0000059cffffff (len 0x10000000) access 0x90000003 id 21 base 0xff0000056d000000: Cannot allocate memory
[1764235830.801662222] compute12:rank12.Fock: reg_mr failed 10 times in a row.
[1764235830.964741927] compute11:rank6.Fock: reg_mr failed 10 times in a row.
[1764235831.977231871] compute21:rank36.Fock: reg_mr failed: 0xff00000467c00000:0xff00000477bfffff (len 0x10000000) access 0x90000003 id 19 base 0xff00000417c00000: Cannot allocate memory
[1764235832.170299335] compute21:rank36.Fock: reg_mr failed 10 times in a row.
[1764235832.278638902] compute31:rank57.Fock: reg_mr failed: 0xff000005bd000000:0xff000005ccffffff (len 0x10000000) access 0x90000003 id 21 base 0xff0000056d000000: Cannot allocate memory
[1764235832.481025785] compute31:rank57.Fock: reg_mr failed 10 times in a row.
[1764235834.094060939] compute11:rank3.Fock: reg_mr failed: 0xff0000057d000000:0xff0000058cffffff (len 0x10000000) access 0x90000003 id 21 base 0xff0000056d000000: Cannot allocate memory
  #Exact exchange calculation:72%; Time (s): Elapsed=134.9826, Remaining=52.
[1764235834.122265073] compute11:rank3.Fock: reg_mr failed 10 times in a row.
[1764235834.191096979] compute12:rank15.Fock: reg_mr failed: 0xff00000437c00000:0xff00000447bfffff (len 0x10000000) access 0x90000003 id 19 base 0xff00000417c00000: Cannot allocate memory
[1764235834.215489175] compute12:rank15.Fock: reg_mr failed 10 times in a row.
[1764235834.601822924] compute12:rank15.Fock: reg_mr failed: 0xff00000467c00000:0xff00000477bfffff (len 0x10000000) access 0x90000003 id 19 base 0xff00000417c00000: Cannot allocate memory
[1764235834.625828772] compute12:rank15.Fock: reg_mr failed 10 times in a row.
[1764235835.262860229] compute12:rank10.Fock: reg_mr failed: 0xff0000057d000000:0xff0000058cffffff (len 0x10000000) access 0x90000003 id 21 base 0xff0000056d000000: Cannot allocate memory
[1764235835.413005503] compute12:rank10.Fock: reg_mr failed 10 times in a row.
[1764235836.024893775] compute12:rank10.Fock: reg_mr failed: 0xff000005bd000000:0xff000005ccffffff (len 0x10000000) access 0x90000003 id 21 base 0xff0000056d000000: Cannot allocate memory
[1764235836.434900947] compute22:rank47.Fock: reg_mr failed: 0xff0000058d000000:0xff0000059cffffff (len 0x10000000) access 0x90000003 id 21 base 0xff0000056d000000: Cannot allocate memory
[1764235836.619221562] compute22:rank47.Fock: reg_mr failed 10 times in a row.
[1764235837.101652868] compute11:rank6.Fock: reg_mr failed: 0xff00000467c00000:0xff00000477bfffff (len 0x10000000) access 0x90000003 id 19 base 0xff00000417c00000: Cannot allocate memory
[1764235837.260050352] compute11:rank6.Fock: reg_mr failed 10 times in a row.
[1764235837.469321042] compute11:rank6.Fock: reg_mr failed: 0xff00000477c00000:0xff00000487bfffff (len 0x10000000) access 0x90000003 id 19 base 0xff00000417c00000: Cannot allocate memory
[1764235837.501582208] compute11:rank6.Fock: reg_mr failed 10 times in a row.
[1764235837.648678325] compute11:rank6.Fock: reg_mr failed: 0xff00000487c00000:0xff00000497bfffff (len 0x10000000) access 0x90000003 id 19 base 0xff00000417c00000: Cannot allocate memory
[1764235837.679318272] compute11:rank6.Fock: reg_mr failed 10 times in a row.
[1764235838.103207105] compute12:rank13.Fock: reg_mr failed: 0xff0000038d200000:0xff0000039d1fffff (len 0x10000000) access 0x90000003 id 18 base 0xff0000036d200000: Cannot allocate memory
[1764235838.127247614] compute12:rank13.Fock: reg_mr failed 10 times in a row.
[1764235838.994772011] compute13:rank23.Fock: reg_mr failed: 0xff0000038d200000:0xff0000039d1fffff (len 0x10000000) access 0x90000003 id 18 base 0xff0000036d200000: Cannot allocate memory
  #Exact exchange calculation:75%; Time (s): Elapsed=140.5748, Remaining=47.
[1764235841.014268506] compute22:rank45.Fock: reg_mr failed: 0xff0000058d000000:0xff0000059cffffff (len 0x10000000) access 0x90000003 id 21 base 0xff0000056d000000: Cannot allocate memory
[1764235841.042504164] compute22:rank45.Fock: reg_mr failed 10 times in a row.
[1764235841.256194394] compute22:rank45.Fock: reg_mr failed: 0xff0000059d000000:0xff000005acffffff (len 0x10000000) access 0x90000003 id 21 base 0xff0000056d000000: Cannot allocate memory
[1764235841.279995450] compute22:rank45.Fock: reg_mr failed 10 times in a row.
[1764235842.099893512] compute14:rank24.Fock: reg_mr failed: 0xff000003ad200000:0xff000003bd1fffff (len 0x10000000) access 0x90000003 id 18 base 0xff0000036d200000: Cannot allocate memory
[1764235842.120913237] compute22:rank45.Fock: reg_mr failed: 0xff000003fd200000:0xff0000040d1fffff (len 0x10000000) access 0x90000003 id 18 base 0xff0000036d200000: Cannot allocate memory
[1764235842.305567377] compute22:rank45.Fock: reg_mr failed 10 times in a row.
[1764235842.534190315] compute14:rank24.Fock: reg_mr failed: 0xff000003dd200000:0xff000003ed1fffff (len 0x10000000) access 0x90000003 id 18 base 0xff0000036d200000: Cannot allocate memory
[1764235842.682575985] compute14:rank24.Fock: reg_mr failed 10 times in a row.
[1764235842.828165265] compute11:rank4.Fock: reg_mr failed: 0xff0000037d200000:0xff0000038d1fffff (len 0x10000000) access 0x90000003 id 18 base 0xff0000036d200000: Cannot allocate memory
[1764235843.008738933] compute11:rank4.Fock: reg_mr failed 10 times in a row.
[1764235844.804001929] compute13:rank22.Fock: reg_mr failed: 0xff00000477c00000:0xff00000487bfffff (len 0x10000000) access 0x90000003 id 19 base 0xff00000417c00000: Cannot allocate memory
[1764235845.006173151] compute13:rank22.Fock: reg_mr failed 10 times in a row.
  #Exact exchange calculation:79%; Time (s): Elapsed=146.1711, Remaining=39.
[1764235845.629880875] compute11:rank3.Fock: reg_mr failed: 0xff0000057d000000:0xff0000058cffffff (len 0x10000000) access 0x90000003 id 21 base 0xff0000056d000000: Cannot allocate memory
[1764235845.655303345] compute11:rank3.Fock: reg_mr failed 10 times in a row.
[1764235847.064557772] compute22:rank44.Fock: reg_mr failed: 0xff00000437c00000:0xff00000447bfffff (len 0x10000000) access 0x90000003 id 19 base 0xff00000417c00000: Cannot allocate memory
[1764235847.103178476] compute22:rank44.Fock: reg_mr failed 10 times in a row.
[1764235848.232299578] compute11:rank6.Fock: reg_mr failed: 0xff000005cd000000:0xff000005dcffffff (len 0x10000000) access 0x90000003 id 21 base 0xff0000056d000000: Cannot allocate memory
[1764235848.393867144] compute11:rank6.Fock: reg_mr failed 10 times in a row.
[1764235849.030423023] compute13:rank20.Fock: reg_mr failed: 0xff0000038d200000:0xff0000039d1fffff (len 0x10000000) access 0x90000003 id 18 base 0xff0000036d200000: Cannot allocate memory
[1764235849.066340317] compute13:rank20.Fock: reg_mr failed 10 times in a row.
[1764235849.755746151] compute13:rank20.Fock: reg_mr failed: 0xff000003dd200000:0xff000003ed1fffff (len 0x10000000) access 0x90000003 id 18 base 0xff0000036d200000: Cannot allocate memory
[1764235849.830169313] compute13:rank20.Fock: reg_mr failed 10 times in a row.
[1764235849.933193014] compute21:rank35.Fock: reg_mr failed: 0xff0000037d200000:0xff0000038d1fffff (len 0x10000000) access 0x90000003 id 18 base 0xff0000036d200000: Cannot allocate memory
[1764235850.118170700] compute21:rank35.Fock: reg_mr failed 10 times in a row.
[1764235850.297884492] compute13:rank22.Fock: reg_mr failed: 0xff000005fd000000:0xff0000060c33338f (len 0xf333390) access 0x90000003 id 21 base 0xff0000056d000000: Cannot allocate memory
[1764235850.329605020] compute13:rank22.Fock: reg_mr failed 10 times in a row.
[1764235850.734378904] compute21:rank35.Fock: reg_mr failed: 0xff000003bd200000:0xff000003cd1fffff (len 0x10000000) access 0x90000003 id 18 base 0xff0000036d200000: Cannot allocate memory
  #Exact exchange calculation:82%; Time (s): Elapsed=151.7682, Remaining=33.
[1764235851.593608257] compute21:rank38.Fock: reg_mr failed: 0xff0000057d000000:0xff0000058cffffff (len 0x10000000) access 0x90000003 id 21 base 0xff0000056d000000: Cannot allocate memory
[1764235851.641998745] compute14:rank25.Fock: reg_mr failed: 0xff0000038d200000:0xff0000039d1fffff (len 0x10000000) access 0x90000003 id 18 base 0xff0000036d200000: Cannot allocate memory
[1764235851.803204778] compute14:rank25.Fock: reg_mr failed 10 times in a row.
[1764235852.666776582] compute14:rank26.Fock: reg_mr failed: 0xff0000057d000000:0xff0000058cffffff (len 0x10000000) access 0x90000003 id 21 base 0xff0000056d000000: Cannot allocate memory
[1764235852.724161440] compute14:rank27.Fock: reg_mr failed: 0xff0000037d200000:0xff0000038d1fffff (len 0x10000000) access 0x90000003 id 18 base 0xff0000036d200000: Cannot allocate memory
[1764235852.727212146] compute14:rank26.Fock: reg_mr failed 10 times in a row.
[1764235852.769771460] compute14:rank27.Fock: reg_mr failed 10 times in a row.
[1764235853.031496804] compute14:rank26.Fock: reg_mr failed: 0xff0000059d000000:0xff000005acffffff (len 0x10000000) access 0x90000003 id 21 base 0xff0000056d000000: Cannot allocate memory
[1764235853.066875416] compute14:rank26.Fock: reg_mr failed 10 times in a row.
[1764235853.350941275] compute14:rank28.Fock: reg_mr failed: 0xff000005cd000000:0xff000005dcffffff (len 0x10000000) access 0x90000003 id 21 base 0xff0000056d000000: Cannot allocate memory
[1764235853.381461635] compute14:rank28.Fock: reg_mr failed 10 times in a row.
[1764235853.509936065] compute11:rank4.Fock: reg_mr failed: 0xff0000037d200000:0xff0000038d1fffff (len 0x10000000) access 0x90000003 id 18 base 0xff0000036d200000: Cannot allocate memory
[1764235853.517275948] compute14:rank28.Fock: reg_mr failed: 0xff000005dd000000:0xff000005ecffffff (len 0x10000000) access 0x90000003 id 21 base 0xff0000056d000000: Cannot allocate memory
[1764235853.544762865] compute14:rank28.Fock: reg_mr failed 10 times in a row.
[1764235853.679289189] compute11:rank4.Fock: reg_mr failed 10 times in a row.
[1764235853.952842323] compute11:rank6.Fock: reg_mr failed: 0xff000003dd200000:0xff000003ed1fffff (len 0x10000000) access 0x90000003 id 18 base 0xff0000036d200000: Cannot allocate memory
[1764235854.096651582] compute11:rank6.Fock: reg_mr failed: 0xff000005ed000000:0xff000005fcffffff (len 0x10000000) access 0x90000003 id 21 base 0xff0000056d000000: Cannot allocate memory
[1764235854.127453901] compute11:rank6.Fock: reg_mr failed 10 times in a row.
[1764235854.588741431] compute13:rank18.Fock: reg_mr failed: 0xff0000059d000000:0xff000005acffffff (len 0x10000000) access 0x90000003 id 21 base 0xff0000056d000000: Cannot allocate memory
[1764235854.630076188] compute13:rank18.Fock: reg_mr failed 10 times in a row.
[1764235854.765150303] compute13:rank19.Fock: reg_mr failed: 0xff00000447c00000:0xff00000457bfffff (len 0x10000000) access 0x90000003 id 19 base 0xff00000417c00000: Cannot allocate memory
[1764235854.813101239] compute13:rank19.Fock: reg_mr failed 10 times in a row.
  #Exact exchange calculation:85%; Time (s): Elapsed=157.3712, Remaining=28.
[1764235857.538884492] compute21:rank37.Fock: reg_mr failed: 0xff000005cd000000:0xff000005dcffffff (len 0x10000000) access 0x90000003 id 21 base 0xff0000056d000000: Cannot allocate memory
[1764235857.572169184] compute22:rank46.Fock: reg_mr failed: 0xff00000457c00000:0xff00000467bfffff (len 0x10000000) access 0x90000003 id 19 base 0xff00000417c00000: Cannot allocate memory
[1764235857.603317235] compute14:rank25.Fock: reg_mr failed: 0xff00000497c00000:0xff000004a7bfffff (len 0x10000000) access 0x90000003 id 19 base 0xff00000417c00000: Cannot allocate memory
[1764235857.610337881] compute11:rank3.Fock: reg_mr failed: 0xff0000057d000000:0xff0000058cffffff (len 0x10000000) access 0x90000003 id 21 base 0xff0000056d000000: Cannot allocate memory
[1764235857.635830097] compute11:rank3.Fock: reg_mr failed 10 times in a row.
[1764235857.693911217] compute21:rank37.Fock: reg_mr failed 10 times in a row.
[1764235857.709503104] compute14:rank26.Fock: reg_mr failed: 0xff00000427c00000:0xff00000437bfffff (len 0x10000000) access 0x90000003 id 19 base 0xff00000417c00000: Cannot allocate memory
[1764235857.765569677] compute14:rank26.Fock: reg_mr failed 10 times in a row.
[1764235857.792873631] compute14:rank25.Fock: reg_mr failed 10 times in a row.
[1764235858.434811895] compute14:rank27.Fock: reg_mr failed: 0xff0000058d000000:0xff0000059cffffff (len 0x10000000) access 0x90000003 id 21 base 0xff0000056d000000: Cannot allocate memory
[1764235858.464587962] compute14:rank27.Fock: reg_mr failed 10 times in a row.
[1764235858.717119275] compute14:rank27.Fock: reg_mr failed: 0xff00000447c00000:0xff00000457bfffff (len 0x10000000) access 0x90000003 id 19 base 0xff00000417c00000: Cannot allocate memory
[1764235858.744755382] compute14:rank27.Fock: reg_mr failed 10 times in a row.
[1764235859.031782014] compute14:rank28.Fock: reg_mr failed: 0xff00000477c00000:0xff00000487bfffff (len 0x10000000) access 0x90000003 id 19 base 0xff00000417c00000: Cannot allocate memory
[1764235859.063285052] compute14:rank28.Fock: reg_mr failed 10 times in a row.
[1764235861.289243961] compute13:rank17.Fock: reg_mr failed: 0xff0000058d000000:0xff0000059cffffff (len 0x10000000) access 0x90000003 id 21 base 0xff0000056d000000: Cannot allocate memory
[1764235861.444454177] compute13:rank17.Fock: reg_mr failed 10 times in a row.
[1764235861.526912317] compute21:rank35.Fock: reg_mr failed: 0xff000005ed000000:0xff000005fcffffff (len 0x10000000) access 0x90000003 id 21 base 0xff0000056d000000: Cannot allocate memory
[1764235861.556606137] compute21:rank35.Fock: reg_mr failed 10 times in a row.
[1764235861.847825426] compute14:rank25.Fock: reg_mr failed: 0xff0000058d000000:0xff0000059cffffff (len 0x10000000) access 0x90000003 id 21 base 0xff0000056d000000: Cannot allocate memory
[1764235861.875605917] compute14:rank25.Fock: reg_mr failed 10 times in a row.
  #Exact exchange calculation:88%; Time (s): Elapsed=162.9716, Remaining=22.
[1764235862.329171857] compute13:rank17.Fock: reg_mr failed: 0xff000005fd000000:0xff0000060c33338f (len 0xf333390) access 0x90000003 id 21 base 0xff0000056d000000: Cannot allocate memory
[1764235862.355941422] compute13:rank17.Fock: reg_mr failed 10 times in a row.
[1764235862.457188512] compute22:rank46.Fock: reg_mr failed: 0xff0000038d200000:0xff0000039d1fffff (len 0x10000000) access 0x90000003 id 18 base 0xff0000036d200000: Cannot allocate memory
[1764235862.642772232] compute22:rank46.Fock: reg_mr failed 10 times in a row.
[1764235863.304185826] compute14:rank26.Fock: reg_mr failed: 0xff000005ad000000:0xff000005bcffffff (len 0x10000000) access 0x90000003 id 21 base 0xff0000056d000000: Cannot allocate memory
[1764235863.404692426] compute22:rank46.Fock: reg_mr failed: 0xff000003cd200000:0xff000003dd1fffff (len 0x10000000) access 0x90000003 id 18 base 0xff0000036d200000: Cannot allocate memory
[1764235863.485327485] compute14:rank26.Fock: reg_mr failed 10 times in a row.
[1764235863.745552957] compute11:rank3.Fock: reg_mr failed: 0xff0000058d000000:0xff0000059cffffff (len 0x10000000) access 0x90000003 id 21 base 0xff0000056d000000: Cannot allocate memory
[1764235863.982059377] compute14:rank27.Fock: reg_mr failed: 0xff0000039d200000:0xff000003ad1fffff (len 0x10000000) access 0x90000003 id 18 base 0xff0000036d200000: Cannot allocate memory
[1764235864.012177317] compute14:rank27.Fock: reg_mr failed 10 times in a row.
[1764235865.362789822] compute14:rank30.Fock: reg_mr failed: 0xff000005ad000000:0xff000005bcffffff (len 0x10000000) access 0x90000003 id 21 base 0xff0000056d000000: Cannot allocate memory
[1764235865.392486115] compute14:rank30.Fock: reg_mr failed 10 times in a row.
[1764235865.582020710] compute13:rank19.Fock: reg_mr failed: 0xff0000058d000000:0xff0000059cffffff (len 0x10000000) access 0x90000003 id 21 base 0xff0000056d000000: Cannot allocate memory
[1764235865.586315628] compute14:rank30.Fock: reg_mr failed: 0xff000005bd000000:0xff000005ccffffff (len 0x10000000) access 0x90000003 id 21 base 0xff0000056d000000: Cannot allocate memory
[1764235865.604776637] compute13:rank19.Fock: reg_mr failed 10 times in a row.
[1764235865.611947877] compute14:rank30.Fock: reg_mr failed 10 times in a row.
[1764235866.251024780] compute11:rank2.Fock: reg_mr failed: 0xff0000058d000000:0xff0000059cffffff (len 0x10000000) access 0x90000003 id 21 base 0xff0000056d000000: Cannot allocate memory
[1764235866.277875522] compute11:rank2.Fock: reg_mr failed 10 times in a row.
[1764235866.442264277] compute23:rank50.Fock: reg_mr failed: 0xff000005cd000000:0xff000005dcffffff (len 0x10000000) access 0x90000003 id 21 base 0xff0000056d000000: Cannot allocate memory
[1764235866.614193727] compute23:rank50.Fock: reg_mr failed 10 times in a row.
  #Exact exchange calculation:91%; Time (s): Elapsed=168.4539, Remaining=17.
[1764235867.639754298] compute13:rank16.Fock: reg_mr failed: 0xff000005ad000000:0xff000005bcffffff (len 0x10000000) access 0x90000003 id 21 base 0xff0000056d000000: Cannot allocate memory
[1764235868.635555825] compute22:rank45.Fock: reg_mr failed: 0xff000005ed000000:0xff000005fcffffff (len 0x10000000) access 0x90000003 id 21 base 0xff0000056d000000: Cannot allocate memory
[1764235868.828671366] compute22:rank45.Fock: reg_mr failed 10 times in a row.
[1764235868.968141588] compute14:rank28.Fock: reg_mr failed: 0xff00000487c00000:0xff00000497bfffff (len 0x10000000) access 0x90000003 id 19 base 0xff00000417c00000: Cannot allocate memory
[1764235869.138682706] compute14:rank28.Fock: reg_mr failed 10 times in a row.
[1764235870.826159939] compute22:rank40.Fock: reg_mr failed: 0xff0000058d000000:0xff0000059cffffff (len 0x10000000) access 0x90000003 id 21 base 0xff0000056d000000: Cannot allocate memory
[1764235870.850757776] compute22:rank40.Fock: reg_mr failed 10 times in a row.
[1764235871.129549591] compute23:rank52.Fock: reg_mr failed: 0xff0000057d000000:0xff0000058cffffff (len 0x10000000) access 0x90000003 id 21 base 0xff0000056d000000: Cannot allocate memory
[1764235871.154980571] compute23:rank52.Fock: reg_mr failed 10 times in a row.
[1764235871.248789537] compute22:rank40.Fock: reg_mr failed: 0xff00000467c00000:0xff00000477bfffff (len 0x10000000) access 0x90000003 id 19 base 0xff00000417c00000: Cannot allocate memory
[1764235871.273343942] compute22:rank40.Fock: reg_mr failed 10 times in a row.
[1764235872.283664696] compute12:rank15.Fock: reg_mr failed: 0xff0000057d000000:0xff0000058cffffff (len 0x10000000) access 0x90000003 id 21 base 0xff0000056d000000: Cannot allocate memory
[1764235872.463912680] compute12:rank15.Fock: reg_mr failed 10 times in a row.
  #Exact exchange calculation:94%; Time (s): Elapsed=174.0485, Remaining=11.
[1764235873.183164959] compute22:rank45.Fock: reg_mr failed: 0xff0000039d200000:0xff000003ad1fffff (len 0x10000000) access 0x90000003 id 18 base 0xff0000036d200000: Cannot allocate memory
[1764235873.211440648] compute13:rank16.Fock: reg_mr failed: 0xff000005dd000000:0xff000005ecffffff (len 0x10000000) access 0x90000003 id 21 base 0xff0000056d000000: Cannot allocate memory
[1764235873.216718045] compute22:rank45.Fock: reg_mr failed 10 times in a row.
[1764235873.346552242] compute23:rank54.Fock: reg_mr failed: 0xff000003cd200000:0xff000003dd1fffff (len 0x10000000) access 0x90000003 id 18 base 0xff0000036d200000: Cannot allocate memory
[1764235873.386684217] compute13:rank16.Fock: reg_mr failed 10 times in a row.
[1764235873.494577202] compute23:rank54.Fock: reg_mr failed 10 times in a row.
[1764235873.741352325] compute31:rank57.Fock: reg_mr failed: 0xff0000037d200000:0xff0000038d1fffff (len 0x10000000) access 0x90000003 id 18 base 0xff0000036d200000: Cannot allocate memory
[1764235873.824801667] compute13:rank16.Fock: reg_mr failed: 0xff000003fd200000:0xff0000040d1fffff (len 0x10000000) access 0x90000003 id 18 base 0xff0000036d200000: Cannot allocate memory
[1764235873.856110854] compute13:rank16.Fock: reg_mr failed 10 times in a row.
[1764235873.934365010] compute31:rank57.Fock: reg_mr failed 10 times in a row.
[1764235873.964162402] compute12:rank12.Fock: reg_mr failed: 0xff000005bd000000:0xff000005ccffffff (len 0x10000000) access 0x90000003 id 21 base 0xff0000056d000000: Cannot allocate memory
[1764235874.135627683] compute31:rank56.Fock: reg_mr failed: 0xff000003fd200000:0xff0000040d1fffff (len 0x10000000) access 0x90000003 id 18 base 0xff0000036d200000: Cannot allocate memory
[1764235874.172735098] compute31:rank56.Fock: reg_mr failed 10 times in a row.
[1764235875.175468247] compute22:rank41.Fock: reg_mr failed: 0xff0000039d200000:0xff000003ad1fffff (len 0x10000000) access 0x90000003 id 18 base 0xff0000036d200000: Cannot allocate memory
[1764235875.224803816] compute14:rank31.Fock: reg_mr failed: 0xff0000058d000000:0xff0000059cffffff (len 0x10000000) access 0x90000003 id 21 base 0xff0000056d000000: Cannot allocate memory
[1764235875.332979559] compute22:rank41.Fock: reg_mr failed 10 times in a row.
[1764235875.337496328] compute21:rank33.Fock: reg_mr failed: 0xff00000427c00000:0xff00000437bfffff (len 0x10000000) access 0x90000003 id 19 base 0xff00000417c00000: Cannot allocate memory
[1764235875.503648248] compute21:rank33.Fock: reg_mr failed 10 times in a row.
[1764235875.902596105] compute21:rank33.Fock: reg_mr failed: 0xff00000457c00000:0xff00000467bfffff (len 0x10000000) access 0x90000003 id 19 base 0xff00000417c00000: Cannot allocate memory
[1764235876.029455643] compute21:rank33.Fock: reg_mr failed: 0xff00000467c00000:0xff00000477bfffff (len 0x10000000) access 0x90000003 id 19 base 0xff00000417c00000: Cannot allocate memory
[1764235876.155541153] compute21:rank33.Fock: reg_mr failed: 0xff00000477c00000:0xff00000487bfffff (len 0x10000000) access 0x90000003 id 19 base 0xff00000417c00000: Cannot allocate memory
[1764235876.283600062] compute21:rank33.Fock: reg_mr failed: 0xff00000487c00000:0xff00000497bfffff (len 0x10000000) access 0x90000003 id 19 base 0xff00000417c00000: Cannot allocate memory
[1764235876.408618357] compute21:rank33.Fock: reg_mr failed: 0xff00000497c00000:0xff000004a7bfffff (len 0x10000000) access 0x90000003 id 19 base 0xff00000417c00000: Cannot allocate memory
[1764235876.532913917] compute31:rank60.Fock: reg_mr failed: 0xff0000038d200000:0xff0000039d1fffff (len 0x10000000) access 0x90000003 id 18 base 0xff0000036d200000: Cannot allocate memory
[1764235876.534395846] compute21:rank33.Fock: reg_mr failed: 0xff000004a7c00000:0xff000004b7bfffff (len 0x10000000) access 0x90000003 id 19 base 0xff00000417c00000: Cannot allocate memory
[1764235876.561080195] compute31:rank60.Fock: reg_mr failed 10 times in a row.
[1764235877.538996769] compute12:rank10.Fock: reg_mr failed: 0xff000003ed200000:0xff000003fd1fffff (len 0x10000000) access 0x90000003 id 18 base 0xff0000036d200000: Cannot allocate memory
[1764235877.715135880] compute12:rank10.Fock: reg_mr failed: 0xff000003fd200000:0xff0000040d1fffff (len 0x10000000) access 0x90000003 id 18 base 0xff0000036d200000: Cannot allocate memory
[1764235877.820680846] compute12:rank10.Fock: reg_mr failed 10 times in a row.
[1764235879.275198621] compute21:rank39.Fock: reg_mr failed: 0xff0000038d200000:0xff0000039d1fffff (len 0x10000000) access 0x90000003 id 18 base 0xff0000036d200000: Cannot allocate memory
[1764235879.302760594] compute21:rank39.Fock: reg_mr failed 10 times in a row.
  #Exact exchange calculation:97%; Time (s): Elapsed=181.5287, Remaining=5.6
[1764235880.761404093] compute21:rank32.Fock: reg_mr failed: 0xff0000038d200000:0xff0000039d1fffff (len 0x10000000) access 0x90000003 id 18 base 0xff0000036d200000: Cannot allocate memory
[1764235880.794691688] compute14:rank31.Fock: reg_mr failed: 0xff0000057d000000:0xff0000058cffffff (len 0x10000000) access 0x90000003 id 21 base 0xff0000056d000000: Cannot allocate memory
[1764235880.936749529] compute21:rank32.Fock: reg_mr failed 10 times in a row.
[1764235880.966457867] compute14:rank31.Fock: reg_mr failed 10 times in a row.
  #Exact exchange calculation:100%; Time (s): Elapsed=188.4598, Remaining=0.0
 Exact Exchange Energy       :  5.34408223998E+11
 Expected Exchange Energy    :  3.98942280401E-01
 Memory Consumption Report:
   Tot. No. of Allocations             :  408
   Tot. No. of Deallocations           :  408
   Remaining Memory (B)                :  0
   Memory occupation:
     Peak Value (MB)                   :  6421.373
     for the array                     : displ_res
     in the routine                    : null
     Memory Peak of process            : 6557.096 MB
 Walltime since initialization         :  00:03:19.215923863
 Max No. of dictionaries used          :  595 #( 241 still in use)
 Number of dictionary folders allocated:  1
