[0] MPI startup(): ===== GPU topology on compute11 =====
[0] MPI startup(): NUMA nodes     : 2
[0] MPI startup(): GPUs           : 4
[0] MPI startup(): Stacks (Tiles) : 8
[0] MPI startup(): Hierarchy mode : flat
[0] MPI startup(): Backend        : level zero
[0] MPI startup(): Device name    : Intel(R) Data Center GPU Max 1550
[0] MPI startup(): NUMA Id	GPU Id         Stacks (tiles)                 Ranks on this NUMA
[0] MPI startup(): 0      	0,1            (0,1)(2,3)                     0,1,2,3
[0] MPI startup(): 1      	2,3            (4,5)(6,7)                     4,5,6,7
[0] MPI startup(): ===== GPU pinning on compute11 =====
[0] MPI startup(): Rank	 Pin stack (tile)
[0] MPI startup(): 0	 {0}
[0] MPI startup(): 1	 {1}
[0] MPI startup(): 2	 {2}
[0] MPI startup(): 3	 {3}
[0] MPI startup(): 4	 {4}
[0] MPI startup(): 5	 {5}
[0] MPI startup(): 6	 {6}
[0] MPI startup(): 7	 {7}
[0] MPI startup(): Intel(R) MPI Library, Version 2021.16  Build 20250513 (id: a7c135c)
[0] MPI startup(): Copyright (C) 2003-2025 Intel Corporation.  All rights reserved.
[0] MPI startup(): library kind: release
[0] MPI startup(): libfabric version: 2.1.0-impi
[0] MPI startup(): libfabric provider: psm3
[0] MPI startup(): File "/install/software/oneAPI/2025.2/mpi/2021.16/opt/mpi/etc/tuning_spr_shm-ofi_psm3_200_x1.dat" not found
[0] MPI startup(): File "/install/software/oneAPI/2025.2/mpi/2021.16/opt/mpi/etc/tuning_spr_shm-ofi_psm3_200.dat" not found
[0] MPI startup(): File "/install/software/oneAPI/2025.2/mpi/2021.16/opt/mpi/etc/tuning_spr_shm-ofi_psm3.dat" not found
[0] MPI startup(): Load tuning file: "/install/software/oneAPI/2025.2/mpi/2021.16/opt/mpi/etc/tuning_spr_shm-ofi.dat"
[0] MPI startup(): Number of NICs:  1 
[0] MPI startup(): ===== NIC pinning on compute11 =====
[0] MPI startup(): Rank    Thread id  Pin nic
[0] MPI startup(): 0       0          autoselect_one:mlx5_0;mlx5_1
[0] MPI startup(): 1       0          autoselect_one:mlx5_0;mlx5_1
[0] MPI startup(): 2       0          autoselect_one:mlx5_0;mlx5_1
[0] MPI startup(): 3       0          autoselect_one:mlx5_0;mlx5_1
[0] MPI startup(): 4       0          autoselect_one:mlx5_0;mlx5_1
[0] MPI startup(): 5       0          autoselect_one:mlx5_0;mlx5_1
[0] MPI startup(): 6       0          autoselect_one:mlx5_0;mlx5_1
[0] MPI startup(): 7       0          autoselect_one:mlx5_0;mlx5_1
[0] MPI startup(): ===== CPU pinning =====
[0] MPI startup(): Rank    Pid      Node name  Pin cpu
[0] MPI startup(): 0       213190   compute11  {0-13,112-125}
[0] MPI startup(): 1       213191   compute11  {14-27,126-139}
[0] MPI startup(): 2       213192   compute11  {28-41,140-153}
[0] MPI startup(): 3       213193   compute11  {42-55,154-167}
[0] MPI startup(): 4       213194   compute11  {56-69,168-181}
[0] MPI startup(): 5       213195   compute11  {70-83,182-195}
[0] MPI startup(): 6       213196   compute11  {84-97,196-209}
[0] MPI startup(): 7       213197   compute11  {98-111,210-223}
[0] MPI startup(): 8       109434   compute12  {0-13,112-125}
[0] MPI startup(): 9       109435   compute12  {14-27,126-139}
[0] MPI startup(): 10      109436   compute12  {28-41,140-153}
[0] MPI startup(): 11      109437   compute12  {42-55,154-167}
[0] MPI startup(): 12      109438   compute12  {56-69,168-181}
[0] MPI startup(): 13      109439   compute12  {70-83,182-195}
[0] MPI startup(): 14      109440   compute12  {84-97,196-209}
[0] MPI startup(): 15      109441   compute12  {98-111,210-223}
[0] MPI startup(): 16      203965   compute13  {0-13,112-125}
[0] MPI startup(): 17      203966   compute13  {14-27,126-139}
[0] MPI startup(): 18      203967   compute13  {28-41,140-153}
[0] MPI startup(): 19      203968   compute13  {42-55,154-167}
[0] MPI startup(): 20      203969   compute13  {56-69,168-181}
[0] MPI startup(): 21      203970   compute13  {70-83,182-195}
[0] MPI startup(): 22      203971   compute13  {84-97,196-209}
[0] MPI startup(): 23      203972   compute13  {98-111,210-223}
[0] MPI startup(): 24      114519   compute14  {0-13,112-125}
[0] MPI startup(): 25      114520   compute14  {14-27,126-139}
[0] MPI startup(): 26      114521   compute14  {28-41,140-153}
[0] MPI startup(): 27      114522   compute14  {42-55,154-167}
[0] MPI startup(): 28      114523   compute14  {56-69,168-181}
[0] MPI startup(): 29      114524   compute14  {70-83,182-195}
[0] MPI startup(): 30      114525   compute14  {84-97,196-209}
[0] MPI startup(): 31      114526   compute14  {98-111,210-223}
[0] MPI startup(): 32      194914   compute21  {0-13,112-125}
[0] MPI startup(): 33      194915   compute21  {14-27,126-139}
[0] MPI startup(): 34      194916   compute21  {28-41,140-153}
[0] MPI startup(): 35      194917   compute21  {42-55,154-167}
[0] MPI startup(): 36      194918   compute21  {56-69,168-181}
[0] MPI startup(): 37      194919   compute21  {70-83,182-195}
[0] MPI startup(): 38      194920   compute21  {84-97,196-209}
[0] MPI startup(): 39      194921   compute21  {98-111,210-223}
[0] MPI startup(): 40      205994   compute22  {0-13,112-125}
[0] MPI startup(): 41      205995   compute22  {14-27,126-139}
[0] MPI startup(): 42      205996   compute22  {28-41,140-153}
[0] MPI startup(): 43      205997   compute22  {42-55,154-167}
[0] MPI startup(): 44      205998   compute22  {56-69,168-181}
[0] MPI startup(): 45      205999   compute22  {70-83,182-195}
[0] MPI startup(): 46      206000   compute22  {84-97,196-209}
[0] MPI startup(): 47      206001   compute22  {98-111,210-223}
[0] MPI startup(): 48      57566    compute23  {0-13,112-125}
[0] MPI startup(): 49      57567    compute23  {14-27,126-139}
[0] MPI startup(): 50      57568    compute23  {28-41,140-153}
[0] MPI startup(): 51      57569    compute23  {42-55,154-167}
[0] MPI startup(): 52      57570    compute23  {56-69,168-181}
[0] MPI startup(): 53      57571    compute23  {70-83,182-195}
[0] MPI startup(): 54      57572    compute23  {84-97,196-209}
[0] MPI startup(): 55      57573    compute23  {98-111,210-223}
[0] MPI startup(): 56      149723   compute31  {0-13,112-125}
[0] MPI startup(): 57      149724   compute31  {14-27,126-139}
[0] MPI startup(): 58      149725   compute31  {28-41,140-153}
[0] MPI startup(): 59      149726   compute31  {42-55,154-167}
[0] MPI startup(): 60      149727   compute31  {56-69,168-181}
[0] MPI startup(): 61      149728   compute31  {70-83,182-195}
[0] MPI startup(): 62      149729   compute31  {84-97,196-209}
[0] MPI startup(): 63      149730   compute31  {98-111,210-223}
[0] MPI startup(): 64      154565   compute33  {0-13,112-125}
[0] MPI startup(): 65      154566   compute33  {14-27,126-139}
[0] MPI startup(): 66      154567   compute33  {28-41,140-153}
[0] MPI startup(): 67      154568   compute33  {42-55,154-167}
[0] MPI startup(): 68      154569   compute33  {56-69,168-181}
[0] MPI startup(): 69      154570   compute33  {70-83,182-195}
[0] MPI startup(): 70      154571   compute33  {84-97,196-209}
[0] MPI startup(): 71      154572   compute33  {98-111,210-223}
[0] MPI startup(): 72      22566    compute34  {0-13,112-125}
[0] MPI startup(): 73      22567    compute34  {14-27,126-139}
[0] MPI startup(): 74      22568    compute34  {28-41,140-153}
[0] MPI startup(): 75      22569    compute34  {42-55,154-167}
[0] MPI startup(): 76      22570    compute34  {56-69,168-181}
[0] MPI startup(): 77      22571    compute34  {70-83,182-195}
[0] MPI startup(): 78      22572    compute34  {84-97,196-209}
[0] MPI startup(): 79      22573    compute34  {98-111,210-223}
[0] MPI startup(): I_MPI_ROOT=/install/software/oneAPI/2025.2/mpi/2021.16
[0] MPI startup(): ONEAPI_ROOT=/install/software/oneAPI/2025.2
[0] MPI startup(): I_MPI_MPIRUN=mpirun
[0] MPI startup(): I_MPI_BIND_WIN_ALLOCATE=localalloc
[0] MPI startup(): I_MPI_HYDRA_TOPOLIB=ipl2
[0] MPI startup(): I_MPI_HYDRA_BOOTSTRAP=slurm
[0] MPI startup(): I_MPI_OFFLOAD_DOMAIN_SIZE=1
[0] MPI startup(): I_MPI_OFFLOAD_CELL=tile
[0] MPI startup(): I_MPI_RETURN_WIN_MEM_NUMA=0
[0] MPI startup(): I_MPI_INTERNAL_MEM_POLICY=default
[0] MPI startup(): I_MPI_OFFLOAD_TOPOLIB=level_zero
[0] MPI startup(): I_MPI_OFFLOAD=1
[0] MPI startup(): I_MPI_OFFLOAD_CBWR=0
[0] MPI startup(): I_MPI_OFFLOAD_PIPELINE=0
[0] MPI startup(): I_MPI_OFFLOAD_FAST_MEMCPY_COLL=1
[0] MPI startup(): I_MPI_OFFLOAD_RDMA=1
[0] MPI startup(): I_MPI_OFFLOAD_RDMA_THRESHOLD=0
[0] MPI startup(): I_MPI_INFO_GPU_ID_LOCAL_MAP=0,0,1,1,2,2,3,3
[0] MPI startup(): I_MPI_INFO_GPU_TILE_ID_LOCAL_MAP=0,1,2,3,4,5,6,7
[0] MPI startup(): I_MPI_OFI_PROVIDER=psm3
[0] MPI startup(): I_MPI_DEBUG=5
---
 Reference Paper             : The Journal of Chemical Physics 137, 134108 (2012)
 Version Number              : PSolver 1.10
 Timestamp of this run       : 2025-11-27 02:00:41.586
 Root process Hostname       : compute11
  #------------------------------------------------------------------- Kernel Initialization
 Poisson Kernel Initialization:
    #---------------------------------------------------------------------- Input parameters
   setup:
  #------------------------------------------------------------------- Kernel Initialization
 Poisson Kernel Initialization:
    #---------------------------------------------------------------------- Input parameters
   setup:
     accel                             : ONEMATH # Material Acceleration
  #------------------------------------------------------------------- Kernel Initialization
 Poisson Kernel Initialization:
    #---------------------------------------------------------------------- Input parameters
   setup:
     accel                             : ONEMATH # Material Acceleration
     use_gpu_direct                    : Yes #    Force (or not) the usage of GPUdirect communication, if available
  #------------------------------------------------------------------- Kernel Initialization
 Poisson Kernel Initialization:
    #---------------------------------------------------------------------- Input parameters
   setup:
     accel                             : ONEMATH # Material Acceleration
     use_gpu_direct                    : Yes #    Force (or not) the usage of GPUdirect communication, if available
  #------------------------------------------------------------------- Kernel Initialization
 Poisson Kernel Initialization:
    #---------------------------------------------------------------------- Input parameters
   setup:
     accel                             : ONEMATH # Material Acceleration
     use_gpu_direct                    : Yes #    Force (or not) the usage of GPUdirect communication, if available
     verbose                           : Yes #    Verbosity switch
     keep_gpu_memory                   : Yes #    Do not deallocate GPU memory at each call of the (G)PS routine
  #------------------------------------------------------------------- Kernel Initialization
 Poisson Kernel Initialization:
    #---------------------------------------------------------------------- Input parameters
   setup:
     accel                             : ONEMATH # Material Acceleration
     use_gpu_direct                    : Yes #    Force (or not) the usage of GPUdirect communication, if available
     verbose                           : Yes #    Verbosity switch
     keep_gpu_memory                   : Yes #    Do not deallocate GPU memory at each call of the (G)PS routine
  #------------------------------------------------------------------- Kernel Initialization
 Poisson Kernel Initialization:
    #---------------------------------------------------------------------- Input parameters
   setup:
     accel                             : ONEMATH # Material Acceleration
     use_gpu_direct                    : Yes #    Force (or not) the usage of GPUdirect communication, if available
     verbose                           : Yes #    Verbosity switch
     keep_gpu_memory                   : Yes #    Do not deallocate GPU memory at each call of the (G)PS routine
     taskgroup_size                    : 0 #      Size of the taskgroups of the Poisson Solver
     global_data                       : No #     Charge density and Electrostatic potential are given by global arrays
     accel                             : ONEMATH # Material Acceleration
     use_gpu_direct                    : Yes #    Force (or not) the usage of GPUdirect communication, if available
     verbose                           : Yes #    Verbosity switch
     keep_gpu_memory                   : Yes #    Do not deallocate GPU memory at each call of the (G)PS routine
     taskgroup_size                    : 0 #      Size of the taskgroups of the Poisson Solver
     global_data                       : No #     Charge density and Electrostatic potential are given by global arrays
     output                            : none #   Quantities to be plotted after the main solver routine
   kernel:
     screening                         : 0 #      Mu screening parameter
  #------------------------------------------------------------------- Kernel Initialization
 Poisson Kernel Initialization:
    #---------------------------------------------------------------------- Input parameters
   setup:
     use_gpu_direct                    : Yes #    Force (or not) the usage of GPUdirect communication, if available
     verbose                           : Yes #    Verbosity switch
     keep_gpu_memory                   : Yes #    Do not deallocate GPU memory at each call of the (G)PS routine
     taskgroup_size                    : 0 #      Size of the taskgroups of the Poisson Solver
     global_data                       : No #     Charge density and Electrostatic potential are given by global arrays
     output                            : none #   Quantities to be plotted after the main solver routine
  #------------------------------------------------------------------- Kernel Initialization
 Poisson Kernel Initialization:
    #---------------------------------------------------------------------- Input parameters
   setup:
     accel                             : ONEMATH # Material Acceleration
     use_gpu_direct                    : Yes #    Force (or not) the usage of GPUdirect communication, if available
  #------------------------------------------------------------------- Kernel Initialization
 Poisson Kernel Initialization:
    #---------------------------------------------------------------------- Input parameters
   setup:
  #------------------------------------------------------------------- Kernel Initialization
 Poisson Kernel Initialization:
    #---------------------------------------------------------------------- Input parameters
   setup:
     accel                             : ONEMATH # Material Acceleration
     use_gpu_direct                    : Yes #    Force (or not) the usage of GPUdirect communication, if available
  #------------------------------------------------------------------- Kernel Initialization
 Poisson Kernel Initialization:
    #---------------------------------------------------------------------- Input parameters
   setup:
     accel                             : ONEMATH # Material Acceleration
     use_gpu_direct                    : Yes #    Force (or not) the usage of GPUdirect communication, if available
  #------------------------------------------------------------------- Kernel Initialization
 Poisson Kernel Initialization:
    #---------------------------------------------------------------------- Input parameters
   setup:
     accel                             : ONEMATH # Material Acceleration
     use_gpu_direct                    : Yes #    Force (or not) the usage of GPUdirect communication, if available
     verbose                           : Yes #    Verbosity switch
     verbose                           : Yes #    Verbosity switch
     keep_gpu_memory                   : Yes #    Do not deallocate GPU memory at each call of the (G)PS routine
     taskgroup_size                    : 0 #      Size of the taskgroups of the Poisson Solver
     global_data                       : No #     Charge density and Electrostatic potential are given by global arrays
     output                            : none #   Quantities to be plotted after the main solver routine
   kernel:
     screening                         : 0 #      Mu screening parameter
     isf_order                         : 16 #     Order of the Interpolating Scaling Function family
     stress_tensor                     : Yes #    Triggers the calculation of the stress tensor
   environment:
  #------------------------------------------------------------------- Kernel Initialization
 Poisson Kernel Initialization:
    #---------------------------------------------------------------------- Input parameters
   setup:
  #------------------------------------------------------------------- Kernel Initialization
 Poisson Kernel Initialization:
    #---------------------------------------------------------------------- Input parameters
   setup:
     accel                             : ONEMATH # Material Acceleration
     use_gpu_direct                    : Yes #    Force (or not) the usage of GPUdirect communication, if available
     verbose                           : Yes #    Verbosity switch
     keep_gpu_memory                   : Yes #    Do not deallocate GPU memory at each call of the (G)PS routine
     taskgroup_size                    : 0 #      Size of the taskgroups of the Poisson Solver
  #------------------------------------------------------------------- Kernel Initialization
 Poisson Kernel Initialization:
    #---------------------------------------------------------------------- Input parameters
   setup:
     accel                             : ONEMATH # Material Acceleration
     use_gpu_direct                    : Yes #    Force (or not) the usage of GPUdirect communication, if available
     verbose                           : Yes #    Verbosity switch
  #------------------------------------------------------------------- Kernel Initialization
 Poisson Kernel Initialization:
    #---------------------------------------------------------------------- Input parameters
   setup:
     accel                             : ONEMATH # Material Acceleration
     use_gpu_direct                    : Yes #    Force (or not) the usage of GPUdirect communication, if available
     verbose                           : Yes #    Verbosity switch
     keep_gpu_memory                   : Yes #    Do not deallocate GPU memory at each call of the (G)PS routine
     taskgroup_size                    : 0 #      Size of the taskgroups of the Poisson Solver
     global_data                       : No #     Charge density and Electrostatic potential are given by global arrays
  #------------------------------------------------------------------- Kernel Initialization
 Poisson Kernel Initialization:
    #---------------------------------------------------------------------- Input parameters
   setup:
     accel                             : ONEMATH # Material Acceleration
  #------------------------------------------------------------------- Kernel Initialization
 Poisson Kernel Initialization:
    #---------------------------------------------------------------------- Input parameters
   setup:
     accel                             : ONEMATH # Material Acceleration
     use_gpu_direct                    : Yes #    Force (or not) the usage of GPUdirect communication, if available
     verbose                           : Yes #    Verbosity switch
     keep_gpu_memory                   : Yes #    Do not deallocate GPU memory at each call of the (G)PS routine
     taskgroup_size                    : 0 #      Size of the taskgroups of the Poisson Solver
  #------------------------------------------------------------------- Kernel Initialization
 Poisson Kernel Initialization:
    #---------------------------------------------------------------------- Input parameters
   setup:
     accel                             : ONEMATH # Material Acceleration
  #------------------------------------------------------------------- Kernel Initialization
 Poisson Kernel Initialization:
    #---------------------------------------------------------------------- Input parameters
   setup:
  #------------------------------------------------------------------- Kernel Initialization
 Poisson Kernel Initialization:
    #---------------------------------------------------------------------- Input parameters
   setup:
     verbose                           : Yes #    Verbosity switch
     keep_gpu_memory                   : Yes #    Do not deallocate GPU memory at each call of the (G)PS routine
     taskgroup_size                    : 0 #      Size of the taskgroups of the Poisson Solver
     global_data                       : No #     Charge density and Electrostatic potential are given by global arrays
     output                            : none #   Quantities to be plotted after the main solver routine
   kernel:
     screening                         : 0 #      Mu screening parameter
     isf_order                         : 16 #     Order of the Interpolating Scaling Function family
     stress_tensor                     : Yes #    Triggers the calculation of the stress tensor
   environment:
     cavity                            : none #   Type of the cavity
  #------------------------------------------------------------------- Kernel Initialization
 Poisson Kernel Initialization:
    #---------------------------------------------------------------------- Input parameters
   setup:
     accel                             : ONEMATH # Material Acceleration
     use_gpu_direct                    : Yes #    Force (or not) the usage of GPUdirect communication, if available
  #------------------------------------------------------------------- Kernel Initialization
 Poisson Kernel Initialization:
    #---------------------------------------------------------------------- Input parameters
   setup:
     accel                             : ONEMATH # Material Acceleration
     use_gpu_direct                    : Yes #    Force (or not) the usage of GPUdirect communication, if available
     verbose                           : Yes #    Verbosity switch
     keep_gpu_memory                   : Yes #    Do not deallocate GPU memory at each call of the (G)PS routine
     taskgroup_size                    : 0 #      Size of the taskgroups of the Poisson Solver
  #------------------------------------------------------------------- Kernel Initialization
 Poisson Kernel Initialization:
    #---------------------------------------------------------------------- Input parameters
   setup:
     accel                             : ONEMATH # Material Acceleration
     use_gpu_direct                    : Yes #    Force (or not) the usage of GPUdirect communication, if available
     verbose                           : Yes #    Verbosity switch
  #------------------------------------------------------------------- Kernel Initialization
 Poisson Kernel Initialization:
    #---------------------------------------------------------------------- Input parameters
   setup:
     accel                             : ONEMATH # Material Acceleration
     use_gpu_direct                    : Yes #    Force (or not) the usage of GPUdirect communication, if available
     verbose                           : Yes #    Verbosity switch
     keep_gpu_memory                   : Yes #    Do not deallocate GPU memory at each call of the (G)PS routine
     taskgroup_size                    : 0 #      Size of the taskgroups of the Poisson Solver
     global_data                       : No #     Charge density and Electrostatic potential are given by global arrays
     output                            : none #   Quantities to be plotted after the main solver routine
   kernel:
  #------------------------------------------------------------------- Kernel Initialization
 Poisson Kernel Initialization:
    #---------------------------------------------------------------------- Input parameters
   setup:
     accel                             : ONEMATH # Material Acceleration
     use_gpu_direct                    : Yes #    Force (or not) the usage of GPUdirect communication, if available
     verbose                           : Yes #    Verbosity switch
     keep_gpu_memory                   : Yes #    Do not deallocate GPU memory at each call of the (G)PS routine
  #------------------------------------------------------------------- Kernel Initialization
 Poisson Kernel Initialization:
    #---------------------------------------------------------------------- Input parameters
   setup:
     accel                             : ONEMATH # Material Acceleration
     use_gpu_direct                    : Yes #    Force (or not) the usage of GPUdirect communication, if available
     verbose                           : Yes #    Verbosity switch
     keep_gpu_memory                   : Yes #    Do not deallocate GPU memory at each call of the (G)PS routine
     taskgroup_size                    : 0 #      Size of the taskgroups of the Poisson Solver
     global_data                       : No #     Charge density and Electrostatic potential are given by global arrays
     output                            : none #   Quantities to be plotted after the main solver routine
   kernel:
     screening                         : 0 #      Mu screening parameter
  #------------------------------------------------------------------- Kernel Initialization
 Poisson Kernel Initialization:
    #---------------------------------------------------------------------- Input parameters
   setup:
     accel                             : ONEMATH # Material Acceleration
     use_gpu_direct                    : Yes #    Force (or not) the usage of GPUdirect communication, if available
     verbose                           : Yes #    Verbosity switch
     keep_gpu_memory                   : Yes #    Do not deallocate GPU memory at each call of the (G)PS routine
     accel                             : ONEMATH # Material Acceleration
     use_gpu_direct                    : Yes #    Force (or not) the usage of GPUdirect communication, if available
     verbose                           : Yes #    Verbosity switch
  #------------------------------------------------------------------- Kernel Initialization
 Poisson Kernel Initialization:
    #---------------------------------------------------------------------- Input parameters
   setup:
     accel                             : ONEMATH # Material Acceleration
     use_gpu_direct                    : Yes #    Force (or not) the usage of GPUdirect communication, if available
     verbose                           : Yes #    Verbosity switch
     taskgroup_size                    : 0 #      Size of the taskgroups of the Poisson Solver
     global_data                       : No #     Charge density and Electrostatic potential are given by global arrays
     output                            : none #   Quantities to be plotted after the main solver routine
   kernel:
     screening                         : 0 #      Mu screening parameter
     isf_order                         : 16 #     Order of the Interpolating Scaling Function family
     stress_tensor                     : Yes #    Triggers the calculation of the stress tensor
   environment:
     cavity                            : none #   Type of the cavity
  #------------------------------------------------------------------- Kernel Initialization
 Poisson Kernel Initialization:
    #---------------------------------------------------------------------- Input parameters
   setup:
     accel                             : ONEMATH # Material Acceleration
     use_gpu_direct                    : Yes #    Force (or not) the usage of GPUdirect communication, if available
     verbose                           : Yes #    Verbosity switch
     keep_gpu_memory                   : Yes #    Do not deallocate GPU memory at each call of the (G)PS routine
  #------------------------------------------------------------------- Kernel Initialization
 Poisson Kernel Initialization:
    #---------------------------------------------------------------------- Input parameters
   setup:
     accel                             : ONEMATH # Material Acceleration
     use_gpu_direct                    : Yes #    Force (or not) the usage of GPUdirect communication, if available
     verbose                           : Yes #    Verbosity switch
     keep_gpu_memory                   : Yes #    Do not deallocate GPU memory at each call of the (G)PS routine
     taskgroup_size                    : 0 #      Size of the taskgroups of the Poisson Solver
     global_data                       : No #     Charge density and Electrostatic potential are given by global arrays
  #------------------------------------------------------------------- Kernel Initialization
 Poisson Kernel Initialization:
    #---------------------------------------------------------------------- Input parameters
   setup:
     accel                             : ONEMATH # Material Acceleration
     use_gpu_direct                    : Yes #    Force (or not) the usage of GPUdirect communication, if available
     verbose                           : Yes #    Verbosity switch
     keep_gpu_memory                   : Yes #    Do not deallocate GPU memory at each call of the (G)PS routine
     taskgroup_size                    : 0 #      Size of the taskgroups of the Poisson Solver
  #------------------------------------------------------------------- Kernel Initialization
 Poisson Kernel Initialization:
    #---------------------------------------------------------------------- Input parameters
   setup:
     accel                             : ONEMATH # Material Acceleration
     use_gpu_direct                    : Yes #    Force (or not) the usage of GPUdirect communication, if available
     verbose                           : Yes #    Verbosity switch
     keep_gpu_memory                   : Yes #    Do not deallocate GPU memory at each call of the (G)PS routine
     taskgroup_size                    : 0 #      Size of the taskgroups of the Poisson Solver
     global_data                       : No #     Charge density and Electrostatic potential are given by global arrays
     output                            : none #   Quantities to be plotted after the main solver routine
   kernel:
     screening                         : 0 #      Mu screening parameter
  #------------------------------------------------------------------- Kernel Initialization
 Poisson Kernel Initialization:
    #---------------------------------------------------------------------- Input parameters
   setup:
     accel                             : ONEMATH # Material Acceleration
     use_gpu_direct                    : Yes #    Force (or not) the usage of GPUdirect communication, if available
     verbose                           : Yes #    Verbosity switch
     keep_gpu_memory                   : Yes #    Do not deallocate GPU memory at each call of the (G)PS routine
     taskgroup_size                    : 0 #      Size of the taskgroups of the Poisson Solver
     global_data                       : No #     Charge density and Electrostatic potential are given by global arrays
     keep_gpu_memory                   : Yes #    Do not deallocate GPU memory at each call of the (G)PS routine
     taskgroup_size                    : 0 #      Size of the taskgroups of the Poisson Solver
     global_data                       : No #     Charge density and Electrostatic potential are given by global arrays
     output                            : none #   Quantities to be plotted after the main solver routine
   kernel:
     screening                         : 0 #      Mu screening parameter
     isf_order                         : 16 #     Order of the Interpolating Scaling Function family
     stress_tensor                     : Yes #    Triggers the calculation of the stress tensor
   environment:
  #------------------------------------------------------------------- Kernel Initialization
 Poisson Kernel Initialization:
    #---------------------------------------------------------------------- Input parameters
   setup:
     accel                             : ONEMATH # Material Acceleration
     use_gpu_direct                    : Yes #    Force (or not) the usage of GPUdirect communication, if available
     verbose                           : Yes #    Verbosity switch
     keep_gpu_memory                   : Yes #    Do not deallocate GPU memory at each call of the (G)PS routine
  #------------------------------------------------------------------- Kernel Initialization
 Poisson Kernel Initialization:
    #---------------------------------------------------------------------- Input parameters
   setup:
     accel                             : ONEMATH # Material Acceleration
     use_gpu_direct                    : Yes #    Force (or not) the usage of GPUdirect communication, if available
     verbose                           : Yes #    Verbosity switch
     keep_gpu_memory                   : Yes #    Do not deallocate GPU memory at each call of the (G)PS routine
     taskgroup_size                    : 0 #      Size of the taskgroups of the Poisson Solver
     global_data                       : No #     Charge density and Electrostatic potential are given by global arrays
     output                            : none #   Quantities to be plotted after the main solver routine
   kernel:
     screening                         : 0 #      Mu screening parameter
     isf_order                         : 16 #     Order of the Interpolating Scaling Function family
     stress_tensor                     : Yes #    Triggers the calculation of the stress tensor
   environment:
     cavity                            : none #   Type of the cavity
     fd_order                          : 16 #     Order of the Finite-difference derivatives for the GPS solver
  #------------------------------------------------------------------- Kernel Initialization
 Poisson Kernel Initialization:
    #---------------------------------------------------------------------- Input parameters
   setup:
     accel                             : ONEMATH # Material Acceleration
     use_gpu_direct                    : Yes #    Force (or not) the usage of GPUdirect communication, if available
     verbose                           : Yes #    Verbosity switch
     keep_gpu_memory                   : Yes #    Do not deallocate GPU memory at each call of the (G)PS routine
     taskgroup_size                    : 0 #      Size of the taskgroups of the Poisson Solver
     verbose                           : Yes #    Verbosity switch
     keep_gpu_memory                   : Yes #    Do not deallocate GPU memory at each call of the (G)PS routine
     taskgroup_size                    : 0 #      Size of the taskgroups of the Poisson Solver
     global_data                       : No #     Charge density and Electrostatic potential are given by global arrays
     output                            : none #   Quantities to be plotted after the main solver routine
   kernel:
  #------------------------------------------------------------------- Kernel Initialization
 Poisson Kernel Initialization:
    #---------------------------------------------------------------------- Input parameters
   setup:
     accel                             : ONEMATH # Material Acceleration
  #------------------------------------------------------------------- Kernel Initialization
 Poisson Kernel Initialization:
    #---------------------------------------------------------------------- Input parameters
   setup:
     accel                             : ONEMATH # Material Acceleration
     use_gpu_direct                    : Yes #    Force (or not) the usage of GPUdirect communication, if available
     verbose                           : Yes #    Verbosity switch
     keep_gpu_memory                   : Yes #    Do not deallocate GPU memory at each call of the (G)PS routine
     taskgroup_size                    : 0 #      Size of the taskgroups of the Poisson Solver
     global_data                       : No #     Charge density and Electrostatic potential are given by global arrays
     output                            : none #   Quantities to be plotted after the main solver routine
   kernel:
  #------------------------------------------------------------------- Kernel Initialization
 Poisson Kernel Initialization:
    #---------------------------------------------------------------------- Input parameters
   setup:
     accel                             : ONEMATH # Material Acceleration
     use_gpu_direct                    : Yes #    Force (or not) the usage of GPUdirect communication, if available
     verbose                           : Yes #    Verbosity switch
     keep_gpu_memory                   : Yes #    Do not deallocate GPU memory at each call of the (G)PS routine
     taskgroup_size                    : 0 #      Size of the taskgroups of the Poisson Solver
     global_data                       : No #     Charge density and Electrostatic potential are given by global arrays
     output                            : none #   Quantities to be plotted after the main solver routine
   kernel:
     screening                         : 0 #      Mu screening parameter
  #------------------------------------------------------------------- Kernel Initialization
 Poisson Kernel Initialization:
    #---------------------------------------------------------------------- Input parameters
   setup:
     accel                             : ONEMATH # Material Acceleration
     use_gpu_direct                    : Yes #    Force (or not) the usage of GPUdirect communication, if available
     verbose                           : Yes #    Verbosity switch
     keep_gpu_memory                   : Yes #    Do not deallocate GPU memory at each call of the (G)PS routine
     taskgroup_size                    : 0 #      Size of the taskgroups of the Poisson Solver
     global_data                       : No #     Charge density and Electrostatic potential are given by global arrays
     output                            : none #   Quantities to be plotted after the main solver routine
  #------------------------------------------------------------------- Kernel Initialization
 Poisson Kernel Initialization:
    #---------------------------------------------------------------------- Input parameters
   setup:
     accel                             : ONEMATH # Material Acceleration
     use_gpu_direct                    : Yes #    Force (or not) the usage of GPUdirect communication, if available
     verbose                           : Yes #    Verbosity switch
     keep_gpu_memory                   : Yes #    Do not deallocate GPU memory at each call of the (G)PS routine
     taskgroup_size                    : 0 #      Size of the taskgroups of the Poisson Solver
     global_data                       : No #     Charge density and Electrostatic potential are given by global arrays
  #------------------------------------------------------------------- Kernel Initialization
 Poisson Kernel Initialization:
    #---------------------------------------------------------------------- Input parameters
   setup:
     accel                             : ONEMATH # Material Acceleration
     use_gpu_direct                    : Yes #    Force (or not) the usage of GPUdirect communication, if available
     verbose                           : Yes #    Verbosity switch
     keep_gpu_memory                   : Yes #    Do not deallocate GPU memory at each call of the (G)PS routine
     taskgroup_size                    : 0 #      Size of the taskgroups of the Poisson Solver
     global_data                       : No #     Charge density and Electrostatic potential are given by global arrays
     output                            : none #   Quantities to be plotted after the main solver routine
   kernel:
     output                            : none #   Quantities to be plotted after the main solver routine
   kernel:
     screening                         : 0 #      Mu screening parameter
     isf_order                         : 16 #     Order of the Interpolating Scaling Function family
     stress_tensor                     : Yes #    Triggers the calculation of the stress tensor
   environment:
     cavity                            : none #   Type of the cavity
     fd_order                          : 16 #     Order of the Finite-difference derivatives for the GPS solver
     itermax                           : 200 #    Maximum number of iterations of the GPS outer loop
  #------------------------------------------------------------------- Kernel Initialization
 Poisson Kernel Initialization:
    #---------------------------------------------------------------------- Input parameters
   setup:
     accel                             : ONEMATH # Material Acceleration
     use_gpu_direct                    : Yes #    Force (or not) the usage of GPUdirect communication, if available
     verbose                           : Yes #    Verbosity switch
     keep_gpu_memory                   : Yes #    Do not deallocate GPU memory at each call of the (G)PS routine
     taskgroup_size                    : 0 #      Size of the taskgroups of the Poisson Solver
     global_data                       : No #     Charge density and Electrostatic potential are given by global arrays
     output                            : none #   Quantities to be plotted after the main solver routine
   kernel:
     screening                         : 0 #      Mu screening parameter
     isf_order                         : 16 #     Order of the Interpolating Scaling Function family
     stress_tensor                     : Yes #    Triggers the calculation of the stress tensor
   environment:
  #------------------------------------------------------------------- Kernel Initialization
 Poisson Kernel Initialization:
    #---------------------------------------------------------------------- Input parameters
   setup:
     accel                             : ONEMATH # Material Acceleration
     use_gpu_direct                    : Yes #    Force (or not) the usage of GPUdirect communication, if available
     verbose                           : Yes #    Verbosity switch
     keep_gpu_memory                   : Yes #    Do not deallocate GPU memory at each call of the (G)PS routine
     verbose                           : Yes #    Verbosity switch
     keep_gpu_memory                   : Yes #    Do not deallocate GPU memory at each call of the (G)PS routine
     taskgroup_size                    : 0 #      Size of the taskgroups of the Poisson Solver
     global_data                       : No #     Charge density and Electrostatic potential are given by global arrays
     output                            : none #   Quantities to be plotted after the main solver routine
   kernel:
     screening                         : 0 #      Mu screening parameter
     isf_order                         : 16 #     Order of the Interpolating Scaling Function family
  #------------------------------------------------------------------- Kernel Initialization
 Poisson Kernel Initialization:
    #---------------------------------------------------------------------- Input parameters
   setup:
     accel                             : ONEMATH # Material Acceleration
     use_gpu_direct                    : Yes #    Force (or not) the usage of GPUdirect communication, if available
     verbose                           : Yes #    Verbosity switch
     keep_gpu_memory                   : Yes #    Do not deallocate GPU memory at each call of the (G)PS routine
     taskgroup_size                    : 0 #      Size of the taskgroups of the Poisson Solver
     global_data                       : No #     Charge density and Electrostatic potential are given by global arrays
     output                            : none #   Quantities to be plotted after the main solver routine
   kernel:
     screening                         : 0 #      Mu screening parameter
     isf_order                         : 16 #     Order of the Interpolating Scaling Function family
     stress_tensor                     : Yes #    Triggers the calculation of the stress tensor
   environment:
     cavity                            : none #   Type of the cavity
     fd_order                          : 16 #     Order of the Finite-difference derivatives for the GPS solver
     itermax                           : 200 #    Maximum number of iterations of the GPS outer loop
     global_data                       : No #     Charge density and Electrostatic potential are given by global arrays
     output                            : none #   Quantities to be plotted after the main solver routine
   kernel:
     screening                         : 0 #      Mu screening parameter
     isf_order                         : 16 #     Order of the Interpolating Scaling Function family
     stress_tensor                     : Yes #    Triggers the calculation of the stress tensor
   environment:
     cavity                            : none #   Type of the cavity
     fd_order                          : 16 #     Order of the Finite-difference derivatives for the GPS solver
     itermax                           : 200 #    Maximum number of iterations of the GPS outer loop
  #------------------------------------------------------------------- Kernel Initialization
 Poisson Kernel Initialization:
    #---------------------------------------------------------------------- Input parameters
   setup:
     accel                             : ONEMATH # Material Acceleration
     use_gpu_direct                    : Yes #    Force (or not) the usage of GPUdirect communication, if available
     verbose                           : Yes #    Verbosity switch
     keep_gpu_memory                   : Yes #    Do not deallocate GPU memory at each call of the (G)PS routine
     taskgroup_size                    : 0 #      Size of the taskgroups of the Poisson Solver
     global_data                       : No #     Charge density and Electrostatic potential are given by global arrays
     output                            : none #   Quantities to be plotted after the main solver routine
   kernel:
     screening                         : 0 #      Mu screening parameter
  #------------------------------------------------------------------- Kernel Initialization
 Poisson Kernel Initialization:
    #---------------------------------------------------------------------- Input parameters
   setup:
     accel                             : ONEMATH # Material Acceleration
     use_gpu_direct                    : Yes #    Force (or not) the usage of GPUdirect communication, if available
     verbose                           : Yes #    Verbosity switch
     keep_gpu_memory                   : Yes #    Do not deallocate GPU memory at each call of the (G)PS routine
     taskgroup_size                    : 0 #      Size of the taskgroups of the Poisson Solver
     global_data                       : No #     Charge density and Electrostatic potential are given by global arrays
     output                            : none #   Quantities to be plotted after the main solver routine
   kernel:
     screening                         : 0 #      Mu screening parameter
     isf_order                         : 16 #     Order of the Interpolating Scaling Function family
     isf_order                         : 16 #     Order of the Interpolating Scaling Function family
     stress_tensor                     : Yes #    Triggers the calculation of the stress tensor
   environment:
     cavity                            : none #   Type of the cavity
     fd_order                          : 16 #     Order of the Finite-difference derivatives for the GPS solver
     itermax                           : 200 #    Maximum number of iterations of the GPS outer loop
     minres                            : 1.e-8 #  Convergence threshold of the loop
     pb_method                         : none #   Defines the method for the Poisson Boltzmann Equation
   MPI tasks                           :  1
   OpenMP threads per MPI task         :  28
  #------------------------------------------------------------------- Kernel Initialization
 Poisson Kernel Initialization:
    #---------------------------------------------------------------------- Input parameters
   setup:
     accel                             : ONEMATH # Material Acceleration
     use_gpu_direct                    : Yes #    Force (or not) the usage of GPUdirect communication, if available
     verbose                           : Yes #    Verbosity switch
     keep_gpu_memory                   : Yes #    Do not deallocate GPU memory at each call of the (G)PS routine
     taskgroup_size                    : 0 #      Size of the taskgroups of the Poisson Solver
     global_data                       : No #     Charge density and Electrostatic potential are given by global arrays
     output                            : none #   Quantities to be plotted after the main solver routine
     global_data                       : No #     Charge density and Electrostatic potential are given by global arrays
     output                            : none #   Quantities to be plotted after the main solver routine
   kernel:
     screening                         : 0 #      Mu screening parameter
     isf_order                         : 16 #     Order of the Interpolating Scaling Function family
     stress_tensor                     : Yes #    Triggers the calculation of the stress tensor
   environment:
  #------------------------------------------------------------------- Kernel Initialization
 Poisson Kernel Initialization:
    #---------------------------------------------------------------------- Input parameters
   setup:
     accel                             : ONEMATH # Material Acceleration
     use_gpu_direct                    : Yes #    Force (or not) the usage of GPUdirect communication, if available
     verbose                           : Yes #    Verbosity switch
     keep_gpu_memory                   : Yes #    Do not deallocate GPU memory at each call of the (G)PS routine
     taskgroup_size                    : 0 #      Size of the taskgroups of the Poisson Solver
     global_data                       : No #     Charge density and Electrostatic potential are given by global arrays
     output                            : none #   Quantities to be plotted after the main solver routine
   kernel:
     screening                         : 0 #      Mu screening parameter
     isf_order                         : 16 #     Order of the Interpolating Scaling Function family
     stress_tensor                     : Yes #    Triggers the calculation of the stress tensor
   environment:
     cavity                            : none #   Type of the cavity
     fd_order                          : 16 #     Order of the Finite-difference derivatives for the GPS solver
     itermax                           : 200 #    Maximum number of iterations of the GPS outer loop
     accel                             : ONEMATH # Material Acceleration
     use_gpu_direct                    : Yes #    Force (or not) the usage of GPUdirect communication, if available
     verbose                           : Yes #    Verbosity switch
     keep_gpu_memory                   : Yes #    Do not deallocate GPU memory at each call of the (G)PS routine
     taskgroup_size                    : 0 #      Size of the taskgroups of the Poisson Solver
     global_data                       : No #     Charge density and Electrostatic potential are given by global arrays
     output                            : none #   Quantities to be plotted after the main solver routine
   kernel:
     screening                         : 0 #      Mu screening parameter
     isf_order                         : 16 #     Order of the Interpolating Scaling Function family
     stress_tensor                     : Yes #    Triggers the calculation of the stress tensor
   environment:
     cavity                            : none #   Type of the cavity
     fd_order                          : 16 #     Order of the Finite-difference derivatives for the GPS solver
     itermax                           : 200 #    Maximum number of iterations of the GPS outer loop
     minres                            : 1.e-8 #  Convergence threshold of the loop
     pb_method                         : none #   Defines the method for the Poisson Boltzmann Equation
   MPI tasks                           :  1
   OpenMP threads per MPI task         :  28
     isf_order                         : 16 #     Order of the Interpolating Scaling Function family
     stress_tensor                     : Yes #    Triggers the calculation of the stress tensor
   environment:
     cavity                            : none #   Type of the cavity
     fd_order                          : 16 #     Order of the Finite-difference derivatives for the GPS solver
     itermax                           : 200 #    Maximum number of iterations of the GPS outer loop
     minres                            : 1.e-8 #  Convergence threshold of the loop
     pb_method                         : none #   Defines the method for the Poisson Boltzmann Equation
   MPI tasks                           :  1
  #------------------------------------------------------------------- Kernel Initialization
 Poisson Kernel Initialization:
    #---------------------------------------------------------------------- Input parameters
   setup:
     accel                             : ONEMATH # Material Acceleration
     use_gpu_direct                    : Yes #    Force (or not) the usage of GPUdirect communication, if available
     verbose                           : Yes #    Verbosity switch
     keep_gpu_memory                   : Yes #    Do not deallocate GPU memory at each call of the (G)PS routine
     taskgroup_size                    : 0 #      Size of the taskgroups of the Poisson Solver
     global_data                       : No #     Charge density and Electrostatic potential are given by global arrays
     output                            : none #   Quantities to be plotted after the main solver routine
   kernel:
     screening                         : 0 #      Mu screening parameter
     isf_order                         : 16 #     Order of the Interpolating Scaling Function family
     stress_tensor                     : Yes #    Triggers the calculation of the stress tensor
   environment:
  #------------------------------------------------------------------- Kernel Initialization
 Poisson Kernel Initialization:
  #------------------------------------------------------------------- Kernel Initialization
 Poisson Kernel Initialization:
    #---------------------------------------------------------------------- Input parameters
   setup:
     accel                             : ONEMATH # Material Acceleration
     use_gpu_direct                    : Yes #    Force (or not) the usage of GPUdirect communication, if available
     verbose                           : Yes #    Verbosity switch
     keep_gpu_memory                   : Yes #    Do not deallocate GPU memory at each call of the (G)PS routine
     taskgroup_size                    : 0 #      Size of the taskgroups of the Poisson Solver
     global_data                       : No #     Charge density and Electrostatic potential are given by global arrays
     output                            : none #   Quantities to be plotted after the main solver routine
   kernel:
     screening                         : 0 #      Mu screening parameter
     isf_order                         : 16 #     Order of the Interpolating Scaling Function family
     stress_tensor                     : Yes #    Triggers the calculation of the stress tensor
   environment:
   kernel:
     screening                         : 0 #      Mu screening parameter
     isf_order                         : 16 #     Order of the Interpolating Scaling Function family
     stress_tensor                     : Yes #    Triggers the calculation of the stress tensor
   environment:
     cavity                            : none #   Type of the cavity
     fd_order                          : 16 #     Order of the Finite-difference derivatives for the GPS solver
     itermax                           : 200 #    Maximum number of iterations of the GPS outer loop
     minres                            : 1.e-8 #  Convergence threshold of the loop
     pb_method                         : none #   Defines the method for the Poisson Boltzmann Equation
     accel                             : ONEMATH # Material Acceleration
     use_gpu_direct                    : Yes #    Force (or not) the usage of GPUdirect communication, if available
     verbose                           : Yes #    Verbosity switch
     keep_gpu_memory                   : Yes #    Do not deallocate GPU memory at each call of the (G)PS routine
     taskgroup_size                    : 0 #      Size of the taskgroups of the Poisson Solver
     global_data                       : No #     Charge density and Electrostatic potential are given by global arrays
     output                            : none #   Quantities to be plotted after the main solver routine
     output                            : none #   Quantities to be plotted after the main solver routine
   kernel:
     screening                         : 0 #      Mu screening parameter
     isf_order                         : 16 #     Order of the Interpolating Scaling Function family
     stress_tensor                     : Yes #    Triggers the calculation of the stress tensor
   environment:
  #------------------------------------------------------------------- Kernel Initialization
 Poisson Kernel Initialization:
    #---------------------------------------------------------------------- Input parameters
   setup:
     accel                             : ONEMATH # Material Acceleration
     use_gpu_direct                    : Yes #    Force (or not) the usage of GPUdirect communication, if available
     verbose                           : Yes #    Verbosity switch
     keep_gpu_memory                   : Yes #    Do not deallocate GPU memory at each call of the (G)PS routine
     taskgroup_size                    : 0 #      Size of the taskgroups of the Poisson Solver
     global_data                       : No #     Charge density and Electrostatic potential are given by global arrays
     output                            : none #   Quantities to be plotted after the main solver routine
   kernel:
     screening                         : 0 #      Mu screening parameter
     isf_order                         : 16 #     Order of the Interpolating Scaling Function family
     stress_tensor                     : Yes #    Triggers the calculation of the stress tensor
   environment:
     cavity                            : none #   Type of the cavity
     fd_order                          : 16 #     Order of the Finite-difference derivatives for the GPS solver
     itermax                           : 200 #    Maximum number of iterations of the GPS outer loop
     verbose                           : Yes #    Verbosity switch
     keep_gpu_memory                   : Yes #    Do not deallocate GPU memory at each call of the (G)PS routine
     taskgroup_size                    : 0 #      Size of the taskgroups of the Poisson Solver
     global_data                       : No #     Charge density and Electrostatic potential are given by global arrays
     output                            : none #   Quantities to be plotted after the main solver routine
   kernel:
     screening                         : 0 #      Mu screening parameter
     isf_order                         : 16 #     Order of the Interpolating Scaling Function family
     stress_tensor                     : Yes #    Triggers the calculation of the stress tensor
   environment:
     cavity                            : none #   Type of the cavity
     fd_order                          : 16 #     Order of the Finite-difference derivatives for the GPS solver
     itermax                           : 200 #    Maximum number of iterations of the GPS outer loop
     minres                            : 1.e-8 #  Convergence threshold of the loop
     pb_method                         : none #   Defines the method for the Poisson Boltzmann Equation
   MPI tasks                           :  1
   OpenMP threads per MPI task         :  28
   Poisson Solver GPU Enumerator:
     BACKEND                           :  4
     Attributes:
  #------------------------------------------------------------------- Kernel Initialization
 Poisson Kernel Initialization:
    #---------------------------------------------------------------------- Input parameters
   setup:
     accel                             : ONEMATH # Material Acceleration
     use_gpu_direct                    : Yes #    Force (or not) the usage of GPUdirect communication, if available
     verbose                           : Yes #    Verbosity switch
     keep_gpu_memory                   : Yes #    Do not deallocate GPU memory at each call of the (G)PS routine
     taskgroup_size                    : 0 #      Size of the taskgroups of the Poisson Solver
     global_data                       : No #     Charge density and Electrostatic potential are given by global arrays
  #------------------------------------------------------------------- Kernel Initialization
 Poisson Kernel Initialization:
    #---------------------------------------------------------------------- Input parameters
   setup:
     accel                             : ONEMATH # Material Acceleration
     use_gpu_direct                    : Yes #    Force (or not) the usage of GPUdirect communication, if available
     verbose                           : Yes #    Verbosity switch
     keep_gpu_memory                   : Yes #    Do not deallocate GPU memory at each call of the (G)PS routine
     taskgroup_size                    : 0 #      Size of the taskgroups of the Poisson Solver
     global_data                       : No #     Charge density and Electrostatic potential are given by global arrays
     output                            : none #   Quantities to be plotted after the main solver routine
   kernel:
     screening                         : 0 #      Mu screening parameter
     isf_order                         : 16 #     Order of the Interpolating Scaling Function family
     stress_tensor                     : Yes #    Triggers the calculation of the stress tensor
   environment:
     cavity                            : none #   Type of the cavity
  #------------------------------------------------------------------- Kernel Initialization
 Poisson Kernel Initialization:
    #---------------------------------------------------------------------- Input parameters
   setup:
  #------------------------------------------------------------------- Kernel Initialization
 Poisson Kernel Initialization:
    #---------------------------------------------------------------------- Input parameters
   setup:
     accel                             : ONEMATH # Material Acceleration
     use_gpu_direct                    : Yes #    Force (or not) the usage of GPUdirect communication, if available
     verbose                           : Yes #    Verbosity switch
     keep_gpu_memory                   : Yes #    Do not deallocate GPU memory at each call of the (G)PS routine
     taskgroup_size                    : 0 #      Size of the taskgroups of the Poisson Solver
     global_data                       : No #     Charge density and Electrostatic potential are given by global arrays
     output                            : none #   Quantities to be plotted after the main solver routine
   kernel:
     screening                         : 0 #      Mu screening parameter
     isf_order                         : 16 #     Order of the Interpolating Scaling Function family
     stress_tensor                     : Yes #    Triggers the calculation of the stress tensor
   environment:
     cavity                            : none #   Type of the cavity
     fd_order                          : 16 #     Order of the Finite-difference derivatives for the GPS solver
     cavity                            : none #   Type of the cavity
     fd_order                          : 16 #     Order of the Finite-difference derivatives for the GPS solver
     itermax                           : 200 #    Maximum number of iterations of the GPS outer loop
     minres                            : 1.e-8 #  Convergence threshold of the loop
     pb_method                         : none #   Defines the method for the Poisson Boltzmann Equation
   MPI tasks                           :  1
   OpenMP threads per MPI task         :  28
   Poisson Solver GPU Enumerator:
     BACKEND                           :  4
     Attributes:
       DEVICE                          :  0
       MODEL                           :  2
  #------------------------------------------------------------------- Kernel Initialization
 Poisson Kernel Initialization:
    #---------------------------------------------------------------------- Input parameters
   setup:
     accel                             : ONEMATH # Material Acceleration
     use_gpu_direct                    : Yes #    Force (or not) the usage of GPUdirect communication, if available
     verbose                           : Yes #    Verbosity switch
     keep_gpu_memory                   : Yes #    Do not deallocate GPU memory at each call of the (G)PS routine
     taskgroup_size                    : 0 #      Size of the taskgroups of the Poisson Solver
     global_data                       : No #     Charge density and Electrostatic potential are given by global arrays
     output                            : none #   Quantities to be plotted after the main solver routine
   kernel:
     screening                         : 0 #      Mu screening parameter
     isf_order                         : 16 #     Order of the Interpolating Scaling Function family
  #------------------------------------------------------------------- Kernel Initialization
 Poisson Kernel Initialization:
    #---------------------------------------------------------------------- Input parameters
   setup:
     accel                             : ONEMATH # Material Acceleration
     use_gpu_direct                    : Yes #    Force (or not) the usage of GPUdirect communication, if available
     verbose                           : Yes #    Verbosity switch
     keep_gpu_memory                   : Yes #    Do not deallocate GPU memory at each call of the (G)PS routine
     taskgroup_size                    : 0 #      Size of the taskgroups of the Poisson Solver
     global_data                       : No #     Charge density and Electrostatic potential are given by global arrays
     output                            : none #   Quantities to be plotted after the main solver routine
   kernel:
     accel                             : ONEMATH # Material Acceleration
     use_gpu_direct                    : Yes #    Force (or not) the usage of GPUdirect communication, if available
     verbose                           : Yes #    Verbosity switch
     keep_gpu_memory                   : Yes #    Do not deallocate GPU memory at each call of the (G)PS routine
     taskgroup_size                    : 0 #      Size of the taskgroups of the Poisson Solver
     global_data                       : No #     Charge density and Electrostatic potential are given by global arrays
     output                            : none #   Quantities to be plotted after the main solver routine
   kernel:
     screening                         : 0 #      Mu screening parameter
     isf_order                         : 16 #     Order of the Interpolating Scaling Function family
     stress_tensor                     : Yes #    Triggers the calculation of the stress tensor
   environment:
     cavity                            : none #   Type of the cavity
     fd_order                          : 16 #     Order of the Finite-difference derivatives for the GPS solver
     itermax                           : 200 #    Maximum number of iterations of the GPS outer loop
     minres                            : 1.e-8 #  Convergence threshold of the loop
     pb_method                         : none #   Defines the method for the Poisson Boltzmann Equation
     isf_order                         : 16 #     Order of the Interpolating Scaling Function family
     stress_tensor                     : Yes #    Triggers the calculation of the stress tensor
   environment:
     cavity                            : none #   Type of the cavity
     fd_order                          : 16 #     Order of the Finite-difference derivatives for the GPS solver
     itermax                           : 200 #    Maximum number of iterations of the GPS outer loop
  #------------------------------------------------------------------- Kernel Initialization
 Poisson Kernel Initialization:
    #---------------------------------------------------------------------- Input parameters
   setup:
     accel                             : ONEMATH # Material Acceleration
     use_gpu_direct                    : Yes #    Force (or not) the usage of GPUdirect communication, if available
     verbose                           : Yes #    Verbosity switch
     keep_gpu_memory                   : Yes #    Do not deallocate GPU memory at each call of the (G)PS routine
     taskgroup_size                    : 0 #      Size of the taskgroups of the Poisson Solver
     global_data                       : No #     Charge density and Electrostatic potential are given by global arrays
     output                            : none #   Quantities to be plotted after the main solver routine
   kernel:
     screening                         : 0 #      Mu screening parameter
     isf_order                         : 16 #     Order of the Interpolating Scaling Function family
     stress_tensor                     : Yes #    Triggers the calculation of the stress tensor
   environment:
     cavity                            : none #   Type of the cavity
     fd_order                          : 16 #     Order of the Finite-difference derivatives for the GPS solver
     itermax                           : 200 #    Maximum number of iterations of the GPS outer loop
     minres                            : 1.e-8 #  Convergence threshold of the loop
     pb_method                         : none #   Defines the method for the Poisson Boltzmann Equation
   MPI tasks                           :  1
   OpenMP threads per MPI task         :  28
   Poisson Solver GPU Enumerator:
  #------------------------------------------------------------------- Kernel Initialization
 Poisson Kernel Initialization:
    #---------------------------------------------------------------------- Input parameters
   setup:
     accel                             : ONEMATH # Material Acceleration
     use_gpu_direct                    : Yes #    Force (or not) the usage of GPUdirect communication, if available
     verbose                           : Yes #    Verbosity switch
     keep_gpu_memory                   : Yes #    Do not deallocate GPU memory at each call of the (G)PS routine
     taskgroup_size                    : 0 #      Size of the taskgroups of the Poisson Solver
     global_data                       : No #     Charge density and Electrostatic potential are given by global arrays
     output                            : none #   Quantities to be plotted after the main solver routine
   kernel:
  #------------------------------------------------------------------- Kernel Initialization
 Poisson Kernel Initialization:
    #---------------------------------------------------------------------- Input parameters
   setup:
     accel                             : ONEMATH # Material Acceleration
     use_gpu_direct                    : Yes #    Force (or not) the usage of GPUdirect communication, if available
     verbose                           : Yes #    Verbosity switch
     keep_gpu_memory                   : Yes #    Do not deallocate GPU memory at each call of the (G)PS routine
     taskgroup_size                    : 0 #      Size of the taskgroups of the Poisson Solver
     global_data                       : No #     Charge density and Electrostatic potential are given by global arrays
     output                            : none #   Quantities to be plotted after the main solver routine
   kernel:
     screening                         : 0 #      Mu screening parameter
     isf_order                         : 16 #     Order of the Interpolating Scaling Function family
     stress_tensor                     : Yes #    Triggers the calculation of the stress tensor
   environment:
     cavity                            : none #   Type of the cavity
     fd_order                          : 16 #     Order of the Finite-difference derivatives for the GPS solver
     keep_gpu_memory                   : Yes #    Do not deallocate GPU memory at each call of the (G)PS routine
     taskgroup_size                    : 0 #      Size of the taskgroups of the Poisson Solver
  #------------------------------------------------------------------- Kernel Initialization
 Poisson Kernel Initialization:
    #---------------------------------------------------------------------- Input parameters
   setup:
     accel                             : ONEMATH # Material Acceleration
     use_gpu_direct                    : Yes #    Force (or not) the usage of GPUdirect communication, if available
     verbose                           : Yes #    Verbosity switch
     keep_gpu_memory                   : Yes #    Do not deallocate GPU memory at each call of the (G)PS routine
     taskgroup_size                    : 0 #      Size of the taskgroups of the Poisson Solver
     global_data                       : No #     Charge density and Electrostatic potential are given by global arrays
     output                            : none #   Quantities to be plotted after the main solver routine
   kernel:
     screening                         : 0 #      Mu screening parameter
     isf_order                         : 16 #     Order of the Interpolating Scaling Function family
     stress_tensor                     : Yes #    Triggers the calculation of the stress tensor
   environment:
     cavity                            : none #   Type of the cavity
     fd_order                          : 16 #     Order of the Finite-difference derivatives for the GPS solver
     itermax                           : 200 #    Maximum number of iterations of the GPS outer loop
     minres                            : 1.e-8 #  Convergence threshold of the loop
     fd_order                          : 16 #     Order of the Finite-difference derivatives for the GPS solver
     itermax                           : 200 #    Maximum number of iterations of the GPS outer loop
     minres                            : 1.e-8 #  Convergence threshold of the loop
     pb_method                         : none #   Defines the method for the Poisson Boltzmann Equation
   MPI tasks                           :  1
   OpenMP threads per MPI task         :  28
   Poisson Solver GPU Enumerator:
     BACKEND                           :  4
     Attributes:
       DEVICE                          :  0
       MODEL                           :  2
     verbose                           : Yes #    Verbosity switch
     keep_gpu_memory                   : Yes #    Do not deallocate GPU memory at each call of the (G)PS routine
     taskgroup_size                    : 0 #      Size of the taskgroups of the Poisson Solver
     global_data                       : No #     Charge density and Electrostatic potential are given by global arrays
     output                            : none #   Quantities to be plotted after the main solver routine
   kernel:
     screening                         : 0 #      Mu screening parameter
     isf_order                         : 16 #     Order of the Interpolating Scaling Function family
     stress_tensor                     : Yes #    Triggers the calculation of the stress tensor
  #------------------------------------------------------------------- Kernel Initialization
 Poisson Kernel Initialization:
    #---------------------------------------------------------------------- Input parameters
   setup:
     accel                             : ONEMATH # Material Acceleration
     use_gpu_direct                    : Yes #    Force (or not) the usage of GPUdirect communication, if available
     verbose                           : Yes #    Verbosity switch
     keep_gpu_memory                   : Yes #    Do not deallocate GPU memory at each call of the (G)PS routine
     taskgroup_size                    : 0 #      Size of the taskgroups of the Poisson Solver
     global_data                       : No #     Charge density and Electrostatic potential are given by global arrays
     output                            : none #   Quantities to be plotted after the main solver routine
   kernel:
     keep_gpu_memory                   : Yes #    Do not deallocate GPU memory at each call of the (G)PS routine
     taskgroup_size                    : 0 #      Size of the taskgroups of the Poisson Solver
     global_data                       : No #     Charge density and Electrostatic potential are given by global arrays
     output                            : none #   Quantities to be plotted after the main solver routine
   kernel:
     screening                         : 0 #      Mu screening parameter
     isf_order                         : 16 #     Order of the Interpolating Scaling Function family
     stress_tensor                     : Yes #    Triggers the calculation of the stress tensor
   environment:
     cavity                            : none #   Type of the cavity
     fd_order                          : 16 #     Order of the Finite-difference derivatives for the GPS solver
     itermax                           : 200 #    Maximum number of iterations of the GPS outer loop
     minres                            : 1.e-8 #  Convergence threshold of the loop
     pb_method                         : none #   Defines the method for the Poisson Boltzmann Equation
   MPI tasks                           :  1
   OpenMP threads per MPI task         :  28
     screening                         : 0 #      Mu screening parameter
     isf_order                         : 16 #     Order of the Interpolating Scaling Function family
     stress_tensor                     : Yes #    Triggers the calculation of the stress tensor
   environment:
     cavity                            : none #   Type of the cavity
     fd_order                          : 16 #     Order of the Finite-difference derivatives for the GPS solver
     use_gpu_direct                    : Yes #    Force (or not) the usage of GPUdirect communication, if available
     verbose                           : Yes #    Verbosity switch
     keep_gpu_memory                   : Yes #    Do not deallocate GPU memory at each call of the (G)PS routine
     taskgroup_size                    : 0 #      Size of the taskgroups of the Poisson Solver
     global_data                       : No #     Charge density and Electrostatic potential are given by global arrays
     output                            : none #   Quantities to be plotted after the main solver routine
   kernel:
     screening                         : 0 #      Mu screening parameter
     isf_order                         : 16 #     Order of the Interpolating Scaling Function family
     stress_tensor                     : Yes #    Triggers the calculation of the stress tensor
   environment:
     cavity                            : none #   Type of the cavity
     fd_order                          : 16 #     Order of the Finite-difference derivatives for the GPS solver
     itermax                           : 200 #    Maximum number of iterations of the GPS outer loop
     minres                            : 1.e-8 #  Convergence threshold of the loop
     pb_method                         : none #   Defines the method for the Poisson Boltzmann Equation
   MPI tasks                           :  1
   OpenMP threads per MPI task         :  28
   Poisson Solver GPU Enumerator:
     BACKEND                           :  4
     Attributes:
  #------------------------------------------------------------------- Kernel Initialization
 Poisson Kernel Initialization:
    #---------------------------------------------------------------------- Input parameters
   setup:
     accel                             : ONEMATH # Material Acceleration
     use_gpu_direct                    : Yes #    Force (or not) the usage of GPUdirect communication, if available
     verbose                           : Yes #    Verbosity switch
     keep_gpu_memory                   : Yes #    Do not deallocate GPU memory at each call of the (G)PS routine
     taskgroup_size                    : 0 #      Size of the taskgroups of the Poisson Solver
     global_data                       : No #     Charge density and Electrostatic potential are given by global arrays
     output                            : none #   Quantities to be plotted after the main solver routine
   kernel:
     screening                         : 0 #      Mu screening parameter
     use_gpu_direct                    : Yes #    Force (or not) the usage of GPUdirect communication, if available
     verbose                           : Yes #    Verbosity switch
     keep_gpu_memory                   : Yes #    Do not deallocate GPU memory at each call of the (G)PS routine
     taskgroup_size                    : 0 #      Size of the taskgroups of the Poisson Solver
     global_data                       : No #     Charge density and Electrostatic potential are given by global arrays
     output                            : none #   Quantities to be plotted after the main solver routine
   kernel:
     screening                         : 0 #      Mu screening parameter
     isf_order                         : 16 #     Order of the Interpolating Scaling Function family
     stress_tensor                     : Yes #    Triggers the calculation of the stress tensor
   environment:
     cavity                            : none #   Type of the cavity
     fd_order                          : 16 #     Order of the Finite-difference derivatives for the GPS solver
     itermax                           : 200 #    Maximum number of iterations of the GPS outer loop
     minres                            : 1.e-8 #  Convergence threshold of the loop
     pb_method                         : none #   Defines the method for the Poisson Boltzmann Equation
  #------------------------------------------------------------------- Kernel Initialization
 Poisson Kernel Initialization:
    #---------------------------------------------------------------------- Input parameters
   setup:
     accel                             : ONEMATH # Material Acceleration
     use_gpu_direct                    : Yes #    Force (or not) the usage of GPUdirect communication, if available
     verbose                           : Yes #    Verbosity switch
     keep_gpu_memory                   : Yes #    Do not deallocate GPU memory at each call of the (G)PS routine
     taskgroup_size                    : 0 #      Size of the taskgroups of the Poisson Solver
     global_data                       : No #     Charge density and Electrostatic potential are given by global arrays
     output                            : none #   Quantities to be plotted after the main solver routine
   kernel:
     screening                         : 0 #      Mu screening parameter
     isf_order                         : 16 #     Order of the Interpolating Scaling Function family
     stress_tensor                     : Yes #    Triggers the calculation of the stress tensor
   environment:
     cavity                            : none #   Type of the cavity
     fd_order                          : 16 #     Order of the Finite-difference derivatives for the GPS solver
     itermax                           : 200 #    Maximum number of iterations of the GPS outer loop
     minres                            : 1.e-8 #  Convergence threshold of the loop
     pb_method                         : none #   Defines the method for the Poisson Boltzmann Equation
   MPI tasks                           :  1
   OpenMP threads per MPI task         :  28
     fd_order                          : 16 #     Order of the Finite-difference derivatives for the GPS solver
     itermax                           : 200 #    Maximum number of iterations of the GPS outer loop
     minres                            : 1.e-8 #  Convergence threshold of the loop
     pb_method                         : none #   Defines the method for the Poisson Boltzmann Equation
   MPI tasks                           :  1
   OpenMP threads per MPI task         :  28
   Poisson Solver GPU Enumerator:
     BACKEND                           :  4
     Attributes:
       DEVICE                          :  0
       MODEL                           :  2
  #------------------------------------------------------------------- Kernel Initialization
 Poisson Kernel Initialization:
    #---------------------------------------------------------------------- Input parameters
   setup:
     accel                             : ONEMATH # Material Acceleration
     use_gpu_direct                    : Yes #    Force (or not) the usage of GPUdirect communication, if available
     verbose                           : Yes #    Verbosity switch
     keep_gpu_memory                   : Yes #    Do not deallocate GPU memory at each call of the (G)PS routine
     taskgroup_size                    : 0 #      Size of the taskgroups of the Poisson Solver
     global_data                       : No #     Charge density and Electrostatic potential are given by global arrays
     output                            : none #   Quantities to be plotted after the main solver routine
   kernel:
     screening                         : 0 #      Mu screening parameter
  #------------------------------------------------------------------- Kernel Initialization
 Poisson Kernel Initialization:
    #---------------------------------------------------------------------- Input parameters
   setup:
     accel                             : ONEMATH # Material Acceleration
     use_gpu_direct                    : Yes #    Force (or not) the usage of GPUdirect communication, if available
     verbose                           : Yes #    Verbosity switch
     keep_gpu_memory                   : Yes #    Do not deallocate GPU memory at each call of the (G)PS routine
     taskgroup_size                    : 0 #      Size of the taskgroups of the Poisson Solver
     global_data                       : No #     Charge density and Electrostatic potential are given by global arrays
     output                            : none #   Quantities to be plotted after the main solver routine
   kernel:
     screening                         : 0 #      Mu screening parameter
     isf_order                         : 16 #     Order of the Interpolating Scaling Function family
     stress_tensor                     : Yes #    Triggers the calculation of the stress tensor
   environment:
     keep_gpu_memory                   : Yes #    Do not deallocate GPU memory at each call of the (G)PS routine
     taskgroup_size                    : 0 #      Size of the taskgroups of the Poisson Solver
     global_data                       : No #     Charge density and Electrostatic potential are given by global arrays
     output                            : none #   Quantities to be plotted after the main solver routine
   kernel:
     screening                         : 0 #      Mu screening parameter
     isf_order                         : 16 #     Order of the Interpolating Scaling Function family
     stress_tensor                     : Yes #    Triggers the calculation of the stress tensor
   environment:
     cavity                            : none #   Type of the cavity
     fd_order                          : 16 #     Order of the Finite-difference derivatives for the GPS solver
     itermax                           : 200 #    Maximum number of iterations of the GPS outer loop
     minres                            : 1.e-8 #  Convergence threshold of the loop
     pb_method                         : none #   Defines the method for the Poisson Boltzmann Equation
   MPI tasks                           :  1
   OpenMP threads per MPI task         :  28
  #------------------------------------------------------------------- Kernel Initialization
 Poisson Kernel Initialization:
    #---------------------------------------------------------------------- Input parameters
   setup:
     accel                             : ONEMATH # Material Acceleration
     use_gpu_direct                    : Yes #    Force (or not) the usage of GPUdirect communication, if available
     verbose                           : Yes #    Verbosity switch
     keep_gpu_memory                   : Yes #    Do not deallocate GPU memory at each call of the (G)PS routine
     taskgroup_size                    : 0 #      Size of the taskgroups of the Poisson Solver
     global_data                       : No #     Charge density and Electrostatic potential are given by global arrays
     output                            : none #   Quantities to be plotted after the main solver routine
   kernel:
     screening                         : 0 #      Mu screening parameter
     isf_order                         : 16 #     Order of the Interpolating Scaling Function family
     stress_tensor                     : Yes #    Triggers the calculation of the stress tensor
   environment:
     cavity                            : none #   Type of the cavity
     fd_order                          : 16 #     Order of the Finite-difference derivatives for the GPS solver
     taskgroup_size                    : 0 #      Size of the taskgroups of the Poisson Solver
     global_data                       : No #     Charge density and Electrostatic potential are given by global arrays
     output                            : none #   Quantities to be plotted after the main solver routine
   kernel:
     screening                         : 0 #      Mu screening parameter
     isf_order                         : 16 #     Order of the Interpolating Scaling Function family
     stress_tensor                     : Yes #    Triggers the calculation of the stress tensor
   environment:
     cavity                            : none #   Type of the cavity
     fd_order                          : 16 #     Order of the Finite-difference derivatives for the GPS solver
     itermax                           : 200 #    Maximum number of iterations of the GPS outer loop
     minres                            : 1.e-8 #  Convergence threshold of the loop
     pb_method                         : none #   Defines the method for the Poisson Boltzmann Equation
   MPI tasks                           :  1
   OpenMP threads per MPI task         :  28
   Poisson Solver GPU Enumerator:
     BACKEND                           :  4
     Attributes:
       DEVICE                          :  0
       MODEL                           :  2
  #------------------------------------------------------------------- Kernel Initialization
 Poisson Kernel Initialization:
    #---------------------------------------------------------------------- Input parameters
   setup:
     accel                             : ONEMATH # Material Acceleration
     use_gpu_direct                    : Yes #    Force (or not) the usage of GPUdirect communication, if available
     verbose                           : Yes #    Verbosity switch
     keep_gpu_memory                   : Yes #    Do not deallocate GPU memory at each call of the (G)PS routine
     taskgroup_size                    : 0 #      Size of the taskgroups of the Poisson Solver
     global_data                       : No #     Charge density and Electrostatic potential are given by global arrays
     output                            : none #   Quantities to be plotted after the main solver routine
   kernel:
     screening                         : 0 #      Mu screening parameter
     taskgroup_size                    : 0 #      Size of the taskgroups of the Poisson Solver
     global_data                       : No #     Charge density and Electrostatic potential are given by global arrays
     output                            : none #   Quantities to be plotted after the main solver routine
   kernel:
     screening                         : 0 #      Mu screening parameter
     isf_order                         : 16 #     Order of the Interpolating Scaling Function family
     stress_tensor                     : Yes #    Triggers the calculation of the stress tensor
   environment:
     cavity                            : none #   Type of the cavity
     fd_order                          : 16 #     Order of the Finite-difference derivatives for the GPS solver
     itermax                           : 200 #    Maximum number of iterations of the GPS outer loop
     minres                            : 1.e-8 #  Convergence threshold of the loop
     pb_method                         : none #   Defines the method for the Poisson Boltzmann Equation
   MPI tasks                           :  1
   OpenMP threads per MPI task         :  28
  #------------------------------------------------------------------- Kernel Initialization
 Poisson Kernel Initialization:
    #---------------------------------------------------------------------- Input parameters
   setup:
     keep_gpu_memory                   : Yes #    Do not deallocate GPU memory at each call of the (G)PS routine
     taskgroup_size                    : 0 #      Size of the taskgroups of the Poisson Solver
     global_data                       : No #     Charge density and Electrostatic potential are given by global arrays
     output                            : none #   Quantities to be plotted after the main solver routine
   kernel:
     screening                         : 0 #      Mu screening parameter
     isf_order                         : 16 #     Order of the Interpolating Scaling Function family
     stress_tensor                     : Yes #    Triggers the calculation of the stress tensor
   environment:
     cavity                            : none #   Type of the cavity
     fd_order                          : 16 #     Order of the Finite-difference derivatives for the GPS solver
     itermax                           : 200 #    Maximum number of iterations of the GPS outer loop
     minres                            : 1.e-8 #  Convergence threshold of the loop
     pb_method                         : none #   Defines the method for the Poisson Boltzmann Equation
   MPI tasks                           :  1
   OpenMP threads per MPI task         :  28
     itermax                           : 200 #    Maximum number of iterations of the GPS outer loop
     minres                            : 1.e-8 #  Convergence threshold of the loop
     pb_method                         : none #   Defines the method for the Poisson Boltzmann Equation
   MPI tasks                           :  1
   OpenMP threads per MPI task         :  28
   Poisson Solver GPU Enumerator:
     BACKEND                           :  4
     Attributes:
       DEVICE                          :  0
       MODEL                           :  2
     taskgroup_size                    : 0 #      Size of the taskgroups of the Poisson Solver
     global_data                       : No #     Charge density and Electrostatic potential are given by global arrays
     output                            : none #   Quantities to be plotted after the main solver routine
   kernel:
     screening                         : 0 #      Mu screening parameter
     isf_order                         : 16 #     Order of the Interpolating Scaling Function family
     stress_tensor                     : Yes #    Triggers the calculation of the stress tensor
   environment:
  #------------------------------------------------------------------- Kernel Initialization
 Poisson Kernel Initialization:
    #---------------------------------------------------------------------- Input parameters
   setup:
     accel                             : ONEMATH # Material Acceleration
     use_gpu_direct                    : Yes #    Force (or not) the usage of GPUdirect communication, if available
     verbose                           : Yes #    Verbosity switch
     keep_gpu_memory                   : Yes #    Do not deallocate GPU memory at each call of the (G)PS routine
     taskgroup_size                    : 0 #      Size of the taskgroups of the Poisson Solver
     global_data                       : No #     Charge density and Electrostatic potential are given by global arrays
     output                            : none #   Quantities to be plotted after the main solver routine
   kernel:
     screening                         : 0 #      Mu screening parameter
     isf_order                         : 16 #     Order of the Interpolating Scaling Function family
     stress_tensor                     : Yes #    Triggers the calculation of the stress tensor
   environment:
     cavity                            : none #   Type of the cavity
     global_data                       : No #     Charge density and Electrostatic potential are given by global arrays
     output                            : none #   Quantities to be plotted after the main solver routine
   kernel:
     screening                         : 0 #      Mu screening parameter
     isf_order                         : 16 #     Order of the Interpolating Scaling Function family
     stress_tensor                     : Yes #    Triggers the calculation of the stress tensor
   environment:
     cavity                            : none #   Type of the cavity
     fd_order                          : 16 #     Order of the Finite-difference derivatives for the GPS solver
     itermax                           : 200 #    Maximum number of iterations of the GPS outer loop
     minres                            : 1.e-8 #  Convergence threshold of the loop
     pb_method                         : none #   Defines the method for the Poisson Boltzmann Equation
   MPI tasks                           :  1
   OpenMP threads per MPI task         :  28
   Poisson Solver GPU Enumerator:
     BACKEND                           :  4
     Attributes:
       DEVICE                          :  0
       MODEL                           :  2
  #------------------------------------------------------------------- Kernel Initialization
 Poisson Kernel Initialization:
    #---------------------------------------------------------------------- Input parameters
   setup:
     accel                             : ONEMATH # Material Acceleration
     use_gpu_direct                    : Yes #    Force (or not) the usage of GPUdirect communication, if available
     verbose                           : Yes #    Verbosity switch
     keep_gpu_memory                   : Yes #    Do not deallocate GPU memory at each call of the (G)PS routine
     taskgroup_size                    : 0 #      Size of the taskgroups of the Poisson Solver
     global_data                       : No #     Charge density and Electrostatic potential are given by global arrays
     output                            : none #   Quantities to be plotted after the main solver routine
   kernel:
     screening                         : 0 #      Mu screening parameter
     isf_order                         : 16 #     Order of the Interpolating Scaling Function family
     stress_tensor                     : Yes #    Triggers the calculation of the stress tensor
   environment:
     cavity                            : none #   Type of the cavity
     fd_order                          : 16 #     Order of the Finite-difference derivatives for the GPS solver
     itermax                           : 200 #    Maximum number of iterations of the GPS outer loop
     minres                            : 1.e-8 #  Convergence threshold of the loop
     output                            : none #   Quantities to be plotted after the main solver routine
   kernel:
     screening                         : 0 #      Mu screening parameter
     isf_order                         : 16 #     Order of the Interpolating Scaling Function family
     stress_tensor                     : Yes #    Triggers the calculation of the stress tensor
   environment:
     cavity                            : none #   Type of the cavity
     fd_order                          : 16 #     Order of the Finite-difference derivatives for the GPS solver
     itermax                           : 200 #    Maximum number of iterations of the GPS outer loop
     minres                            : 1.e-8 #  Convergence threshold of the loop
     pb_method                         : none #   Defines the method for the Poisson Boltzmann Equation
   MPI tasks                           :  1
   OpenMP threads per MPI task         :  28
   Poisson Solver GPU Enumerator:
     BACKEND                           :  4
     Attributes:
       DEVICE                          :  0
       MODEL                           :  2
     cavity                            : none #   Type of the cavity
     fd_order                          : 16 #     Order of the Finite-difference derivatives for the GPS solver
     itermax                           : 200 #    Maximum number of iterations of the GPS outer loop
     minres                            : 1.e-8 #  Convergence threshold of the loop
     pb_method                         : none #   Defines the method for the Poisson Boltzmann Equation
   MPI tasks                           :  1
   OpenMP threads per MPI task         :  28
   Poisson Solver GPU Enumerator:
     BACKEND                           :  4
     Attributes:
       DEVICE                          :  0
       MODEL                           :  2
     taskgroup_size                    : 0 #      Size of the taskgroups of the Poisson Solver
     global_data                       : No #     Charge density and Electrostatic potential are given by global arrays
     output                            : none #   Quantities to be plotted after the main solver routine
   kernel:
     screening                         : 0 #      Mu screening parameter
     isf_order                         : 16 #     Order of the Interpolating Scaling Function family
     stress_tensor                     : Yes #    Triggers the calculation of the stress tensor
   environment:
     cavity                            : none #   Type of the cavity
     fd_order                          : 16 #     Order of the Finite-difference derivatives for the GPS solver
     itermax                           : 200 #    Maximum number of iterations of the GPS outer loop
     minres                            : 1.e-8 #  Convergence threshold of the loop
     pb_method                         : none #   Defines the method for the Poisson Boltzmann Equation
   MPI tasks                           :  1
   OpenMP threads per MPI task         :  28
  #------------------------------------------------------------------- Kernel Initialization
 Poisson Kernel Initialization:
    #---------------------------------------------------------------------- Input parameters
   setup:
     taskgroup_size                    : 0 #      Size of the taskgroups of the Poisson Solver
     global_data                       : No #     Charge density and Electrostatic potential are given by global arrays
     output                            : none #   Quantities to be plotted after the main solver routine
   kernel:
     screening                         : 0 #      Mu screening parameter
     isf_order                         : 16 #     Order of the Interpolating Scaling Function family
     stress_tensor                     : Yes #    Triggers the calculation of the stress tensor
   environment:
     cavity                            : none #   Type of the cavity
     fd_order                          : 16 #     Order of the Finite-difference derivatives for the GPS solver
     itermax                           : 200 #    Maximum number of iterations of the GPS outer loop
     minres                            : 1.e-8 #  Convergence threshold of the loop
     pb_method                         : none #   Defines the method for the Poisson Boltzmann Equation
   MPI tasks                           :  1
   OpenMP threads per MPI task         :  28
   Poisson Solver GPU Enumerator:
     BACKEND                           :  4
     Attributes:
       DEVICE                          :  0
       MODEL                           :  2
     minres                            : 1.e-8 #  Convergence threshold of the loop
     pb_method                         : none #   Defines the method for the Poisson Boltzmann Equation
   MPI tasks                           :  1
   OpenMP threads per MPI task         :  28
   Poisson Solver GPU Enumerator:
     BACKEND                           :  4
     Attributes:
       DEVICE                          :  0
       MODEL                           :  2
     global_data                       : No #     Charge density and Electrostatic potential are given by global arrays
     output                            : none #   Quantities to be plotted after the main solver routine
   kernel:
     screening                         : 0 #      Mu screening parameter
     isf_order                         : 16 #     Order of the Interpolating Scaling Function family
     stress_tensor                     : Yes #    Triggers the calculation of the stress tensor
   environment:
     cavity                            : none #   Type of the cavity
     screening                         : 0 #      Mu screening parameter
     isf_order                         : 16 #     Order of the Interpolating Scaling Function family
     stress_tensor                     : Yes #    Triggers the calculation of the stress tensor
   environment:
     cavity                            : none #   Type of the cavity
     fd_order                          : 16 #     Order of the Finite-difference derivatives for the GPS solver
     itermax                           : 200 #    Maximum number of iterations of the GPS outer loop
     minres                            : 1.e-8 #  Convergence threshold of the loop
     pb_method                         : none #   Defines the method for the Poisson Boltzmann Equation
   MPI tasks                           :  1
   OpenMP threads per MPI task         :  28
     use_gpu_direct                    : Yes #    Force (or not) the usage of GPUdirect communication, if available
     verbose                           : Yes #    Verbosity switch
     keep_gpu_memory                   : Yes #    Do not deallocate GPU memory at each call of the (G)PS routine
     taskgroup_size                    : 0 #      Size of the taskgroups of the Poisson Solver
     global_data                       : No #     Charge density and Electrostatic potential are given by global arrays
     output                            : none #   Quantities to be plotted after the main solver routine
   kernel:
     screening                         : 0 #      Mu screening parameter
     isf_order                         : 16 #     Order of the Interpolating Scaling Function family
     stress_tensor                     : Yes #    Triggers the calculation of the stress tensor
   environment:
     cavity                            : none #   Type of the cavity
     fd_order                          : 16 #     Order of the Finite-difference derivatives for the GPS solver
     itermax                           : 200 #    Maximum number of iterations of the GPS outer loop
     minres                            : 1.e-8 #  Convergence threshold of the loop
     pb_method                         : none #   Defines the method for the Poisson Boltzmann Equation
   MPI tasks                           :  1
   OpenMP threads per MPI task         :  28
  #------------------------------------------------------------------- Kernel Initialization
 Poisson Kernel Initialization:
    #---------------------------------------------------------------------- Input parameters
   setup:
     accel                             : ONEMATH # Material Acceleration
     use_gpu_direct                    : Yes #    Force (or not) the usage of GPUdirect communication, if available
     verbose                           : Yes #    Verbosity switch
     keep_gpu_memory                   : Yes #    Do not deallocate GPU memory at each call of the (G)PS routine
     taskgroup_size                    : 0 #      Size of the taskgroups of the Poisson Solver
     global_data                       : No #     Charge density and Electrostatic potential are given by global arrays
     output                            : none #   Quantities to be plotted after the main solver routine
   kernel:
     screening                         : 0 #      Mu screening parameter
     isf_order                         : 16 #     Order of the Interpolating Scaling Function family
     stress_tensor                     : Yes #    Triggers the calculation of the stress tensor
   environment:
     cavity                            : none #   Type of the cavity
     fd_order                          : 16 #     Order of the Finite-difference derivatives for the GPS solver
     itermax                           : 200 #    Maximum number of iterations of the GPS outer loop
     minres                            : 1.e-8 #  Convergence threshold of the loop
     isf_order                         : 16 #     Order of the Interpolating Scaling Function family
     stress_tensor                     : Yes #    Triggers the calculation of the stress tensor
   environment:
     cavity                            : none #   Type of the cavity
     fd_order                          : 16 #     Order of the Finite-difference derivatives for the GPS solver
     itermax                           : 200 #    Maximum number of iterations of the GPS outer loop
     minres                            : 1.e-8 #  Convergence threshold of the loop
     pb_method                         : none #   Defines the method for the Poisson Boltzmann Equation
   MPI tasks                           :  1
   OpenMP threads per MPI task         :  28
   Poisson Solver GPU Enumerator:
     BACKEND                           :  4
     Attributes:
       DEVICE                          :  0
       MODEL                           :  2
   kernel:
     screening                         : 0 #      Mu screening parameter
     isf_order                         : 16 #     Order of the Interpolating Scaling Function family
     stress_tensor                     : Yes #    Triggers the calculation of the stress tensor
   environment:
     cavity                            : none #   Type of the cavity
     fd_order                          : 16 #     Order of the Finite-difference derivatives for the GPS solver
     itermax                           : 200 #    Maximum number of iterations of the GPS outer loop
     minres                            : 1.e-8 #  Convergence threshold of the loop
     pb_method                         : none #   Defines the method for the Poisson Boltzmann Equation
   MPI tasks                           :  1
     output                            : none #   Quantities to be plotted after the main solver routine
   kernel:
     screening                         : 0 #      Mu screening parameter
     isf_order                         : 16 #     Order of the Interpolating Scaling Function family
     stress_tensor                     : Yes #    Triggers the calculation of the stress tensor
   environment:
     cavity                            : none #   Type of the cavity
     fd_order                          : 16 #     Order of the Finite-difference derivatives for the GPS solver
     itermax                           : 200 #    Maximum number of iterations of the GPS outer loop
     minres                            : 1.e-8 #  Convergence threshold of the loop
     pb_method                         : none #   Defines the method for the Poisson Boltzmann Equation
   MPI tasks                           :  1
   OpenMP threads per MPI task         :  28
    #---------------------------------------------------------------------- Input parameters
   setup:
     accel                             : ONEMATH # Material Acceleration
     use_gpu_direct                    : Yes #    Force (or not) the usage of GPUdirect communication, if available
     screening                         : 0 #      Mu screening parameter
     isf_order                         : 16 #     Order of the Interpolating Scaling Function family
     stress_tensor                     : Yes #    Triggers the calculation of the stress tensor
   environment:
     cavity                            : none #   Type of the cavity
     fd_order                          : 16 #     Order of the Finite-difference derivatives for the GPS solver
     itermax                           : 200 #    Maximum number of iterations of the GPS outer loop
     minres                            : 1.e-8 #  Convergence threshold of the loop
     pb_method                         : none #   Defines the method for the Poisson Boltzmann Equation
   MPI tasks                           :  1
   OpenMP threads per MPI task         :  28
   Poisson Solver GPU Enumerator:
     BACKEND                           :  4
     Attributes:
       DEVICE                          :  0
       MODEL                           :  2
     global_data                       : No #     Charge density and Electrostatic potential are given by global arrays
     output                            : none #   Quantities to be plotted after the main solver routine
   kernel:
     screening                         : 0 #      Mu screening parameter
     isf_order                         : 16 #     Order of the Interpolating Scaling Function family
     stress_tensor                     : Yes #    Triggers the calculation of the stress tensor
   environment:
     cavity                            : none #   Type of the cavity
     fd_order                          : 16 #     Order of the Finite-difference derivatives for the GPS solver
     itermax                           : 200 #    Maximum number of iterations of the GPS outer loop
     minres                            : 1.e-8 #  Convergence threshold of the loop
     pb_method                         : none #   Defines the method for the Poisson Boltzmann Equation
   MPI tasks                           :  1
   OpenMP threads per MPI task         :  28
   Poisson Solver GPU Enumerator:
     BACKEND                           :  4
     taskgroup_size                    : 0 #      Size of the taskgroups of the Poisson Solver
     global_data                       : No #     Charge density and Electrostatic potential are given by global arrays
     output                            : none #   Quantities to be plotted after the main solver routine
   kernel:
     screening                         : 0 #      Mu screening parameter
     isf_order                         : 16 #     Order of the Interpolating Scaling Function family
     stress_tensor                     : Yes #    Triggers the calculation of the stress tensor
   environment:
     cavity                            : none #   Type of the cavity
     fd_order                          : 16 #     Order of the Finite-difference derivatives for the GPS solver
     itermax                           : 200 #    Maximum number of iterations of the GPS outer loop
     minres                            : 1.e-8 #  Convergence threshold of the loop
     pb_method                         : none #   Defines the method for the Poisson Boltzmann Equation
   MPI tasks                           :  1
   OpenMP threads per MPI task         :  28
   Poisson Solver GPU Enumerator:
     BACKEND                           :  4
     Attributes:
       DEVICE                          :  0
       MODEL                           :  2
     stress_tensor                     : Yes #    Triggers the calculation of the stress tensor
   environment:
     cavity                            : none #   Type of the cavity
     fd_order                          : 16 #     Order of the Finite-difference derivatives for the GPS solver
     itermax                           : 200 #    Maximum number of iterations of the GPS outer loop
     minres                            : 1.e-8 #  Convergence threshold of the loop
     pb_method                         : none #   Defines the method for the Poisson Boltzmann Equation
   MPI tasks                           :  1
   OpenMP threads per MPI task         :  28
   Poisson Solver GPU Enumerator:
     BACKEND                           :  4
     minres                            : 1.e-8 #  Convergence threshold of the loop
     pb_method                         : none #   Defines the method for the Poisson Boltzmann Equation
   MPI tasks                           :  1
   OpenMP threads per MPI task         :  28
   Poisson Solver GPU Enumerator:
     BACKEND                           :  4
     Attributes:
       DEVICE                          :  0
       MODEL                           :  2
     minres                            : 1.e-8 #  Convergence threshold of the loop
     pb_method                         : none #   Defines the method for the Poisson Boltzmann Equation
   MPI tasks                           :  1
   OpenMP threads per MPI task         :  28
   Poisson Solver GPU Enumerator:
     BACKEND                           :  4
     Attributes:
       DEVICE                          :  0
       MODEL                           :  2
     isf_order                         : 16 #     Order of the Interpolating Scaling Function family
     stress_tensor                     : Yes #    Triggers the calculation of the stress tensor
   environment:
     cavity                            : none #   Type of the cavity
     fd_order                          : 16 #     Order of the Finite-difference derivatives for the GPS solver
     itermax                           : 200 #    Maximum number of iterations of the GPS outer loop
     minres                            : 1.e-8 #  Convergence threshold of the loop
     pb_method                         : none #   Defines the method for the Poisson Boltzmann Equation
  #------------------------------------------------------------------- Kernel Initialization
 Poisson Kernel Initialization:
    #---------------------------------------------------------------------- Input parameters
   setup:
     accel                             : ONEMATH # Material Acceleration
     use_gpu_direct                    : Yes #    Force (or not) the usage of GPUdirect communication, if available
     stress_tensor                     : Yes #    Triggers the calculation of the stress tensor
   environment:
     cavity                            : none #   Type of the cavity
     fd_order                          : 16 #     Order of the Finite-difference derivatives for the GPS solver
     itermax                           : 200 #    Maximum number of iterations of the GPS outer loop
     minres                            : 1.e-8 #  Convergence threshold of the loop
     pb_method                         : none #   Defines the method for the Poisson Boltzmann Equation
   MPI tasks                           :  1
   OpenMP threads per MPI task         :  28
   MPI tasks                           :  1
   OpenMP threads per MPI task         :  28
   Poisson Solver GPU Enumerator:
     BACKEND                           :  4
     Attributes:
       DEVICE                          :  0
       MODEL                           :  2
   kernel:
     screening                         : 0 #      Mu screening parameter
     isf_order                         : 16 #     Order of the Interpolating Scaling Function family
     stress_tensor                     : Yes #    Triggers the calculation of the stress tensor
   environment:
     cavity                            : none #   Type of the cavity
     fd_order                          : 16 #     Order of the Finite-difference derivatives for the GPS solver
     itermax                           : 200 #    Maximum number of iterations of the GPS outer loop
     cavity                            : none #   Type of the cavity
     fd_order                          : 16 #     Order of the Finite-difference derivatives for the GPS solver
     itermax                           : 200 #    Maximum number of iterations of the GPS outer loop
     minres                            : 1.e-8 #  Convergence threshold of the loop
     pb_method                         : none #   Defines the method for the Poisson Boltzmann Equation
   MPI tasks                           :  1
   OpenMP threads per MPI task         :  28
   Poisson Solver GPU Enumerator:
     BACKEND                           :  4
     Attributes:
     output                            : none #   Quantities to be plotted after the main solver routine
   kernel:
     screening                         : 0 #      Mu screening parameter
     isf_order                         : 16 #     Order of the Interpolating Scaling Function family
     stress_tensor                     : Yes #    Triggers the calculation of the stress tensor
   environment:
     cavity                            : none #   Type of the cavity
     fd_order                          : 16 #     Order of the Finite-difference derivatives for the GPS solver
     itermax                           : 200 #    Maximum number of iterations of the GPS outer loop
     minres                            : 1.e-8 #  Convergence threshold of the loop
     pb_method                         : none #   Defines the method for the Poisson Boltzmann Equation
   MPI tasks                           :  1
   OpenMP threads per MPI task         :  28
   Poisson Solver GPU Enumerator:
     BACKEND                           :  4
     Attributes:
       DEVICE                          :  0
       MODEL                           :  2
     minres                            : 1.e-8 #  Convergence threshold of the loop
     pb_method                         : none #   Defines the method for the Poisson Boltzmann Equation
   MPI tasks                           :  1
   OpenMP threads per MPI task         :  28
   Poisson Solver GPU Enumerator:
   Poisson Solver GPU Enumerator:
     BACKEND                           :  4
     Attributes:
       DEVICE                          :  0
       MODEL                           :  2
   OpenMP threads per MPI task         :  28
   Poisson Solver GPU Enumerator:
     BACKEND                           :  4
     Attributes:
       DEVICE                          :  0
       MODEL                           :  2
     cavity                            : none #   Type of the cavity
     fd_order                          : 16 #     Order of the Finite-difference derivatives for the GPS solver
     itermax                           : 200 #    Maximum number of iterations of the GPS outer loop
     minres                            : 1.e-8 #  Convergence threshold of the loop
     pb_method                         : none #   Defines the method for the Poisson Boltzmann Equation
   MPI tasks                           :  1
   OpenMP threads per MPI task         :  28
   Poisson Solver GPU Enumerator:
     BACKEND                           :  4
  #------------------------------------------------------------------- Kernel Initialization
 Poisson Kernel Initialization:
    #---------------------------------------------------------------------- Input parameters
   setup:
     accel                             : ONEMATH # Material Acceleration
     use_gpu_direct                    : Yes #    Force (or not) the usage of GPUdirect communication, if available
     cavity                            : none #   Type of the cavity
     fd_order                          : 16 #     Order of the Finite-difference derivatives for the GPS solver
     itermax                           : 200 #    Maximum number of iterations of the GPS outer loop
     minres                            : 1.e-8 #  Convergence threshold of the loop
     pb_method                         : none #   Defines the method for the Poisson Boltzmann Equation
   MPI tasks                           :  1
   OpenMP threads per MPI task         :  28
   Poisson Solver GPU Enumerator:
     BACKEND                           :  4
     Attributes:
   kernel:
     screening                         : 0 #      Mu screening parameter
     isf_order                         : 16 #     Order of the Interpolating Scaling Function family
     stress_tensor                     : Yes #    Triggers the calculation of the stress tensor
   environment:
     cavity                            : none #   Type of the cavity
     fd_order                          : 16 #     Order of the Finite-difference derivatives for the GPS solver
     cavity                            : none #   Type of the cavity
     fd_order                          : 16 #     Order of the Finite-difference derivatives for the GPS solver
     itermax                           : 200 #    Maximum number of iterations of the GPS outer loop
     minres                            : 1.e-8 #  Convergence threshold of the loop
     pb_method                         : none #   Defines the method for the Poisson Boltzmann Equation
   MPI tasks                           :  1
   OpenMP threads per MPI task         :  28
   Poisson Solver GPU Enumerator:
     BACKEND                           :  4
     Attributes:
     screening                         : 0 #      Mu screening parameter
     isf_order                         : 16 #     Order of the Interpolating Scaling Function family
     stress_tensor                     : Yes #    Triggers the calculation of the stress tensor
   environment:
     cavity                            : none #   Type of the cavity
     fd_order                          : 16 #     Order of the Finite-difference derivatives for the GPS solver
     itermax                           : 200 #    Maximum number of iterations of the GPS outer loop
     minres                            : 1.e-8 #  Convergence threshold of the loop
     pb_method                         : none #   Defines the method for the Poisson Boltzmann Equation
   MPI tasks                           :  1
   OpenMP threads per MPI task         :  28
   Poisson Solver GPU Enumerator:
     BACKEND                           :  4
     Attributes:
       DEVICE                          :  0
       MODEL                           :  2
     minres                            : 1.e-8 #  Convergence threshold of the loop
     pb_method                         : none #   Defines the method for the Poisson Boltzmann Equation
   MPI tasks                           :  1
   OpenMP threads per MPI task         :  28
   Poisson Solver GPU Enumerator:
     BACKEND                           :  4
     Attributes:
       DEVICE                          :  0
       DEVICE                          :  0
       MODEL                           :  2
     output                            : none #   Quantities to be plotted after the main solver routine
   kernel:
     screening                         : 0 #      Mu screening parameter
     isf_order                         : 16 #     Order of the Interpolating Scaling Function family
     stress_tensor                     : Yes #    Triggers the calculation of the stress tensor
     fd_order                          : 16 #     Order of the Finite-difference derivatives for the GPS solver
     itermax                           : 200 #    Maximum number of iterations of the GPS outer loop
     minres                            : 1.e-8 #  Convergence threshold of the loop
     pb_method                         : none #   Defines the method for the Poisson Boltzmann Equation
   MPI tasks                           :  1
   OpenMP threads per MPI task         :  28
   Poisson Solver GPU Enumerator:
     BACKEND                           :  4
     Attributes:
     global_data                       : No #     Charge density and Electrostatic potential are given by global arrays
     output                            : none #   Quantities to be plotted after the main solver routine
   kernel:
     screening                         : 0 #      Mu screening parameter
     isf_order                         : 16 #     Order of the Interpolating Scaling Function family
     itermax                           : 200 #    Maximum number of iterations of the GPS outer loop
     minres                            : 1.e-8 #  Convergence threshold of the loop
     pb_method                         : none #   Defines the method for the Poisson Boltzmann Equation
   MPI tasks                           :  1
   OpenMP threads per MPI task         :  28
   Poisson Solver GPU Enumerator:
     BACKEND                           :  4
     Attributes:
     stress_tensor                     : Yes #    Triggers the calculation of the stress tensor
   environment:
     cavity                            : none #   Type of the cavity
     fd_order                          : 16 #     Order of the Finite-difference derivatives for the GPS solver
     screening                         : 0 #      Mu screening parameter
     isf_order                         : 16 #     Order of the Interpolating Scaling Function family
     stress_tensor                     : Yes #    Triggers the calculation of the stress tensor
   environment:
     cavity                            : none #   Type of the cavity
     fd_order                          : 16 #     Order of the Finite-difference derivatives for the GPS solver
     itermax                           : 200 #    Maximum number of iterations of the GPS outer loop
     minres                            : 1.e-8 #  Convergence threshold of the loop
   MPI tasks                           :  1
   OpenMP threads per MPI task         :  28
   Poisson Solver GPU Enumerator:
     BACKEND                           :  4
     Attributes:
       DEVICE                          :  0
       MODEL                           :  2
     minres                            : 1.e-8 #  Convergence threshold of the loop
     pb_method                         : none #   Defines the method for the Poisson Boltzmann Equation
   MPI tasks                           :  1
   OpenMP threads per MPI task         :  28
   Poisson Solver GPU Enumerator:
     BACKEND                           :  4
     Attributes:
       DEVICE                          :  0
       MODEL                           :  2
     BACKEND                           :  4
     Attributes:
       DEVICE                          :  0
       MODEL                           :  2
     screening                         : 0 #      Mu screening parameter
     isf_order                         : 16 #     Order of the Interpolating Scaling Function family
     stress_tensor                     : Yes #    Triggers the calculation of the stress tensor
   environment:
     cavity                            : none #   Type of the cavity
     itermax                           : 200 #    Maximum number of iterations of the GPS outer loop
     minres                            : 1.e-8 #  Convergence threshold of the loop
     pb_method                         : none #   Defines the method for the Poisson Boltzmann Equation
   MPI tasks                           :  1
   OpenMP threads per MPI task         :  28
   Poisson Solver GPU Enumerator:
     BACKEND                           :  4
     Attributes:
       DEVICE                          :  0
       MODEL                           :  2
     accel                             : ONEMATH # Material Acceleration
     use_gpu_direct                    : Yes #    Force (or not) the usage of GPUdirect communication, if available
     verbose                           : Yes #    Verbosity switch
     pb_method                         : none #   Defines the method for the Poisson Boltzmann Equation
   MPI tasks                           :  1
   OpenMP threads per MPI task         :  28
   Poisson Solver GPU Enumerator:
     BACKEND                           :  4
     Attributes:
   environment:
     cavity                            : none #   Type of the cavity
     fd_order                          : 16 #     Order of the Finite-difference derivatives for the GPS solver
     itermax                           : 200 #    Maximum number of iterations of the GPS outer loop
     screening                         : 0 #      Mu screening parameter
     isf_order                         : 16 #     Order of the Interpolating Scaling Function family
     stress_tensor                     : Yes #    Triggers the calculation of the stress tensor
   environment:
     cavity                            : none #   Type of the cavity
     fd_order                          : 16 #     Order of the Finite-difference derivatives for the GPS solver
     itermax                           : 200 #    Maximum number of iterations of the GPS outer loop
     minres                            : 1.e-8 #  Convergence threshold of the loop
     pb_method                         : none #   Defines the method for the Poisson Boltzmann Equation
   MPI tasks                           :  1
   OpenMP threads per MPI task         :  28
   Poisson Solver GPU Enumerator:
   Poisson Solver GPU Enumerator:
     BACKEND                           :  4
     Attributes:
       DEVICE                          :  0
       MODEL                           :  2
     itermax                           : 200 #    Maximum number of iterations of the GPS outer loop
     minres                            : 1.e-8 #  Convergence threshold of the loop
     pb_method                         : none #   Defines the method for the Poisson Boltzmann Equation
   MPI tasks                           :  1
   OpenMP threads per MPI task         :  28
   Poisson Solver GPU Enumerator:
     BACKEND                           :  4
     Attributes:
       DEVICE                          :  0
       MODEL                           :  2
     isf_order                         : 16 #     Order of the Interpolating Scaling Function family
     stress_tensor                     : Yes #    Triggers the calculation of the stress tensor
   environment:
     cavity                            : none #   Type of the cavity
     fd_order                          : 16 #     Order of the Finite-difference derivatives for the GPS solver
     itermax                           : 200 #    Maximum number of iterations of the GPS outer loop
     minres                            : 1.e-8 #  Convergence threshold of the loop
     pb_method                         : none #   Defines the method for the Poisson Boltzmann Equation
   MPI tasks                           :  1
   OpenMP threads per MPI task         :  28
   Poisson Solver GPU Enumerator:
     BACKEND                           :  4
     Attributes:
       DEVICE                          :  0
       MODEL                           :  2
     verbose                           : Yes #    Verbosity switch
     keep_gpu_memory                   : Yes #    Do not deallocate GPU memory at each call of the (G)PS routine
   Poisson Solver GPU Enumerator:
     BACKEND                           :  4
     Attributes:
       DEVICE                          :  0
       MODEL                           :  2
     isf_order                         : 16 #     Order of the Interpolating Scaling Function family
     stress_tensor                     : Yes #    Triggers the calculation of the stress tensor
   environment:
     cavity                            : none #   Type of the cavity
     cavity                            : none #   Type of the cavity
     fd_order                          : 16 #     Order of the Finite-difference derivatives for the GPS solver
     itermax                           : 200 #    Maximum number of iterations of the GPS outer loop
     minres                            : 1.e-8 #  Convergence threshold of the loop
     pb_method                         : none #   Defines the method for the Poisson Boltzmann Equation
   MPI tasks                           :  1
   OpenMP threads per MPI task         :  28
   Poisson Solver GPU Enumerator:
     BACKEND                           :  4
     Attributes:
       DEVICE                          :  0
       MODEL                           :  2
   Poisson Solver GPU Enumerator:
     BACKEND                           :  4
     Attributes:
       DEVICE                          :  0
       MODEL                           :  2
     itermax                           : 200 #    Maximum number of iterations of the GPS outer loop
     minres                            : 1.e-8 #  Convergence threshold of the loop
     pb_method                         : none #   Defines the method for the Poisson Boltzmann Equation
   MPI tasks                           :  1
     isf_order                         : 16 #     Order of the Interpolating Scaling Function family
     stress_tensor                     : Yes #    Triggers the calculation of the stress tensor
   environment:
     cavity                            : none #   Type of the cavity
     fd_order                          : 16 #     Order of the Finite-difference derivatives for the GPS solver
     itermax                           : 200 #    Maximum number of iterations of the GPS outer loop
     minres                            : 1.e-8 #  Convergence threshold of the loop
     pb_method                         : none #   Defines the method for the Poisson Boltzmann Equation
   MPI tasks                           :  1
   Poisson Solver GPU Enumerator:
     BACKEND                           :  4
     Attributes:
       DEVICE                          :  0
       MODEL                           :  2
     verbose                           : Yes #    Verbosity switch
     keep_gpu_memory                   : Yes #    Do not deallocate GPU memory at each call of the (G)PS routine
     taskgroup_size                    : 0 #      Size of the taskgroups of the Poisson Solver
   Poisson Solver GPU Enumerator:
     BACKEND                           :  4
     Attributes:
       DEVICE                          :  0
       MODEL                           :  2
     cavity                            : none #   Type of the cavity
     fd_order                          : 16 #     Order of the Finite-difference derivatives for the GPS solver
     itermax                           : 200 #    Maximum number of iterations of the GPS outer loop
     minres                            : 1.e-8 #  Convergence threshold of the loop
     fd_order                          : 16 #     Order of the Finite-difference derivatives for the GPS solver
     itermax                           : 200 #    Maximum number of iterations of the GPS outer loop
     minres                            : 1.e-8 #  Convergence threshold of the loop
     pb_method                         : none #   Defines the method for the Poisson Boltzmann Equation
   MPI tasks                           :  1
   OpenMP threads per MPI task         :  28
   Poisson Solver GPU Enumerator:
     BACKEND                           :  4
     Attributes:
       DEVICE                          :  0
       MODEL                           :  2
   Poisson Solver GPU Enumerator:
     BACKEND                           :  4
     Attributes:
       DEVICE                          :  0
       MODEL                           :  2
     pb_method                         : none #   Defines the method for the Poisson Boltzmann Equation
   MPI tasks                           :  1
   OpenMP threads per MPI task         :  28
   Poisson Solver GPU Enumerator:
     BACKEND                           :  4
     Attributes:
       DEVICE                          :  0
       MODEL                           :  2
   OpenMP threads per MPI task         :  28
   Poisson Solver GPU Enumerator:
     BACKEND                           :  4
     Attributes:
       DEVICE                          :  0
       MODEL                           :  2
   Poisson Solver GPU Enumerator:
     BACKEND                           :  4
     Attributes:
       DEVICE                          :  0
       MODEL                           :  2
     verbose                           : Yes #    Verbosity switch
     keep_gpu_memory                   : Yes #    Do not deallocate GPU memory at each call of the (G)PS routine
     taskgroup_size                    : 0 #      Size of the taskgroups of the Poisson Solver
     global_data                       : No #     Charge density and Electrostatic potential are given by global arrays
   Poisson Solver GPU Enumerator:
     BACKEND                           :  4
     Attributes:
       DEVICE                          :  0
       MODEL                           :  2
     fd_order                          : 16 #     Order of the Finite-difference derivatives for the GPS solver
     itermax                           : 200 #    Maximum number of iterations of the GPS outer loop
     minres                            : 1.e-8 #  Convergence threshold of the loop
     pb_method                         : none #   Defines the method for the Poisson Boltzmann Equation
   Poisson Solver GPU Enumerator:
     BACKEND                           :  4
     Attributes:
       DEVICE                          :  0
       MODEL                           :  2
     pb_method                         : none #   Defines the method for the Poisson Boltzmann Equation
   MPI tasks                           :  1
   OpenMP threads per MPI task         :  28
   Poisson Solver GPU Enumerator:
     BACKEND                           :  4
     Attributes:
       DEVICE                          :  0
       MODEL                           :  2
   environment:
     cavity                            : none #   Type of the cavity
     fd_order                          : 16 #     Order of the Finite-difference derivatives for the GPS solver
     itermax                           : 200 #    Maximum number of iterations of the GPS outer loop
     minres                            : 1.e-8 #  Convergence threshold of the loop
     pb_method                         : none #   Defines the method for the Poisson Boltzmann Equation
   MPI tasks                           :  1
   OpenMP threads per MPI task         :  28
   Poisson Solver GPU Enumerator:
     BACKEND                           :  4
     Attributes:
       DEVICE                          :  0
       MODEL                           :  2
     accel                             : ONEMATH # Material Acceleration
     use_gpu_direct                    : Yes #    Force (or not) the usage of GPUdirect communication, if available
     verbose                           : Yes #    Verbosity switch
     keep_gpu_memory                   : Yes #    Do not deallocate GPU memory at each call of the (G)PS routine
     taskgroup_size                    : 0 #      Size of the taskgroups of the Poisson Solver
     global_data                       : No #     Charge density and Electrostatic potential are given by global arrays
     output                            : none #   Quantities to be plotted after the main solver routine
   kernel:
   Poisson Solver GPU Enumerator:
     BACKEND                           :  4
     Attributes:
       DEVICE                          :  0
       MODEL                           :  2
     cavity                            : none #   Type of the cavity
     fd_order                          : 16 #     Order of the Finite-difference derivatives for the GPS solver
     itermax                           : 200 #    Maximum number of iterations of the GPS outer loop
     minres                            : 1.e-8 #  Convergence threshold of the loop
     Attributes:
       DEVICE                          :  0
       MODEL                           :  2
     Attributes:
       DEVICE                          :  0
       MODEL                           :  2
     fd_order                          : 16 #     Order of the Finite-difference derivatives for the GPS solver
     itermax                           : 200 #    Maximum number of iterations of the GPS outer loop
     minres                            : 1.e-8 #  Convergence threshold of the loop
     pb_method                         : none #   Defines the method for the Poisson Boltzmann Equation
   MPI tasks                           :  1
   OpenMP threads per MPI task         :  28
     Attributes:
       DEVICE                          :  0
       MODEL                           :  2
     stress_tensor                     : Yes #    Triggers the calculation of the stress tensor
   environment:
     cavity                            : none #   Type of the cavity
     fd_order                          : 16 #     Order of the Finite-difference derivatives for the GPS solver
     itermax                           : 200 #    Maximum number of iterations of the GPS outer loop
       DEVICE                          :  0
       MODEL                           :  2
     itermax                           : 200 #    Maximum number of iterations of the GPS outer loop
     minres                            : 1.e-8 #  Convergence threshold of the loop
     pb_method                         : none #   Defines the method for the Poisson Boltzmann Equation
       DEVICE                          :  0
       MODEL                           :  2
     BACKEND                           :  4
     Attributes:
       DEVICE                          :  0
       MODEL                           :  2
   MPI tasks                           :  1
   OpenMP threads per MPI task         :  28
   Poisson Solver GPU Enumerator:
       DEVICE                          :  0
       MODEL                           :  2
     accel                             : ONEMATH # Material Acceleration
     use_gpu_direct                    : Yes #    Force (or not) the usage of GPUdirect communication, if available
     verbose                           : Yes #    Verbosity switch
     keep_gpu_memory                   : Yes #    Do not deallocate GPU memory at each call of the (G)PS routine
     taskgroup_size                    : 0 #      Size of the taskgroups of the Poisson Solver
     global_data                       : No #     Charge density and Electrostatic potential are given by global arrays
     output                            : none #   Quantities to be plotted after the main solver routine
   kernel:
     screening                         : 0 #      Mu screening parameter
       DEVICE                          :  0
       MODEL                           :  2
     itermax                           : 200 #    Maximum number of iterations of the GPS outer loop
     minres                            : 1.e-8 #  Convergence threshold of the loop
     pb_method                         : none #   Defines the method for the Poisson Boltzmann Equation
       DEVICE                          :  0
       MODEL                           :  2
       MODEL                           :  2
   OpenMP threads per MPI task         :  28
   Poisson Solver GPU Enumerator:
     BACKEND                           :  4
     Attributes:
   Poisson Solver GPU Enumerator:
     BACKEND                           :  4
     Attributes:
       DEVICE                          :  0
       MODEL                           :  2
     accel                             : ONEMATH # Material Acceleration
     use_gpu_direct                    : Yes #    Force (or not) the usage of GPUdirect communication, if available
     verbose                           : Yes #    Verbosity switch
     keep_gpu_memory                   : Yes #    Do not deallocate GPU memory at each call of the (G)PS routine
     taskgroup_size                    : 0 #      Size of the taskgroups of the Poisson Solver
     global_data                       : No #     Charge density and Electrostatic potential are given by global arrays
     output                            : none #   Quantities to be plotted after the main solver routine
   kernel:
     screening                         : 0 #      Mu screening parameter
       DEVICE                          :  0
       MODEL                           :  2
     minres                            : 1.e-8 #  Convergence threshold of the loop
     pb_method                         : none #   Defines the method for the Poisson Boltzmann Equation
   MPI tasks                           :  1
   OpenMP threads per MPI task         :  28
     pb_method                         : none #   Defines the method for the Poisson Boltzmann Equation
   MPI tasks                           :  1
   OpenMP threads per MPI task         :  28
   Poisson Solver GPU Enumerator:
     BACKEND                           :  4
     Attributes:
       DEVICE                          :  0
       MODEL                           :  2
       DEVICE                          :  0
       MODEL                           :  2
   MPI tasks                           :  1
   OpenMP threads per MPI task         :  28
   Poisson Solver GPU Enumerator:
     BACKEND                           :  4
     Attributes:
     keep_gpu_memory                   : Yes #    Do not deallocate GPU memory at each call of the (G)PS routine
     taskgroup_size                    : 0 #      Size of the taskgroups of the Poisson Solver
     global_data                       : No #     Charge density and Electrostatic potential are given by global arrays
     output                            : none #   Quantities to be plotted after the main solver routine
   kernel:
     fd_order                          : 16 #     Order of the Finite-difference derivatives for the GPS solver
     itermax                           : 200 #    Maximum number of iterations of the GPS outer loop
     minres                            : 1.e-8 #  Convergence threshold of the loop
     pb_method                         : none #   Defines the method for the Poisson Boltzmann Equation
     BACKEND                           :  4
     Attributes:
       DEVICE                          :  0
       MODEL                           :  2
   OpenMP threads per MPI task         :  28
   Poisson Solver GPU Enumerator:
     BACKEND                           :  4
     Attributes:
       DEVICE                          :  0
       MODEL                           :  2
   Poisson Solver GPU Enumerator:
     BACKEND                           :  4
     Attributes:
       DEVICE                          :  0
       MODEL                           :  2
     taskgroup_size                    : 0 #      Size of the taskgroups of the Poisson Solver
     global_data                       : No #     Charge density and Electrostatic potential are given by global arrays
     output                            : none #   Quantities to be plotted after the main solver routine
   kernel:
     screening                         : 0 #      Mu screening parameter
     pb_method                         : none #   Defines the method for the Poisson Boltzmann Equation
   MPI tasks                           :  1
   OpenMP threads per MPI task         :  28
   Poisson Solver GPU Enumerator:
     BACKEND                           :  4
     Attributes:
       DEVICE                          :  0
       MODEL                           :  2
     global_data                       : No #     Charge density and Electrostatic potential are given by global arrays
     output                            : none #   Quantities to be plotted after the main solver routine
   kernel:
     screening                         : 0 #      Mu screening parameter
     pb_method                         : none #   Defines the method for the Poisson Boltzmann Equation
   MPI tasks                           :  1
   OpenMP threads per MPI task         :  28
       DEVICE                          :  0
       MODEL                           :  2
     output                            : none #   Quantities to be plotted after the main solver routine
   kernel:
     screening                         : 0 #      Mu screening parameter
     minres                            : 1.e-8 #  Convergence threshold of the loop
     pb_method                         : none #   Defines the method for the Poisson Boltzmann Equation
   MPI tasks                           :  1
   OpenMP threads per MPI task         :  28
   Poisson Solver GPU Enumerator:
     BACKEND                           :  4
     Attributes:
       DEVICE                          :  0
       MODEL                           :  2
       DEVICE                          :  0
       MODEL                           :  2
     screening                         : 0 #      Mu screening parameter
     isf_order                         : 16 #     Order of the Interpolating Scaling Function family
     stress_tensor                     : Yes #    Triggers the calculation of the stress tensor
   environment:
   MPI tasks                           :  1
   OpenMP threads per MPI task         :  28
     minres                            : 1.e-8 #  Convergence threshold of the loop
     pb_method                         : none #   Defines the method for the Poisson Boltzmann Equation
   MPI tasks                           :  1
   OpenMP threads per MPI task         :  28
   MPI tasks                           :  1
   OpenMP threads per MPI task         :  28
     isf_order                         : 16 #     Order of the Interpolating Scaling Function family
     stress_tensor                     : Yes #    Triggers the calculation of the stress tensor
   environment:
   MPI tasks                           :  1
   OpenMP threads per MPI task         :  28
     isf_order                         : 16 #     Order of the Interpolating Scaling Function family
     stress_tensor                     : Yes #    Triggers the calculation of the stress tensor
   environment:
     cavity                            : none #   Type of the cavity
     BACKEND                           :  4
     Attributes:
       DEVICE                          :  0
       MODEL                           :  2
     screening                         : 0 #      Mu screening parameter
     isf_order                         : 16 #     Order of the Interpolating Scaling Function family
     stress_tensor                     : Yes #    Triggers the calculation of the stress tensor
   environment:
   MPI tasks                           :  1
   OpenMP threads per MPI task         :  28
     isf_order                         : 16 #     Order of the Interpolating Scaling Function family
     stress_tensor                     : Yes #    Triggers the calculation of the stress tensor
   environment:
     cavity                            : none #   Type of the cavity
     fd_order                          : 16 #     Order of the Finite-difference derivatives for the GPS solver
   Poisson Solver GPU Enumerator:
     BACKEND                           :  4
     Attributes:
       DEVICE                          :  0
     isf_order                         : 16 #     Order of the Interpolating Scaling Function family
     stress_tensor                     : Yes #    Triggers the calculation of the stress tensor
   environment:
     cavity                            : none #   Type of the cavity
     fd_order                          : 16 #     Order of the Finite-difference derivatives for the GPS solver
   Poisson Solver GPU Enumerator:
     BACKEND                           :  4
     Attributes:
       DEVICE                          :  0
       MODEL                           :  2
     isf_order                         : 16 #     Order of the Interpolating Scaling Function family
     stress_tensor                     : Yes #    Triggers the calculation of the stress tensor
   environment:
     cavity                            : none #   Type of the cavity
     fd_order                          : 16 #     Order of the Finite-difference derivatives for the GPS solver
   Poisson Solver GPU Enumerator:
     BACKEND                           :  4
     Attributes:
       DEVICE                          :  0
       MODEL                           :  2
     cavity                            : none #   Type of the cavity
     fd_order                          : 16 #     Order of the Finite-difference derivatives for the GPS solver
     itermax                           : 200 #    Maximum number of iterations of the GPS outer loop
     minres                            : 1.e-8 #  Convergence threshold of the loop
     pb_method                         : none #   Defines the method for the Poisson Boltzmann Equation
   Poisson Solver GPU Enumerator:
     BACKEND                           :  4
     Attributes:
       DEVICE                          :  0
       MODEL                           :  2
     cavity                            : none #   Type of the cavity
     fd_order                          : 16 #     Order of the Finite-difference derivatives for the GPS solver
     itermax                           : 200 #    Maximum number of iterations of the GPS outer loop
     minres                            : 1.e-8 #  Convergence threshold of the loop
     pb_method                         : none #   Defines the method for the Poisson Boltzmann Equation
       MODEL                           :  2
     cavity                            : none #   Type of the cavity
     fd_order                          : 16 #     Order of the Finite-difference derivatives for the GPS solver
     itermax                           : 200 #    Maximum number of iterations of the GPS outer loop
   Poisson Solver GPU Enumerator:
     BACKEND                           :  4
     Attributes:
       DEVICE                          :  0
       MODEL                           :  2
     itermax                           : 200 #    Maximum number of iterations of the GPS outer loop
     minres                            : 1.e-8 #  Convergence threshold of the loop
   Poisson Solver GPU Enumerator:
     BACKEND                           :  4
     Attributes:
       DEVICE                          :  0
       MODEL                           :  2
     itermax                           : 200 #    Maximum number of iterations of the GPS outer loop
     minres                            : 1.e-8 #  Convergence threshold of the loop
     itermax                           : 200 #    Maximum number of iterations of the GPS outer loop
     minres                            : 1.e-8 #  Convergence threshold of the loop
   MPI tasks                           :  1
   OpenMP threads per MPI task         :  28
   Poisson Solver GPU Enumerator:
     BACKEND                           :  4
     Attributes:
       DEVICE                          :  0
       MODEL                           :  2
     fd_order                          : 16 #     Order of the Finite-difference derivatives for the GPS solver
     itermax                           : 200 #    Maximum number of iterations of the GPS outer loop
     minres                            : 1.e-8 #  Convergence threshold of the loop
     pb_method                         : none #   Defines the method for the Poisson Boltzmann Equation
   MPI tasks                           :  1
   OpenMP threads per MPI task         :  28
     minres                            : 1.e-8 #  Convergence threshold of the loop
     pb_method                         : none #   Defines the method for the Poisson Boltzmann Equation
     pb_method                         : none #   Defines the method for the Poisson Boltzmann Equation
   MPI tasks                           :  1
   OpenMP threads per MPI task         :  28
     pb_method                         : none #   Defines the method for the Poisson Boltzmann Equation
   MPI tasks                           :  1
   OpenMP threads per MPI task         :  28
     pb_method                         : none #   Defines the method for the Poisson Boltzmann Equation
   MPI tasks                           :  1
   OpenMP threads per MPI task         :  28
   Poisson Solver GPU Enumerator:
     BACKEND                           :  4
     Attributes:
       DEVICE                          :  0
       MODEL                           :  2
   MPI tasks                           :  1
   OpenMP threads per MPI task         :  28
   Poisson Solver GPU Enumerator:
     BACKEND                           :  4
     Attributes:
       DEVICE                          :  0
       MODEL                           :  2
   MPI tasks                           :  1
   OpenMP threads per MPI task         :  28
   Poisson Solver GPU Enumerator:
     BACKEND                           :  4
     Attributes:
       DEVICE                          :  0
       MODEL                           :  2
   Poisson Solver GPU Enumerator:
     BACKEND                           :  4
     Attributes:
       DEVICE                          :  0
       MODEL                           :  2
   Poisson Solver GPU Enumerator:
     BACKEND                           :  4
     Attributes:
       DEVICE                          :  0
       MODEL                           :  2
   Poisson Solver GPU Enumerator:
     BACKEND                           :  4
     Attributes:
       DEVICE                          :  0
       MODEL                           :  2
   Poisson Solver GPU Enumerator:
     BACKEND                           :  4
     Attributes:
       DEVICE                          :  0
       MODEL                           :  2
  #------------------------------------------------------------------- Kernel Initialization
 Poisson Kernel Initialization:
    #---------------------------------------------------------------------- Input parameters
   setup:
     accel                   : ONEMATH #          Material Acceleration
     use_gpu_direct          : Yes #              Force (or not) the usage of GPUdirect communication, if available
     verbose                 : Yes #              Verbosity switch
     keep_gpu_memory         : Yes #              Do not deallocate GPU memory at each call of the (G)PS routine
     taskgroup_size          : 0 #                Size of the taskgroups of the Poisson Solver
     global_data             : No #               Charge density and Electrostatic potential are given by global arrays
     output                  : none #             Quantities to be plotted after the main solver routine
   kernel:
     screening               : 0 #                Mu screening parameter
     isf_order               : 16 #               Order of the Interpolating Scaling Function family
     stress_tensor           : Yes #              Triggers the calculation of the stress tensor
   environment:
     cavity                  : none #             Type of the cavity
     fd_order                : 16 #               Order of the Finite-difference derivatives for the GPS solver
     itermax                 : 200 #              Maximum number of iterations of the GPS outer loop
     minres                  : 1.e-8 #            Convergence threshold of the loop
     pb_method               : none #             Defines the method for the Poisson Boltzmann Equation
   MPI tasks                 :  1
   OpenMP threads per MPI task:  28
   Poisson Solver GPU Enumerator:
     BACKEND                 :  4
     Attributes:
       DEVICE                :  0
       MODEL                 :  2
 Poisson Kernel Creation:
   Boundary Conditions       : Free
   Memory Requirements per MPI task:
     Density (MB)            :  194.66
     Kernel (MB)             :  196.66
     Full Grid Arrays (MB)   :  181.94
   Kernel Copied on GPU      :  Yes
 Orbital repartition:
 -  [ 12,  12,  12,  12,  12,  12,  12,  12,  12,  12,  12,  12,  12,  12,  12,  12,  12, 
      12,  12,  12,  12,  12,  12,  12,  12,  12,  12,  12,  12,  11,  11,  11,  11,  11, 
      11,  11,  11,  11,  11,  11,  11,  11,  11,  11,  11,  11,  11,  11,  11,  11,  11, 
      11,  11,  11,  11,  11,  11,  11,  11,  11,  11,  11,  11,  11,  11,  11,  11,  11, 
      11,  11,  11,  11,  11,  11,  11,  11,  11,  11,  11,  11]
  #Exact exchange calculation:1%; Time (s): Elapsed=2.9541, Remaining=2.92E+02
  #Exact exchange calculation:4%; Time (s): Elapsed=8.1691, Remaining=1.96E+02
  #Exact exchange calculation:6%; Time (s): Elapsed=13.5305, Remaining=2.12E+02
  #Exact exchange calculation:9%; Time (s): Elapsed=20.0920, Remaining=2.03E+02
[1764237669.984849002] compute33:rank67.Fock: reg_mr failed: 0xff00000368e00000:0xff00000378dfffff (len 0x10000000) access 0x90000003 id 26 base 0xff00000328e00000: Cannot allocate memory
[1764237670.192086402] compute33:rank67.Fock: reg_mr failed 10 times in a row.
[1764237670.310691257] compute22:rank43.Fock: reg_mr failed: 0xff00000378e00000:0xff00000388dfffff (len 0x10000000) access 0x90000003 id 26 base 0xff00000328e00000: Cannot allocate memory
[1764237670.376131908] compute23:rank51.Fock: reg_mr failed: 0xff00000532600000:0xff0000053f75f1a7 (len 0xd15f1a8) access 0x90000003 id 29 base 0xff000004c2600000: Cannot allocate memory
[1764237670.489247730] compute22:rank43.Fock: reg_mr failed 10 times in a row.
[1764237670.541552879] compute23:rank51.Fock: reg_mr failed 10 times in a row.
  #Exact exchange calculation:11%; Time (s): Elapsed=25.6845, Remaining=2.08E+02
[1764237673.816360535] compute11:rank3.Fock: reg_mr failed: 0xff000004d2600000:0xff000004e25fffff (len 0x10000000) access 0x90000003 id 29 base 0xff000004c2600000: Cannot allocate memory
[1764237674.374180751] compute33:rank65.Fock: reg_mr failed: 0xff000004e2600000:0xff000004f25fffff (len 0x10000000) access 0x90000003 id 29 base 0xff000004c2600000: Cannot allocate memory
[1764237674.414421614] compute33:rank65.Fock: reg_mr failed 10 times in a row.
[1764237674.430909744] compute23:rank50.Fock: reg_mr failed: 0xff000004f2600000:0xff000005025fffff (len 0x10000000) access 0x90000003 id 29 base 0xff000004c2600000: Cannot allocate memory
[1764237674.468151204] compute23:rank50.Fock: reg_mr failed 10 times in a row.
[1764237674.492817128] compute33:rank68.Fock: reg_mr failed: 0xff000003c1600000:0xff000003d15fffff (len 0x10000000) access 0x90000003 id 27 base 0xff000003b1600000: Cannot allocate memory
[1764237674.519559522] compute33:rank68.Fock: reg_mr failed 10 times in a row.
[1764237675.203501571] compute33:rank67.Fock: reg_mr failed: 0xff00000421600000:0xff000004315fffff (len 0x10000000) access 0x90000003 id 27 base 0xff000003b1600000: Cannot allocate memory
[1764237675.228001066] compute33:rank68.Fock: reg_mr failed: 0xff00000532600000:0xff0000053f75f1a7 (len 0xd15f1a8) access 0x90000003 id 29 base 0xff000004c2600000: Cannot allocate memory
[1764237675.347470270] compute33:rank67.Fock: reg_mr failed 10 times in a row.
[1764237675.388828247] compute33:rank68.Fock: reg_mr failed 10 times in a row.
  #Exact exchange calculation:14%; Time (s): Elapsed=31.5903, Remaining=1.94E+02
[1764237678.462053563] compute14:rank28.Fock: reg_mr failed: 0xff000003f1600000:0xff000004015fffff (len 0x10000000) access 0x90000003 id 27 base 0xff000003b1600000: Cannot allocate memory
[1764237678.669952820] compute14:rank28.Fock: reg_mr failed 10 times in a row.
[1764237679.478878438] compute11:rank3.Fock: reg_mr failed: 0xff000004f2600000:0xff000005025fffff (len 0x10000000) access 0x90000003 id 29 base 0xff000004c2600000: Cannot allocate memory
[1764237679.632720464] compute13:rank20.Fock: reg_mr failed: 0xff00000421600000:0xff000004315fffff (len 0x10000000) access 0x90000003 id 27 base 0xff000003b1600000: Cannot allocate memory
[1764237679.660828231] compute11:rank3.Fock: reg_mr failed 10 times in a row.
[1764237679.785258253] compute31:rank61.Fock: reg_mr failed: 0xff00000522600000:0xff000005325fffff (len 0x10000000) access 0x90000003 id 29 base 0xff000004c2600000: Cannot allocate memory
[1764237679.802670781] compute12:rank12.Fock: reg_mr failed: 0xff00000411600000:0xff000004215fffff (len 0x10000000) access 0x90000003 id 27 base 0xff000003b1600000: Cannot allocate memory
[1764237679.836204585] compute13:rank20.Fock: reg_mr failed 10 times in a row.
[1764237679.912260744] compute31:rank56.Fock: reg_mr failed: 0xff00000512600000:0xff000005225fffff (len 0x10000000) access 0x90000003 id 29 base 0xff000004c2600000: Cannot allocate memory
[1764237679.938860901] compute11:rank3.Fock: reg_mr failed: 0xff000003e1600000:0xff000003f15fffff (len 0x10000000) access 0x90000003 id 27 base 0xff000003b1600000: Cannot allocate memory
[1764237679.942963659] compute22:rank41.Fock: reg_mr failed: 0xff00000338e00000:0xff00000348dfffff (len 0x10000000) access 0x90000003 id 26 base 0xff00000328e00000: Cannot allocate memory
[1764237679.986937296] compute31:rank61.Fock: reg_mr failed 10 times in a row.
[1764237679.990106289] compute31:rank56.Fock: reg_mr failed 10 times in a row.
[1764237680.147041774] compute22:rank41.Fock: reg_mr failed 10 times in a row.
[1764237680.162514288] compute22:rank45.Fock: reg_mr failed: 0xff00000378e00000:0xff00000388dfffff (len 0x10000000) access 0x90000003 id 26 base 0xff00000328e00000: Cannot allocate memory
[1764237680.193292392] compute23:rank49.Fock: reg_mr failed: 0xff00000522600000:0xff000005325fffff (len 0x10000000) access 0x90000003 id 29 base 0xff000004c2600000: Cannot allocate memory
[1764237680.194625484] compute22:rank45.Fock: reg_mr failed 10 times in a row.
[1764237680.256721388] compute23:rank48.Fock: reg_mr failed: 0xff00000378e00000:0xff00000388dfffff (len 0x10000000) access 0x90000003 id 26 base 0xff00000328e00000: Cannot allocate memory
[1764237680.347193256] compute23:rank48.Fock: reg_mr failed 10 times in a row.
[1764237680.380651454] compute23:rank49.Fock: reg_mr failed 10 times in a row.
[1764237680.661509819] compute22:rank41.Fock: reg_mr failed: 0xff00000358e00000:0xff00000368dfffff (len 0x10000000) access 0x90000003 id 26 base 0xff00000328e00000: Cannot allocate memory
[1764237680.707503317] compute22:rank41.Fock: reg_mr failed 10 times in a row.
[1764237680.797352657] compute23:rank48.Fock: reg_mr failed: 0xff00000398e00000:0xff000003a8dfffff (len 0x10000000) access 0x90000003 id 26 base 0xff00000328e00000: Cannot allocate memory
[1764237680.840817721] compute23:rank48.Fock: reg_mr failed 10 times in a row.
[1764237680.916313510] compute22:rank41.Fock: reg_mr failed: 0xff00000522600000:0xff000005325fffff (len 0x10000000) access 0x90000003 id 29 base 0xff000004c2600000: Cannot allocate memory
[1764237680.959266872] compute22:rank41.Fock: reg_mr failed 10 times in a row.
  #Exact exchange calculation:16%; Time (s): Elapsed=37.1599, Remaining=1.95E+02
[1764237684.336121995] compute14:rank24.Fock: reg_mr failed: 0xff000004e2600000:0xff000004f25fffff (len 0x10000000) access 0x90000003 id 29 base 0xff000004c2600000: Cannot allocate memory
[1764237684.468533967] compute31:rank57.Fock: reg_mr failed: 0xff00000512600000:0xff000005225fffff (len 0x10000000) access 0x90000003 id 29 base 0xff000004c2600000: Cannot allocate memory
[1764237684.510884536] compute31:rank57.Fock: reg_mr failed 10 times in a row.
[1764237684.562255160] compute14:rank24.Fock: reg_mr failed 10 times in a row.
[1764237685.330574836] compute12:rank12.Fock: reg_mr failed: 0xff000004d2600000:0xff000004e25fffff (len 0x10000000) access 0x90000003 id 29 base 0xff000004c2600000: Cannot allocate memory
[1764237685.406041215] compute12:rank13.Fock: reg_mr failed: 0xff000004d2600000:0xff000004e25fffff (len 0x10000000) access 0x90000003 id 29 base 0xff000004c2600000: Cannot allocate memory
[1764237685.463628707] compute22:rank42.Fock: reg_mr failed: 0xff00000512600000:0xff000005225fffff (len 0x10000000) access 0x90000003 id 29 base 0xff000004c2600000: Cannot allocate memory
[1764237685.503268266] compute12:rank12.Fock: reg_mr failed 10 times in a row.
[1764237685.641797235] compute22:rank42.Fock: reg_mr failed 10 times in a row.
[1764237686.135676480] compute22:rank46.Fock: reg_mr failed: 0xff00000532600000:0xff0000053f75f1a7 (len 0xd15f1a8) access 0x90000003 id 29 base 0xff000004c2600000: Cannot allocate memory
[1764237686.168299400] compute22:rank46.Fock: reg_mr failed 10 times in a row.
[1764237689.421504033] compute34:rank73.Fock: reg_mr failed: 0xff00000401600000:0xff000004115fffff (len 0x10000000) access 0x90000003 id 27 base 0xff000003b1600000: Cannot allocate memory
[1764237689.427774917] compute14:rank25.Fock: reg_mr failed: 0xff000004d2600000:0xff000004e25fffff (len 0x10000000) access 0x90000003 id 29 base 0xff000004c2600000: Cannot allocate memory
[1764237689.470823166] compute14:rank27.Fock: reg_mr failed: 0xff000003c1600000:0xff000003d15fffff (len 0x10000000) access 0x90000003 id 27 base 0xff000003b1600000: Cannot allocate memory
[1764237689.564593839] compute14:rank25.Fock: reg_mr failed 10 times in a row.
  #Exact exchange calculation:19%; Time (s): Elapsed=42.8489, Remaining=1.83E+02
[1764237689.618078933] compute14:rank27.Fock: reg_mr failed 10 times in a row.
[1764237689.634843224] compute14:rank24.Fock: reg_mr failed: 0xff000003f1600000:0xff000004015fffff (len 0x10000000) access 0x90000003 id 27 base 0xff000003b1600000: Cannot allocate memory
[1764237689.676207353] compute14:rank24.Fock: reg_mr failed 10 times in a row.
[1764237689.833267701] compute14:rank26.Fock: reg_mr failed: 0xff000003c1600000:0xff000003d15fffff (len 0x10000000) access 0x90000003 id 27 base 0xff000003b1600000: Cannot allocate memory
[1764237689.896387051] compute14:rank26.Fock: reg_mr failed 10 times in a row.
[1764237689.969073144] compute14:rank25.Fock: reg_mr failed: 0xff000003e1600000:0xff000003f15fffff (len 0x10000000) access 0x90000003 id 27 base 0xff000003b1600000: Cannot allocate memory
[1764237690.017823137] compute14:rank25.Fock: reg_mr failed 10 times in a row.
[1764237690.241951695] compute13:rank20.Fock: reg_mr failed: 0xff000003d1600000:0xff000003e15fffff (len 0x10000000) access 0x90000003 id 27 base 0xff000003b1600000: Cannot allocate memory
[1764237690.395004386] compute13:rank20.Fock: reg_mr failed 10 times in a row.
[1764237690.510929831] compute31:rank56.Fock: reg_mr failed: 0xff000004d2600000:0xff000004e25fffff (len 0x10000000) access 0x90000003 id 29 base 0xff000004c2600000: Cannot allocate memory
[1764237690.630349477] compute13:rank21.Fock: reg_mr failed: 0xff00000502600000:0xff000005125fffff (len 0x10000000) access 0x90000003 id 29 base 0xff000004c2600000: Cannot allocate memory
[1764237690.660995538] compute13:rank21.Fock: reg_mr failed 10 times in a row.
[1764237690.684770089] compute31:rank56.Fock: reg_mr failed 10 times in a row.
[1764237690.722053812] compute13:rank19.Fock: reg_mr failed: 0xff000003f1600000:0xff000004015fffff (len 0x10000000) access 0x90000003 id 27 base 0xff000003b1600000: Cannot allocate memory
[1764237690.761081275] compute13:rank19.Fock: reg_mr failed 10 times in a row.
[1764237691.041495502] compute31:rank58.Fock: reg_mr failed: 0xff00000388e00000:0xff00000398dfffff (len 0x10000000) access 0x90000003 id 26 base 0xff00000328e00000: Cannot allocate memory
[1764237691.072297129] compute31:rank58.Fock: reg_mr failed 10 times in a row.
[1764237691.528123374] compute12:rank12.Fock: reg_mr failed: 0xff00000502600000:0xff000005125fffff (len 0x10000000) access 0x90000003 id 29 base 0xff000004c2600000: Cannot allocate memory
[1764237691.699851415] compute12:rank12.Fock: reg_mr failed 10 times in a row.
[1764237693.800880889] compute23:rank51.Fock: reg_mr failed: 0xff000004f2600000:0xff000005025fffff (len 0x10000000) access 0x90000003 id 29 base 0xff000004c2600000: Cannot allocate memory
[1764237693.961005493] compute23:rank51.Fock: reg_mr failed 10 times in a row.
[1764237694.028253235] compute23:rank51.Fock: reg_mr failed: 0xff000004f2600000:0xff000005025fffff (len 0x10000000) access 0x90000003 id 29 base 0xff000004c2600000: Cannot allocate memory
[1764237694.407786686] compute23:rank51.Fock: reg_mr failed: 0xff00000522600000:0xff000005325fffff (len 0x10000000) access 0x90000003 id 29 base 0xff000004c2600000: Cannot allocate memory
[1764237694.432917390] compute23:rank51.Fock: reg_mr failed 10 times in a row.
  #Exact exchange calculation:21%; Time (s): Elapsed=48.1393, Remaining=1.81E+02
[1764237695.285029160] compute21:rank38.Fock: reg_mr failed: 0xff00000522600000:0xff000005325fffff (len 0x10000000) access 0x90000003 id 29 base 0xff000004c2600000: Cannot allocate memory
[1764237695.444721453] compute21:rank38.Fock: reg_mr failed 10 times in a row.
[1764237696.502503007] compute12:rank9.Fock: reg_mr failed: 0xff00000378e00000:0xff00000388dfffff (len 0x10000000) access 0x90000003 id 26 base 0xff00000328e00000: Cannot allocate memory
[1764237696.611493291] compute12:rank11.Fock: reg_mr failed: 0xff00000388e00000:0xff00000398dfffff (len 0x10000000) access 0x90000003 id 26 base 0xff00000328e00000: Cannot allocate memory
[1764237696.641865838] compute13:rank20.Fock: reg_mr failed: 0xff00000512600000:0xff000005225fffff (len 0x10000000) access 0x90000003 id 29 base 0xff000004c2600000: Cannot allocate memory
[1764237696.683175992] compute12:rank11.Fock: reg_mr failed 10 times in a row.
[1764237696.707225683] compute12:rank9.Fock: reg_mr failed 10 times in a row.
[1764237696.787360846] compute12:rank12.Fock: reg_mr failed: 0xff00000388e00000:0xff00000398dfffff (len 0x10000000) access 0x90000003 id 26 base 0xff00000328e00000: Cannot allocate memory
[1764237697.049805849] compute31:rank61.Fock: reg_mr failed: 0xff00000512600000:0xff000005225fffff (len 0x10000000) access 0x90000003 id 29 base 0xff000004c2600000: Cannot allocate memory
[1764237697.209669078] compute31:rank61.Fock: reg_mr failed 10 times in a row.
[1764237697.252617450] compute12:rank13.Fock: reg_mr failed: 0xff00000368e00000:0xff00000378dfffff (len 0x10000000) access 0x90000003 id 26 base 0xff00000328e00000: Cannot allocate memory
[1764237697.306662033] compute12:rank13.Fock: reg_mr failed 10 times in a row.
[1764237700.004221584] compute14:rank28.Fock: reg_mr failed: 0xff000003c1600000:0xff000003d15fffff (len 0x10000000) access 0x90000003 id 27 base 0xff000003b1600000: Cannot allocate memory
[1764237700.186018265] compute14:rank28.Fock: reg_mr failed 10 times in a row.
  #Exact exchange calculation:24%; Time (s): Elapsed=53.4498, Remaining=1.69E+02
[1764237700.343030154] compute14:rank27.Fock: reg_mr failed: 0xff000004e2600000:0xff000004f25fffff (len 0x10000000) access 0x90000003 id 29 base 0xff000004c2600000: Cannot allocate memory
[1764237700.376353989] compute14:rank27.Fock: reg_mr failed 10 times in a row.
[1764237700.578750422] compute14:rank28.Fock: reg_mr failed: 0xff000003e1600000:0xff000003f15fffff (len 0x10000000) access 0x90000003 id 27 base 0xff000003b1600000: Cannot allocate memory
[1764237700.588213558] compute11:rank0.Fock: reg_mr failed: 0xff000003d1600000:0xff000003e15fffff (len 0x10000000) access 0x90000003 id 27 base 0xff000003b1600000: Cannot allocate memory
[1764237700.608848796] compute14:rank28.Fock: reg_mr failed 10 times in a row.
[1764237700.747283062] compute11:rank0.Fock: reg_mr failed 10 times in a row.
[1764237700.909841036] compute14:rank25.Fock: reg_mr failed: 0xff00000401600000:0xff000004115fffff (len 0x10000000) access 0x90000003 id 27 base 0xff000003b1600000: Cannot allocate memory
[1764237701.547248320] compute12:rank13.Fock: reg_mr failed: 0xff000004e2600000:0xff000004f25fffff (len 0x10000000) access 0x90000003 id 29 base 0xff000004c2600000: Cannot allocate memory
[1764237702.595480480] compute12:rank13.Fock: reg_mr failed: 0xff00000522600000:0xff000005325fffff (len 0x10000000) access 0x90000003 id 29 base 0xff000004c2600000: Cannot allocate memory
[1764237702.735829952] compute12:rank13.Fock: reg_mr failed 10 times in a row.
[1764237702.947210961] compute23:rank52.Fock: reg_mr failed: 0xff00000522600000:0xff000005325fffff (len 0x10000000) access 0x90000003 id 29 base 0xff000004c2600000: Cannot allocate memory
[1764237703.111705605] compute23:rank52.Fock: reg_mr failed 10 times in a row.
  #Exact exchange calculation:26%; Time (s): Elapsed=58.6315, Remaining=1.67E+02
[1764237705.765998900] compute14:rank28.Fock: reg_mr failed: 0xff00000348e00000:0xff00000358dfffff (len 0x10000000) access 0x90000003 id 26 base 0xff00000328e00000: Cannot allocate memory
[1764237705.970445621] compute14:rank28.Fock: reg_mr failed: 0xff000004f2600000:0xff000005025fffff (len 0x10000000) access 0x90000003 id 29 base 0xff000004c2600000: Cannot allocate memory
[1764237706.075372748] compute13:rank17.Fock: reg_mr failed: 0xff00000512600000:0xff000005225fffff (len 0x10000000) access 0x90000003 id 29 base 0xff000004c2600000: Cannot allocate memory
[1764237706.130713114] compute14:rank28.Fock: reg_mr failed 10 times in a row.
[1764237706.284489809] compute13:rank17.Fock: reg_mr failed 10 times in a row.
[1764237706.483512111] compute13:rank18.Fock: reg_mr failed: 0xff00000358e00000:0xff00000368dfffff (len 0x10000000) access 0x90000003 id 26 base 0xff00000328e00000: Cannot allocate memory
[1764237706.528783048] compute11:rank7.Fock: reg_mr failed: 0xff000004f2600000:0xff000005025fffff (len 0x10000000) access 0x90000003 id 29 base 0xff000004c2600000: Cannot allocate memory
[1764237706.545412468] compute13:rank18.Fock: reg_mr failed 10 times in a row.
[1764237706.712981085] compute11:rank7.Fock: reg_mr failed 10 times in a row.
[1764237706.898844006] compute14:rank26.Fock: reg_mr failed: 0xff000004f2600000:0xff000005025fffff (len 0x10000000) access 0x90000003 id 29 base 0xff000004c2600000: Cannot allocate memory
[1764237706.954291183] compute14:rank26.Fock: reg_mr failed 10 times in a row.
[1764237707.303896382] compute12:rank10.Fock: reg_mr failed: 0xff00000512600000:0xff000005225fffff (len 0x10000000) access 0x90000003 id 29 base 0xff000004c2600000: Cannot allocate memory
[1764237707.423394565] compute23:rank52.Fock: reg_mr failed: 0xff000003c1600000:0xff000003d15fffff (len 0x10000000) access 0x90000003 id 27 base 0xff000003b1600000: Cannot allocate memory
[1764237707.464167736] compute23:rank52.Fock: reg_mr failed 10 times in a row.
[1764237707.522023078] compute12:rank10.Fock: reg_mr failed: 0xff00000522600000:0xff000005325fffff (len 0x10000000) access 0x90000003 id 29 base 0xff000004c2600000: Cannot allocate memory
[1764237707.628845451] compute12:rank10.Fock: reg_mr failed 10 times in a row.
[1764237708.306007851] compute12:rank14.Fock: reg_mr failed: 0xff00000502600000:0xff000005125fffff (len 0x10000000) access 0x90000003 id 29 base 0xff000004c2600000: Cannot allocate memory
[1764237708.372777059] compute12:rank14.Fock: reg_mr failed 10 times in a row.
  #Exact exchange calculation:29%; Time (s): Elapsed=63.8095, Remaining=1.56E+02
[1764237712.131466436] compute11:rank6.Fock: reg_mr failed: 0xff000004f2600000:0xff000005025fffff (len 0x10000000) access 0x90000003 id 29 base 0xff000004c2600000: Cannot allocate memory
[1764237712.151502405] compute13:rank18.Fock: reg_mr failed: 0xff00000522600000:0xff000005325fffff (len 0x10000000) access 0x90000003 id 29 base 0xff000004c2600000: Cannot allocate memory
[1764237712.206113302] compute12:rank9.Fock: reg_mr failed: 0xff00000421600000:0xff000004315fffff (len 0x10000000) access 0x90000003 id 27 base 0xff000003b1600000: Cannot allocate memory
[1764237712.240149695] compute12:rank9.Fock: reg_mr failed 10 times in a row.
[1764237712.243250163] compute12:rank10.Fock: reg_mr failed: 0xff00000512600000:0xff000005225fffff (len 0x10000000) access 0x90000003 id 29 base 0xff000004c2600000: Cannot allocate memory
[1764237712.296885875] compute12:rank10.Fock: reg_mr failed 10 times in a row.
[1764237712.311582610] compute11:rank6.Fock: reg_mr failed 10 times in a row.
[1764237712.344211315] compute13:rank18.Fock: reg_mr failed 10 times in a row.
[1764237712.818678734] compute12:rank10.Fock: reg_mr failed: 0xff00000532600000:0xff000005425fffff (len 0x10000000) access 0x90000003 id 29 base 0xff000004c2600000: Cannot allocate memory
[1764237712.858123269] compute12:rank10.Fock: reg_mr failed 10 times in a row.
[1764237713.158132460] compute12:rank13.Fock: reg_mr failed: 0xff000004f2600000:0xff000005025fffff (len 0x10000000) access 0x90000003 id 29 base 0xff000004c2600000: Cannot allocate memory
[1764237713.209778636] compute12:rank13.Fock: reg_mr failed 10 times in a row.
[1764237713.226232509] compute12:rank12.Fock: reg_mr failed: 0xff000004e2600000:0xff000004f25fffff (len 0x10000000) access 0x90000003 id 29 base 0xff000004c2600000: Cannot allocate memory
[1764237713.264865580] compute12:rank12.Fock: reg_mr failed 10 times in a row.
[1764237713.645134076] compute23:rank51.Fock: reg_mr failed: 0xff00000378e00000:0xff00000388dfffff (len 0x10000000) access 0x90000003 id 26 base 0xff00000328e00000: Cannot allocate memory
[1764237713.828582990] compute23:rank51.Fock: reg_mr failed 10 times in a row.
[1764237713.845456509] compute12:rank15.Fock: reg_mr failed: 0xff000004f2600000:0xff000005025fffff (len 0x10000000) access 0x90000003 id 29 base 0xff000004c2600000: Cannot allocate memory
[1764237713.981866296] compute12:rank13.Fock: reg_mr failed: 0xff00000411600000:0xff000004215fffff (len 0x10000000) access 0x90000003 id 27 base 0xff000003b1600000: Cannot allocate memory
[1764237714.044400969] compute12:rank13.Fock: reg_mr failed 10 times in a row.
  #Exact exchange calculation:31%; Time (s): Elapsed=68.9411, Remaining=1.53E+02
[1764237716.614995083] compute13:rank23.Fock: reg_mr failed: 0xff00000522600000:0xff000005325fffff (len 0x10000000) access 0x90000003 id 29 base 0xff000004c2600000: Cannot allocate memory
[1764237716.643678785] compute13:rank23.Fock: reg_mr failed 10 times in a row.
[1764237716.976547143] compute13:rank22.Fock: reg_mr failed: 0xff00000348e00000:0xff00000358dfffff (len 0x10000000) access 0x90000003 id 26 base 0xff00000328e00000: Cannot allocate memory
[1764237717.012775724] compute13:rank22.Fock: reg_mr failed 10 times in a row.
[1764237717.235584215] compute13:rank22.Fock: reg_mr failed: 0xff00000532600000:0xff000005425fffff (len 0x10000000) access 0x90000003 id 29 base 0xff000004c2600000: Cannot allocate memory
[1764237718.654704001] compute12:rank13.Fock: reg_mr failed: 0xff000004f2600000:0xff000005025fffff (len 0x10000000) access 0x90000003 id 29 base 0xff000004c2600000: Cannot allocate memory
[1764237719.041910777] compute23:rank52.Fock: reg_mr failed: 0xff000003f1600000:0xff000004015fffff (len 0x10000000) access 0x90000003 id 27 base 0xff000003b1600000: Cannot allocate memory
[1764237719.190504170] compute23:rank52.Fock: reg_mr failed 10 times in a row.
  #Exact exchange calculation:33%; Time (s): Elapsed=74.0532, Remaining=1.50E+02
[1764237723.736470966] compute13:rank21.Fock: reg_mr failed: 0xff00000502600000:0xff000005125fffff (len 0x10000000) access 0x90000003 id 29 base 0xff000004c2600000: Cannot allocate memory
[1764237723.784976060] compute13:rank20.Fock: reg_mr failed: 0xff00000421600000:0xff000004315fffff (len 0x10000000) access 0x90000003 id 27 base 0xff000003b1600000: Cannot allocate memory
[1764237723.865577908] compute13:rank21.Fock: reg_mr failed 10 times in a row.
[1764237723.917140396] compute13:rank20.Fock: reg_mr failed 10 times in a row.
[1764237724.051567583] compute23:rank51.Fock: reg_mr failed: 0xff00000348e00000:0xff00000358dfffff (len 0x10000000) access 0x90000003 id 26 base 0xff00000328e00000: Cannot allocate memory
[1764237724.206839206] compute23:rank51.Fock: reg_mr failed 10 times in a row.
[1764237724.277005478] compute23:rank51.Fock: reg_mr failed: 0xff00000348e00000:0xff00000358dfffff (len 0x10000000) access 0x90000003 id 26 base 0xff00000328e00000: Cannot allocate memory
[1764237724.559916947] compute23:rank51.Fock: reg_mr failed: 0xff00000502600000:0xff000005125fffff (len 0x10000000) access 0x90000003 id 29 base 0xff000004c2600000: Cannot allocate memory
[1764237724.590923366] compute23:rank51.Fock: reg_mr failed 10 times in a row.
[1764237724.689336184] compute12:rank12.Fock: reg_mr failed: 0xff00000532600000:0xff000005425fffff (len 0x10000000) access 0x90000003 id 29 base 0xff000004c2600000: Cannot allocate memory
[1764237724.789376951] compute23:rank51.Fock: reg_mr failed: 0xff00000512600000:0xff000005225fffff (len 0x10000000) access 0x90000003 id 29 base 0xff000004c2600000: Cannot allocate memory
[1764237724.821465802] compute23:rank51.Fock: reg_mr failed 10 times in a row.
[1764237724.918435656] compute12:rank12.Fock: reg_mr failed 10 times in a row.
[1764237724.995056086] compute22:rank42.Fock: reg_mr failed: 0xff00000411600000:0xff000004215fffff (len 0x10000000) access 0x90000003 id 27 base 0xff000003b1600000: Cannot allocate memory
[1764237725.160349021] compute22:rank42.Fock: reg_mr failed 10 times in a row.
  #Exact exchange calculation:36%; Time (s): Elapsed=79.2520, Remaining=1.41E+02
[1764237727.592312676] compute13:rank16.Fock: reg_mr failed: 0xff00000358e00000:0xff00000368dfffff (len 0x10000000) access 0x90000003 id 26 base 0xff00000328e00000: Cannot allocate memory
[1764237727.649190194] compute13:rank16.Fock: reg_mr failed 10 times in a row.
[1764237728.134486783] compute13:rank16.Fock: reg_mr failed: 0xff00000378e00000:0xff00000388dfffff (len 0x10000000) access 0x90000003 id 26 base 0xff00000328e00000: Cannot allocate memory
[1764237728.192931741] compute13:rank16.Fock: reg_mr failed 10 times in a row.
[1764237728.793347101] compute13:rank17.Fock: reg_mr failed: 0xff00000532600000:0xff000005425fffff (len 0x10000000) access 0x90000003 id 29 base 0xff000004c2600000: Cannot allocate memory
[1764237728.981297842] compute13:rank17.Fock: reg_mr failed 10 times in a row.
[1764237729.347666339] compute14:rank26.Fock: reg_mr failed: 0xff000004f2600000:0xff000005025fffff (len 0x10000000) access 0x90000003 id 29 base 0xff000004c2600000: Cannot allocate memory
[1764237729.537772547] compute14:rank26.Fock: reg_mr failed 10 times in a row.
[1764237729.943059770] compute12:rank13.Fock: reg_mr failed: 0xff00000378e00000:0xff00000388dfffff (len 0x10000000) access 0x90000003 id 26 base 0xff00000328e00000: Cannot allocate memory
[1764237730.099895252] compute12:rank13.Fock: reg_mr failed 10 times in a row.
[1764237730.750387576] compute12:rank14.Fock: reg_mr failed: 0xff000004f2600000:0xff000005025fffff (len 0x10000000) access 0x90000003 id 29 base 0xff000004c2600000: Cannot allocate memory
[1764237730.789339116] compute12:rank14.Fock: reg_mr failed 10 times in a row.
  #Exact exchange calculation:38%; Time (s): Elapsed=84.5404, Remaining=1.38E+02
[1764237734.296542950] compute14:rank24.Fock: reg_mr failed: 0xff000003f1600000:0xff000004015fffff (len 0x10000000) access 0x90000003 id 27 base 0xff000003b1600000: Cannot allocate memory
[1764237735.196532284] compute14:rank26.Fock: reg_mr failed: 0xff00000512600000:0xff000005225fffff (len 0x10000000) access 0x90000003 id 29 base 0xff000004c2600000: Cannot allocate memory
[1764237735.343413257] compute12:rank13.Fock: reg_mr failed: 0xff00000411600000:0xff000004215fffff (len 0x10000000) access 0x90000003 id 27 base 0xff000003b1600000: Cannot allocate memory
[1764237735.352211681] compute14:rank26.Fock: reg_mr failed 10 times in a row.
[1764237735.421641215] compute12:rank14.Fock: reg_mr failed: 0xff000003c1600000:0xff000003d15fffff (len 0x10000000) access 0x90000003 id 27 base 0xff000003b1600000: Cannot allocate memory
[1764237735.492497427] compute12:rank14.Fock: reg_mr failed 10 times in a row.
[1764237735.516668894] compute12:rank13.Fock: reg_mr failed 10 times in a row.
[1764237736.249628711] compute12:rank14.Fock: reg_mr failed: 0xff00000522600000:0xff000005325fffff (len 0x10000000) access 0x90000003 id 29 base 0xff000004c2600000: Cannot allocate memory
[1764237736.295051051] compute12:rank14.Fock: reg_mr failed 10 times in a row.
  #Exact exchange calculation:41%; Time (s): Elapsed=89.7203, Remaining=1.29E+02
[1764237738.753640238] compute13:rank17.Fock: reg_mr failed: 0xff000004f2600000:0xff000005025fffff (len 0x10000000) access 0x90000003 id 29 base 0xff000004c2600000: Cannot allocate memory
[1764237738.953523807] compute13:rank17.Fock: reg_mr failed 10 times in a row.
[1764237739.420525370] compute13:rank17.Fock: reg_mr failed: 0xff00000368e00000:0xff00000378dfffff (len 0x10000000) access 0x90000003 id 26 base 0xff00000328e00000: Cannot allocate memory
[1764237739.472661216] compute13:rank17.Fock: reg_mr failed 10 times in a row.
[1764237739.491890268] compute14:rank25.Fock: reg_mr failed: 0xff000004f2600000:0xff000005025fffff (len 0x10000000) access 0x90000003 id 29 base 0xff000004c2600000: Cannot allocate memory
[1764237739.546562764] compute14:rank25.Fock: reg_mr failed 10 times in a row.
[1764237739.686408813] compute12:rank12.Fock: reg_mr failed: 0xff00000348e00000:0xff00000358dfffff (len 0x10000000) access 0x90000003 id 26 base 0xff00000328e00000: Cannot allocate memory
[1764237739.716848899] compute12:rank12.Fock: reg_mr failed 10 times in a row.
[1764237740.018485528] compute13:rank20.Fock: reg_mr failed: 0xff00000338e00000:0xff00000348dfffff (len 0x10000000) access 0x90000003 id 26 base 0xff00000328e00000: Cannot allocate memory
[1764237740.061734664] compute13:rank20.Fock: reg_mr failed 10 times in a row.
[1764237740.276408253] compute14:rank24.Fock: reg_mr failed: 0xff00000378e00000:0xff00000388dfffff (len 0x10000000) access 0x90000003 id 26 base 0xff00000328e00000: Cannot allocate memory
[1764237740.399346266] compute12:rank12.Fock: reg_mr failed: 0xff00000388e00000:0xff00000398dfffff (len 0x10000000) access 0x90000003 id 26 base 0xff00000328e00000: Cannot allocate memory
[1764237740.437249601] compute13:rank21.Fock: reg_mr failed: 0xff00000522600000:0xff000005325fffff (len 0x10000000) access 0x90000003 id 29 base 0xff000004c2600000: Cannot allocate memory
[1764237740.470274727] compute13:rank21.Fock: reg_mr failed 10 times in a row.
[1764237740.497700969] compute14:rank24.Fock: reg_mr failed 10 times in a row.
[1764237740.597233665] compute12:rank12.Fock: reg_mr failed 10 times in a row.
  #Exact exchange calculation:43%; Time (s): Elapsed=95.5263, Remaining=1.27E+02
[1764237743.821220039] compute13:rank16.Fock: reg_mr failed: 0xff00000522600000:0xff000005325fffff (len 0x10000000) access 0x90000003 id 29 base 0xff000004c2600000: Cannot allocate memory
[1764237744.036898868] compute13:rank16.Fock: reg_mr failed 10 times in a row.
[1764237744.299564499] compute13:rank17.Fock: reg_mr failed: 0xff000004f2600000:0xff000005025fffff (len 0x10000000) access 0x90000003 id 29 base 0xff000004c2600000: Cannot allocate memory
[1764237744.313162936] compute13:rank19.Fock: reg_mr failed: 0xff00000411600000:0xff000004215fffff (len 0x10000000) access 0x90000003 id 27 base 0xff000003b1600000: Cannot allocate memory
[1764237744.348257734] compute13:rank17.Fock: reg_mr failed 10 times in a row.
[1764237744.367454444] compute13:rank19.Fock: reg_mr failed 10 times in a row.
[1764237744.882575281] compute13:rank17.Fock: reg_mr failed: 0xff00000401600000:0xff000004115fffff (len 0x10000000) access 0x90000003 id 27 base 0xff000003b1600000: Cannot allocate memory
[1764237744.923795744] compute13:rank17.Fock: reg_mr failed 10 times in a row.
[1764237745.104189660] compute14:rank25.Fock: reg_mr failed: 0xff000004f2600000:0xff000005025fffff (len 0x10000000) access 0x90000003 id 29 base 0xff000004c2600000: Cannot allocate memory
[1764237745.162550011] compute14:rank25.Fock: reg_mr failed 10 times in a row.
[1764237746.270694089] compute13:rank21.Fock: reg_mr failed: 0xff00000522600000:0xff000005325fffff (len 0x10000000) access 0x90000003 id 29 base 0xff000004c2600000: Cannot allocate memory
[1764237746.302097309] compute13:rank21.Fock: reg_mr failed 10 times in a row.
[1764237746.302176349] compute12:rank14.Fock: reg_mr failed: 0xff000003d1600000:0xff000003e15fffff (len 0x10000000) access 0x90000003 id 27 base 0xff000003b1600000: Cannot allocate memory
[1764237746.461330505] compute12:rank14.Fock: reg_mr failed 10 times in a row.
  #Exact exchange calculation:46%; Time (s): Elapsed=100.4783, Remaining=1.18E+02
[1764237749.105961673] compute13:rank19.Fock: reg_mr failed: 0xff00000368e00000:0xff00000378dfffff (len 0x10000000) access 0x90000003 id 26 base 0xff00000328e00000: Cannot allocate memory
[1764237749.114769442] compute13:rank16.Fock: reg_mr failed: 0xff00000532600000:0xff000005425fffff (len 0x10000000) access 0x90000003 id 29 base 0xff000004c2600000: Cannot allocate memory
[1764237749.234957567] compute13:rank17.Fock: reg_mr failed: 0xff000004d2600000:0xff000004e25fffff (len 0x10000000) access 0x90000003 id 29 base 0xff000004c2600000: Cannot allocate memory
[1764237749.235614479] compute13:rank16.Fock: reg_mr failed 10 times in a row.
[1764237749.277941928] compute13:rank17.Fock: reg_mr failed 10 times in a row.
[1764237749.279550326] compute13:rank19.Fock: reg_mr failed 10 times in a row.
[1764237749.883272237] compute13:rank17.Fock: reg_mr failed: 0xff00000378e00000:0xff00000388dfffff (len 0x10000000) access 0x90000003 id 26 base 0xff00000328e00000: Cannot allocate memory
[1764237749.944438004] compute13:rank17.Fock: reg_mr failed 10 times in a row.
[1764237750.199718160] compute14:rank25.Fock: reg_mr failed: 0xff00000338e00000:0xff00000348dfffff (len 0x10000000) access 0x90000003 id 26 base 0xff00000328e00000: Cannot allocate memory
[1764237750.217989249] compute12:rank13.Fock: reg_mr failed: 0xff000004e2600000:0xff000004f25fffff (len 0x10000000) access 0x90000003 id 29 base 0xff000004c2600000: Cannot allocate memory
[1764237750.252673445] compute12:rank13.Fock: reg_mr failed 10 times in a row.
[1764237750.285862018] compute14:rank25.Fock: reg_mr failed 10 times in a row.
[1764237751.121249514] compute14:rank25.Fock: reg_mr failed: 0xff00000502600000:0xff000005125fffff (len 0x10000000) access 0x90000003 id 29 base 0xff000004c2600000: Cannot allocate memory
[1764237751.174727037] compute14:rank25.Fock: reg_mr failed 10 times in a row.
[1764237751.479412695] compute14:rank25.Fock: reg_mr failed: 0xff00000512600000:0xff000005225fffff (len 0x10000000) access 0x90000003 id 29 base 0xff000004c2600000: Cannot allocate memory
[1764237751.514230454] compute14:rank25.Fock: reg_mr failed 10 times in a row.
[1764237751.559208532] compute13:rank20.Fock: reg_mr failed: 0xff00000502600000:0xff000005125fffff (len 0x10000000) access 0x90000003 id 29 base 0xff000004c2600000: Cannot allocate memory
[1764237751.583729499] compute13:rank20.Fock: reg_mr failed 10 times in a row.
[1764237751.668294462] compute14:rank26.Fock: reg_mr failed: 0xff00000338e00000:0xff00000348dfffff (len 0x10000000) access 0x90000003 id 26 base 0xff00000328e00000: Cannot allocate memory
[1764237751.711644827] compute14:rank26.Fock: reg_mr failed 10 times in a row.
  #Exact exchange calculation:48%; Time (s): Elapsed=105.6161, Remaining=1.14E+02
[1764237752.617375202] compute31:rank61.Fock: reg_mr failed: 0xff000004d2600000:0xff000004e25fffff (len 0x10000000) access 0x90000003 id 29 base 0xff000004c2600000: Cannot allocate memory
[1764237752.770589819] compute31:rank57.Fock: reg_mr failed: 0xff000004e2600000:0xff000004f25fffff (len 0x10000000) access 0x90000003 id 29 base 0xff000004c2600000: Cannot allocate memory
[1764237752.791135058] compute23:rank51.Fock: reg_mr failed: 0xff000004d2600000:0xff000004e25fffff (len 0x10000000) access 0x90000003 id 29 base 0xff000004c2600000: Cannot allocate memory
[1764237752.802319959] compute31:rank57.Fock: reg_mr failed 10 times in a row.
[1764237752.932606808] compute31:rank61.Fock: reg_mr failed: 0xff000004e2600000:0xff000004f25fffff (len 0x10000000) access 0x90000003 id 29 base 0xff000004c2600000: Cannot allocate memory
[1764237752.965607052] compute31:rank61.Fock: reg_mr failed 10 times in a row.
[1764237753.468564767] compute31:rank63.Fock: reg_mr failed: 0xff000004f2600000:0xff000005025fffff (len 0x10000000) access 0x90000003 id 29 base 0xff000004c2600000: Cannot allocate memory
[1764237753.497036324] compute31:rank63.Fock: reg_mr failed 10 times in a row.
[1764237755.815327844] compute12:rank12.Fock: reg_mr failed: 0xff00000522600000:0xff000005325fffff (len 0x10000000) access 0x90000003 id 29 base 0xff000004c2600000: Cannot allocate memory
[1764237755.819524963] compute14:rank25.Fock: reg_mr failed: 0xff000003c1600000:0xff000003d15fffff (len 0x10000000) access 0x90000003 id 27 base 0xff000003b1600000: Cannot allocate memory
[1764237755.922900233] compute12:rank13.Fock: reg_mr failed: 0xff000004f2600000:0xff000005025fffff (len 0x10000000) access 0x90000003 id 29 base 0xff000004c2600000: Cannot allocate memory
[1764237755.960601982] compute12:rank13.Fock: reg_mr failed 10 times in a row.
[1764237755.977221946] compute12:rank12.Fock: reg_mr failed 10 times in a row.
[1764237756.017335373] compute14:rank25.Fock: reg_mr failed 10 times in a row.
[1764237756.180181661] compute12:rank13.Fock: reg_mr failed: 0xff00000502600000:0xff000005125fffff (len 0x10000000) access 0x90000003 id 29 base 0xff000004c2600000: Cannot allocate memory
[1764237756.218996578] compute12:rank13.Fock: reg_mr failed 10 times in a row.
[1764237756.343434058] compute14:rank24.Fock: reg_mr failed: 0xff000003f1600000:0xff000004015fffff (len 0x10000000) access 0x90000003 id 27 base 0xff000003b1600000: Cannot allocate memory
[1764237756.397310350] compute14:rank24.Fock: reg_mr failed 10 times in a row.
[1764237756.808285273] compute33:rank69.Fock: reg_mr failed: 0xff000004d2600000:0xff000004e25fffff (len 0x10000000) access 0x90000003 id 29 base 0xff000004c2600000: Cannot allocate memory
[1764237756.976456638] compute33:rank69.Fock: reg_mr failed 10 times in a row.
[1764237757.049961104] compute12:rank15.Fock: reg_mr failed: 0xff000003c1600000:0xff000003d15fffff (len 0x10000000) access 0x90000003 id 27 base 0xff000003b1600000: Cannot allocate memory
[1764237757.051821553] compute33:rank69.Fock: reg_mr failed: 0xff000004d2600000:0xff000004e25fffff (len 0x10000000) access 0x90000003 id 29 base 0xff000004c2600000: Cannot allocate memory
[1764237757.083052815] compute12:rank15.Fock: reg_mr failed 10 times in a row.
[1764237757.532445530] compute13:rank21.Fock: reg_mr failed: 0xff00000522600000:0xff000005325fffff (len 0x10000000) access 0x90000003 id 29 base 0xff000004c2600000: Cannot allocate memory
[1764237757.709330396] compute13:rank21.Fock: reg_mr failed 10 times in a row.
  #Exact exchange calculation:51%; Time (s): Elapsed=110.9892, Remaining=1.07E+02
[1764237758.414328874] compute23:rank54.Fock: reg_mr failed: 0xff000004d2600000:0xff000004e25fffff (len 0x10000000) access 0x90000003 id 29 base 0xff000004c2600000: Cannot allocate memory
[1764237758.449995731] compute33:rank64.Fock: reg_mr failed: 0xff000004d2600000:0xff000004e25fffff (len 0x10000000) access 0x90000003 id 29 base 0xff000004c2600000: Cannot allocate memory
[1764237758.451634505] compute33:rank66.Fock: reg_mr failed: 0xff00000502600000:0xff000005125fffff (len 0x10000000) access 0x90000003 id 29 base 0xff000004c2600000: Cannot allocate memory
[1764237758.495269457] compute33:rank64.Fock: reg_mr failed 10 times in a row.
[1764237758.499208597] compute33:rank66.Fock: reg_mr failed 10 times in a row.
[1764237758.600160745] compute23:rank54.Fock: reg_mr failed 10 times in a row.
[1764237758.701007771] compute14:rank29.Fock: reg_mr failed: 0xff00000368e00000:0xff00000378dfffff (len 0x10000000) access 0x90000003 id 26 base 0xff00000328e00000: Cannot allocate memory
[1764237758.719561255] compute23:rank54.Fock: reg_mr failed: 0xff000004d2600000:0xff000004e25fffff (len 0x10000000) access 0x90000003 id 29 base 0xff000004c2600000: Cannot allocate memory
[1764237758.735450073] compute14:rank29.Fock: reg_mr failed 10 times in a row.
[1764237758.901722771] compute23:rank49.Fock: reg_mr failed: 0xff000004f2600000:0xff000005025fffff (len 0x10000000) access 0x90000003 id 29 base 0xff000004c2600000: Cannot allocate memory
[1764237758.937156574] compute21:rank36.Fock: reg_mr failed: 0xff00000522600000:0xff000005325fffff (len 0x10000000) access 0x90000003 id 29 base 0xff000004c2600000: Cannot allocate memory
[1764237758.971609594] compute33:rank64.Fock: reg_mr failed: 0xff000004f2600000:0xff000005025fffff (len 0x10000000) access 0x90000003 id 29 base 0xff000004c2600000: Cannot allocate memory
[1764237759.031598295] compute33:rank64.Fock: reg_mr failed 10 times in a row.
[1764237759.098132463] compute21:rank36.Fock: reg_mr failed 10 times in a row.
[1764237759.916935783] compute21:rank39.Fock: reg_mr failed: 0xff00000378e00000:0xff00000388dfffff (len 0x10000000) access 0x90000003 id 26 base 0xff00000328e00000: Cannot allocate memory
[1764237760.644621547] compute13:rank18.Fock: reg_mr failed: 0xff00000378e00000:0xff00000388dfffff (len 0x10000000) access 0x90000003 id 26 base 0xff00000328e00000: Cannot allocate memory
[1764237760.677053104] compute13:rank18.Fock: reg_mr failed 10 times in a row.
[1764237761.511523184] compute14:rank25.Fock: reg_mr failed: 0xff00000348e00000:0xff00000358dfffff (len 0x10000000) access 0x90000003 id 26 base 0xff00000328e00000: Cannot allocate memory
[1764237761.705663189] compute14:rank25.Fock: reg_mr failed 10 times in a row.
[1764237762.200235989] compute14:rank24.Fock: reg_mr failed: 0xff00000512600000:0xff000005225fffff (len 0x10000000) access 0x90000003 id 29 base 0xff000004c2600000: Cannot allocate memory
[1764237762.251755559] compute14:rank24.Fock: reg_mr failed 10 times in a row.
[1764237762.428675113] compute14:rank25.Fock: reg_mr failed: 0xff00000378e00000:0xff00000388dfffff (len 0x10000000) access 0x90000003 id 26 base 0xff00000328e00000: Cannot allocate memory
[1764237762.482623869] compute14:rank25.Fock: reg_mr failed 10 times in a row.
[1764237762.673404307] compute12:rank15.Fock: reg_mr failed: 0xff00000338e00000:0xff00000348dfffff (len 0x10000000) access 0x90000003 id 26 base 0xff00000328e00000: Cannot allocate memory
[1764237762.831065009] compute12:rank15.Fock: reg_mr failed 10 times in a row.
[1764237763.239859265] compute12:rank15.Fock: reg_mr failed: 0xff00000368e00000:0xff00000378dfffff (len 0x10000000) access 0x90000003 id 26 base 0xff00000328e00000: Cannot allocate memory
[1764237763.263570350] compute12:rank15.Fock: reg_mr failed 10 times in a row.
[1764237763.392533197] compute12:rank15.Fock: reg_mr failed: 0xff00000378e00000:0xff00000388dfffff (len 0x10000000) access 0x90000003 id 26 base 0xff00000328e00000: Cannot allocate memory
[1764237763.416036470] compute12:rank15.Fock: reg_mr failed 10 times in a row.
[1764237763.462835044] compute14:rank29.Fock: reg_mr failed: 0xff00000512600000:0xff000005225fffff (len 0x10000000) access 0x90000003 id 29 base 0xff000004c2600000: Cannot allocate memory
[1764237763.486395901] compute14:rank29.Fock: reg_mr failed 10 times in a row.
  #Exact exchange calculation:53%; Time (s): Elapsed=116.8525, Remaining=1.04E+02
[1764237763.672111806] compute12:rank15.Fock: reg_mr failed: 0xff00000398e00000:0xff000003a8dfffff (len 0x10000000) access 0x90000003 id 26 base 0xff00000328e00000: Cannot allocate memory
[1764237763.695968709] compute12:rank15.Fock: reg_mr failed 10 times in a row.
[1764237764.493206954] compute33:rank65.Fock: reg_mr failed: 0xff000004d2600000:0xff000004e25fffff (len 0x10000000) access 0x90000003 id 29 base 0xff000004c2600000: Cannot allocate memory
[1764237764.671278941] compute33:rank64.Fock: reg_mr failed: 0xff00000522600000:0xff000005325fffff (len 0x10000000) access 0x90000003 id 29 base 0xff000004c2600000: Cannot allocate memory
[1764237764.688752278] compute33:rank65.Fock: reg_mr failed 10 times in a row.
[1764237764.704546996] compute33:rank64.Fock: reg_mr failed 10 times in a row.
[1764237765.454519621] compute34:rank79.Fock: reg_mr failed: 0xff000003f1600000:0xff000004015fffff (len 0x10000000) access 0x90000003 id 27 base 0xff000003b1600000: Cannot allocate memory
[1764237768.455601249] compute21:rank33.Fock: reg_mr failed: 0xff000004d2600000:0xff000004e25fffff (len 0x10000000) access 0x90000003 id 29 base 0xff000004c2600000: Cannot allocate memory
[1764237768.640307585] compute21:rank33.Fock: reg_mr failed 10 times in a row.
  #Exact exchange calculation:56%; Time (s): Elapsed=122.0405, Remaining=96.
[1764237769.294256380] compute21:rank39.Fock: reg_mr failed: 0xff000004f2600000:0xff000005025fffff (len 0x10000000) access 0x90000003 id 29 base 0xff000004c2600000: Cannot allocate memory
[1764237769.347214758] compute21:rank39.Fock: reg_mr failed 10 times in a row.
[1764237769.385334316] compute14:rank31.Fock: reg_mr failed: 0xff000004d2600000:0xff000004e25fffff (len 0x10000000) access 0x90000003 id 29 base 0xff000004c2600000: Cannot allocate memory
[1764237769.555602656] compute14:rank31.Fock: reg_mr failed 10 times in a row.
[1764237769.667172535] compute13:rank16.Fock: reg_mr failed: 0xff00000398e00000:0xff000003a8dfffff (len 0x10000000) access 0x90000003 id 26 base 0xff00000328e00000: Cannot allocate memory
[1764237769.931315688] compute14:rank31.Fock: reg_mr failed: 0xff00000358e00000:0xff00000368dfffff (len 0x10000000) access 0x90000003 id 26 base 0xff00000328e00000: Cannot allocate memory
[1764237769.963074775] compute14:rank31.Fock: reg_mr failed 10 times in a row.
[1764237769.996526477] compute34:rank75.Fock: reg_mr failed: 0xff00000522600000:0xff000005325fffff (len 0x10000000) access 0x90000003 id 29 base 0xff000004c2600000: Cannot allocate memory
[1764237770.062949216] compute34:rank75.Fock: reg_mr failed 10 times in a row.
[1764237770.543044346] compute13:rank18.Fock: reg_mr failed: 0xff00000378e00000:0xff00000388dfffff (len 0x10000000) access 0x90000003 id 26 base 0xff00000328e00000: Cannot allocate memory
[1764237770.597503780] compute13:rank18.Fock: reg_mr failed 10 times in a row.
[1764237771.597613929] compute12:rank13.Fock: reg_mr failed: 0xff00000512600000:0xff000005225fffff (len 0x10000000) access 0x90000003 id 29 base 0xff000004c2600000: Cannot allocate memory
[1764237771.752251971] compute12:rank13.Fock: reg_mr failed 10 times in a row.
[1764237773.308833635] compute12:rank15.Fock: reg_mr failed: 0xff00000368e00000:0xff00000378dfffff (len 0x10000000) access 0x90000003 id 26 base 0xff00000328e00000: Cannot allocate memory
[1764237773.334710680] compute12:rank15.Fock: reg_mr failed 10 times in a row.
[1764237773.432639849] compute14:rank24.Fock: reg_mr failed: 0xff00000522600000:0xff000005325fffff (len 0x10000000) access 0x90000003 id 29 base 0xff000004c2600000: Cannot allocate memory
[1764237773.484442806] compute14:rank24.Fock: reg_mr failed 10 times in a row.
[1764237773.975272156] compute11:rank7.Fock: reg_mr failed: 0xff000004e2600000:0xff000004f25fffff (len 0x10000000) access 0x90000003 id 29 base 0xff000004c2600000: Cannot allocate memory
[1764237774.160175440] compute11:rank7.Fock: reg_mr failed 10 times in a row.
  #Exact exchange calculation:58%; Time (s): Elapsed=127.3945, Remaining=92.
[1764237774.637243439] compute34:rank74.Fock: reg_mr failed: 0xff000004e2600000:0xff000004f25fffff (len 0x10000000) access 0x90000003 id 29 base 0xff000004c2600000: Cannot allocate memory
[1764237774.655771413] compute31:rank62.Fock: reg_mr failed: 0xff00000401600000:0xff000004115fffff (len 0x10000000) access 0x90000003 id 27 base 0xff000003b1600000: Cannot allocate memory
[1764237774.790042747] compute34:rank74.Fock: reg_mr failed 10 times in a row.
[1764237774.829280897] compute31:rank62.Fock: reg_mr failed 10 times in a row.
[1764237775.484539554] compute13:rank19.Fock: reg_mr failed: 0xff000003f1600000:0xff000004015fffff (len 0x10000000) access 0x90000003 id 27 base 0xff000003b1600000: Cannot allocate memory
[1764237775.639646170] compute13:rank18.Fock: reg_mr failed: 0xff00000401600000:0xff000004115fffff (len 0x10000000) access 0x90000003 id 27 base 0xff000003b1600000: Cannot allocate memory
[1764237775.675672250] compute13:rank19.Fock: reg_mr failed 10 times in a row.
[1764237775.691929882] compute13:rank17.Fock: reg_mr failed: 0xff000003c1600000:0xff000003d15fffff (len 0x10000000) access 0x90000003 id 27 base 0xff000003b1600000: Cannot allocate memory
[1764237775.722845573] compute13:rank18.Fock: reg_mr failed 10 times in a row.
[1764237776.040294381] compute13:rank18.Fock: reg_mr failed: 0xff00000411600000:0xff000004215fffff (len 0x10000000) access 0x90000003 id 27 base 0xff000003b1600000: Cannot allocate memory
[1764237776.098644413] compute13:rank18.Fock: reg_mr failed 10 times in a row.
[1764237776.258611196] compute12:rank13.Fock: reg_mr failed: 0xff000004d2600000:0xff000004e25fffff (len 0x10000000) access 0x90000003 id 29 base 0xff000004c2600000: Cannot allocate memory
[1764237776.292638178] compute12:rank13.Fock: reg_mr failed 10 times in a row.
[1764237776.774624255] compute12:rank12.Fock: reg_mr failed: 0xff00000411600000:0xff000004215fffff (len 0x10000000) access 0x90000003 id 27 base 0xff000003b1600000: Cannot allocate memory
[1764237776.970416830] compute12:rank12.Fock: reg_mr failed 10 times in a row.
[1764237778.372438472] compute12:rank14.Fock: reg_mr failed: 0xff00000421600000:0xff000004315fffff (len 0x10000000) access 0x90000003 id 27 base 0xff000003b1600000: Cannot allocate memory
[1764237778.412651754] compute12:rank14.Fock: reg_mr failed 10 times in a row.
[1764237778.587242497] compute21:rank32.Fock: reg_mr failed: 0xff00000338e00000:0xff00000348dfffff (len 0x10000000) access 0x90000003 id 26 base 0xff00000328e00000: Cannot allocate memory
[1764237778.981646483] compute14:rank25.Fock: reg_mr failed: 0xff00000421600000:0xff000004315fffff (len 0x10000000) access 0x90000003 id 27 base 0xff000003b1600000: Cannot allocate memory
[1764237779.187847141] compute14:rank25.Fock: reg_mr failed 10 times in a row.
  #Exact exchange calculation:61%; Time (s): Elapsed=132.9440, Remaining=85.
[1764237779.990267474] compute14:rank31.Fock: reg_mr failed: 0xff000004e2600000:0xff000004f25fffff (len 0x10000000) access 0x90000003 id 29 base 0xff000004c2600000: Cannot allocate memory
[1764237780.026430220] compute14:rank31.Fock: reg_mr failed 10 times in a row.
[1764237780.347326179] compute14:rank26.Fock: reg_mr failed: 0xff00000512600000:0xff000005225fffff (len 0x10000000) access 0x90000003 id 29 base 0xff000004c2600000: Cannot allocate memory
[1764237780.371743656] compute14:rank26.Fock: reg_mr failed 10 times in a row.
[1764237780.454188046] compute21:rank34.Fock: reg_mr failed: 0xff00000512600000:0xff000005225fffff (len 0x10000000) access 0x90000003 id 29 base 0xff000004c2600000: Cannot allocate memory
[1764237780.566914504] compute14:rank26.Fock: reg_mr failed: 0xff00000522600000:0xff000005325fffff (len 0x10000000) access 0x90000003 id 29 base 0xff000004c2600000: Cannot allocate memory
[1764237780.591038148] compute14:rank26.Fock: reg_mr failed 10 times in a row.
[1764237780.594623306] compute21:rank34.Fock: reg_mr failed 10 times in a row.
[1764237780.676445202] compute22:rank42.Fock: reg_mr failed: 0xff00000368e00000:0xff00000378dfffff (len 0x10000000) access 0x90000003 id 26 base 0xff00000328e00000: Cannot allocate memory
[1764237783.442689946] compute14:rank28.Fock: reg_mr failed: 0xff000004f2600000:0xff000005025fffff (len 0x10000000) access 0x90000003 id 29 base 0xff000004c2600000: Cannot allocate memory
[1764237783.466981891] compute14:rank28.Fock: reg_mr failed 10 times in a row.
[1764237784.138323438] compute12:rank15.Fock: reg_mr failed: 0xff00000398e00000:0xff000003a8dfffff (len 0x10000000) access 0x90000003 id 26 base 0xff00000328e00000: Cannot allocate memory
[1764237784.188491536] compute14:rank24.Fock: reg_mr failed: 0xff000004d2600000:0xff000004e25fffff (len 0x10000000) access 0x90000003 id 29 base 0xff000004c2600000: Cannot allocate memory
[1764237784.269168516] compute13:rank21.Fock: reg_mr failed: 0xff00000398e00000:0xff000003a8dfffff (len 0x10000000) access 0x90000003 id 26 base 0xff00000328e00000: Cannot allocate memory
[1764237784.295097947] compute12:rank15.Fock: reg_mr failed 10 times in a row.
[1764237784.400444164] compute14:rank24.Fock: reg_mr failed 10 times in a row.
[1764237784.427760578] compute13:rank21.Fock: reg_mr failed 10 times in a row.
[1764237784.647394935] compute14:rank27.Fock: reg_mr failed: 0xff00000358e00000:0xff00000368dfffff (len 0x10000000) access 0x90000003 id 26 base 0xff00000328e00000: Cannot allocate memory
[1764237784.682898921] compute14:rank27.Fock: reg_mr failed 10 times in a row.
  #Exact exchange calculation:63%; Time (s): Elapsed=138.0276, Remaining=81.
[1764237784.966628195] compute22:rank41.Fock: reg_mr failed: 0xff000004d2600000:0xff000004e25fffff (len 0x10000000) access 0x90000003 id 29 base 0xff000004c2600000: Cannot allocate memory
[1764237785.126146822] compute22:rank41.Fock: reg_mr failed 10 times in a row.
[1764237786.108272855] compute13:rank18.Fock: reg_mr failed: 0xff000003f1600000:0xff000004015fffff (len 0x10000000) access 0x90000003 id 27 base 0xff000003b1600000: Cannot allocate memory
[1764237786.135928477] compute13:rank18.Fock: reg_mr failed 10 times in a row.
[1764237786.235422122] compute21:rank35.Fock: reg_mr failed: 0xff00000401600000:0xff000004115fffff (len 0x10000000) access 0x90000003 id 27 base 0xff000003b1600000: Cannot allocate memory
[1764237786.395237845] compute21:rank35.Fock: reg_mr failed 10 times in a row.
[1764237787.745928303] compute11:rank3.Fock: reg_mr failed: 0xff00000502600000:0xff000005125fffff (len 0x10000000) access 0x90000003 id 29 base 0xff000004c2600000: Cannot allocate memory
[1764237787.877591684] compute12:rank14.Fock: reg_mr failed: 0xff000004e2600000:0xff000004f25fffff (len 0x10000000) access 0x90000003 id 29 base 0xff000004c2600000: Cannot allocate memory
[1764237787.902434718] compute12:rank14.Fock: reg_mr failed 10 times in a row.
[1764237787.924916197] compute11:rank3.Fock: reg_mr failed 10 times in a row.
[1764237789.138407057] compute13:rank21.Fock: reg_mr failed: 0xff000003e1600000:0xff000003f15fffff (len 0x10000000) access 0x90000003 id 27 base 0xff000003b1600000: Cannot allocate memory
[1764237789.166511634] compute13:rank21.Fock: reg_mr failed 10 times in a row.
[1764237789.256886249] compute14:rank28.Fock: reg_mr failed: 0xff00000512600000:0xff000005225fffff (len 0x10000000) access 0x90000003 id 29 base 0xff000004c2600000: Cannot allocate memory
[1764237789.434567917] compute14:rank28.Fock: reg_mr failed 10 times in a row.
[1764237789.520263379] compute12:rank15.Fock: reg_mr failed: 0xff00000421600000:0xff000004315fffff (len 0x10000000) access 0x90000003 id 27 base 0xff000003b1600000: Cannot allocate memory
[1764237789.701974825] compute12:rank15.Fock: reg_mr failed 10 times in a row.
[1764237789.747929367] compute21:rank36.Fock: reg_mr failed: 0xff00000348e00000:0xff00000358dfffff (len 0x10000000) access 0x90000003 id 26 base 0xff00000328e00000: Cannot allocate memory
[1764237789.773732268] compute21:rank36.Fock: reg_mr failed 10 times in a row.
[1764237790.844248923] compute34:rank74.Fock: reg_mr failed: 0xff000004d2600000:0xff000004e25fffff (len 0x10000000) access 0x90000003 id 29 base 0xff000004c2600000: Cannot allocate memory
[1764237790.878369222] compute14:rank31.Fock: reg_mr failed: 0xff00000358e00000:0xff00000368dfffff (len 0x10000000) access 0x90000003 id 26 base 0xff00000328e00000: Cannot allocate memory
[1764237790.910323445] compute14:rank31.Fock: reg_mr failed 10 times in a row.
[1764237791.044616171] compute34:rank74.Fock: reg_mr failed 10 times in a row.
[1764237791.474448741] compute22:rank45.Fock: reg_mr failed: 0xff00000398e00000:0xff000003a8dfffff (len 0x10000000) access 0x90000003 id 26 base 0xff00000328e00000: Cannot allocate memory
[1764237791.632595718] compute11:rank4.Fock: reg_mr failed: 0xff00000338e00000:0xff00000348dfffff (len 0x10000000) access 0x90000003 id 26 base 0xff00000328e00000: Cannot allocate memory
[1764237791.647743465] compute22:rank45.Fock: reg_mr failed 10 times in a row.
[1764237791.666601314] compute11:rank4.Fock: reg_mr failed 10 times in a row.
[1764237791.850577691] compute21:rank35.Fock: reg_mr failed: 0xff00000532600000:0xff0000053f75f1a7 (len 0xd15f1a8) access 0x90000003 id 29 base 0xff000004c2600000: Cannot allocate memory
  #Exact exchange calculation:66%; Time (s): Elapsed=145.1214, Remaining=75.
[1764237792.004197488] compute12:rank12.Fock: reg_mr failed: 0xff00000502600000:0xff000005125fffff (len 0x10000000) access 0x90000003 id 29 base 0xff000004c2600000: Cannot allocate memory
[1764237792.030874318] compute21:rank35.Fock: reg_mr failed 10 times in a row.
[1764237792.032622234] compute12:rank12.Fock: reg_mr failed 10 times in a row.
[1764237792.384904291] compute12:rank12.Fock: reg_mr failed: 0xff00000522600000:0xff000005325fffff (len 0x10000000) access 0x90000003 id 29 base 0xff000004c2600000: Cannot allocate memory
[1764237792.422279649] compute12:rank12.Fock: reg_mr failed 10 times in a row.
[1764237793.279377341] compute11:rank1.Fock: reg_mr failed: 0xff00000398e00000:0xff000003a8dfffff (len 0x10000000) access 0x90000003 id 26 base 0xff00000328e00000: Cannot allocate memory
[1764237793.436723832] compute11:rank1.Fock: reg_mr failed 10 times in a row.
[1764237793.842281889] compute11:rank3.Fock: reg_mr failed: 0xff00000398e00000:0xff000003a8dfffff (len 0x10000000) access 0x90000003 id 26 base 0xff00000328e00000: Cannot allocate memory
[1764237793.865695842] compute11:rank3.Fock: reg_mr failed 10 times in a row.
[1764237794.336227027] compute12:rank15.Fock: reg_mr failed: 0xff00000368e00000:0xff00000378dfffff (len 0x10000000) access 0x90000003 id 26 base 0xff00000328e00000: Cannot allocate memory
[1764237794.360657229] compute12:rank15.Fock: reg_mr failed 10 times in a row.
[1764237794.435195398] compute13:rank21.Fock: reg_mr failed: 0xff00000368e00000:0xff00000378dfffff (len 0x10000000) access 0x90000003 id 26 base 0xff00000328e00000: Cannot allocate memory
[1764237794.569588811] compute14:rank24.Fock: reg_mr failed: 0xff00000358e00000:0xff00000368dfffff (len 0x10000000) access 0x90000003 id 26 base 0xff00000328e00000: Cannot allocate memory
[1764237794.595228606] compute13:rank21.Fock: reg_mr failed 10 times in a row.
[1764237794.759052471] compute14:rank24.Fock: reg_mr failed 10 times in a row.
[1764237794.966796590] compute21:rank36.Fock: reg_mr failed: 0xff000004d2600000:0xff000004e25fffff (len 0x10000000) access 0x90000003 id 29 base 0xff000004c2600000: Cannot allocate memory
[1764237794.991534384] compute21:rank36.Fock: reg_mr failed 10 times in a row.
[1764237795.174307157] compute14:rank24.Fock: reg_mr failed: 0xff00000388e00000:0xff00000398dfffff (len 0x10000000) access 0x90000003 id 26 base 0xff00000328e00000: Cannot allocate memory
[1764237795.212287534] compute14:rank24.Fock: reg_mr failed 10 times in a row.
[1764237795.580628199] compute13:rank17.Fock: reg_mr failed: 0xff000003f1600000:0xff000004015fffff (len 0x10000000) access 0x90000003 id 27 base 0xff000003b1600000: Cannot allocate memory
[1764237795.618098761] compute13:rank17.Fock: reg_mr failed 10 times in a row.
[1764237796.041277256] compute21:rank38.Fock: reg_mr failed: 0xff000004e2600000:0xff000004f25fffff (len 0x10000000) access 0x90000003 id 29 base 0xff000004c2600000: Cannot allocate memory
[1764237796.067469768] compute21:rank37.Fock: reg_mr failed: 0xff000004f2600000:0xff000005025fffff (len 0x10000000) access 0x90000003 id 29 base 0xff000004c2600000: Cannot allocate memory
[1764237796.086306693] compute21:rank38.Fock: reg_mr failed 10 times in a row.
[1764237796.108303168] compute21:rank37.Fock: reg_mr failed 10 times in a row.
[1764237796.175035754] compute33:rank69.Fock: reg_mr failed: 0xff000003f1600000:0xff000004015fffff (len 0x10000000) access 0x90000003 id 27 base 0xff000003b1600000: Cannot allocate memory
[1764237796.389296563] compute33:rank69.Fock: reg_mr failed 10 times in a row.
[1764237796.480743631] compute21:rank38.Fock: reg_mr failed: 0xff00000421600000:0xff000004315fffff (len 0x10000000) access 0x90000003 id 27 base 0xff000003b1600000: Cannot allocate memory
[1764237796.517429106] compute21:rank38.Fock: reg_mr failed 10 times in a row.
[1764237796.687774585] compute21:rank35.Fock: reg_mr failed: 0xff000004d2600000:0xff000004e25fffff (len 0x10000000) access 0x90000003 id 29 base 0xff000004c2600000: Cannot allocate memory
[1764237796.737658560] compute21:rank35.Fock: reg_mr failed 10 times in a row.
  #Exact exchange calculation:68%; Time (s): Elapsed=150.2623, Remaining=71.
[1764237797.049033839] compute22:rank44.Fock: reg_mr failed: 0xff00000401600000:0xff000004115fffff (len 0x10000000) access 0x90000003 id 27 base 0xff000003b1600000: Cannot allocate memory
[1764237797.217441304] compute22:rank44.Fock: reg_mr failed 10 times in a row.
[1764237797.266137465] compute23:rank50.Fock: reg_mr failed: 0xff000004d2600000:0xff000004e25fffff (len 0x10000000) access 0x90000003 id 29 base 0xff000004c2600000: Cannot allocate memory
[1764237797.384554305] compute21:rank35.Fock: reg_mr failed: 0xff00000401600000:0xff000004115fffff (len 0x10000000) access 0x90000003 id 27 base 0xff000003b1600000: Cannot allocate memory
[1764237797.428633808] compute23:rank50.Fock: reg_mr failed 10 times in a row.
[1764237797.574542546] compute12:rank12.Fock: reg_mr failed: 0xff000004f2600000:0xff000005025fffff (len 0x10000000) access 0x90000003 id 29 base 0xff000004c2600000: Cannot allocate memory
[1764237797.766357313] compute12:rank12.Fock: reg_mr failed 10 times in a row.
[1764237799.215091477] compute12:rank15.Fock: reg_mr failed: 0xff000004e2600000:0xff000004f25fffff (len 0x10000000) access 0x90000003 id 29 base 0xff000004c2600000: Cannot allocate memory
[1764237799.243632678] compute12:rank15.Fock: reg_mr failed 10 times in a row.
[1764237799.323138938] compute13:rank20.Fock: reg_mr failed: 0xff000003f1600000:0xff000004015fffff (len 0x10000000) access 0x90000003 id 27 base 0xff000003b1600000: Cannot allocate memory
[1764237799.361764105] compute13:rank20.Fock: reg_mr failed 10 times in a row.
[1764237799.702578624] compute12:rank15.Fock: reg_mr failed: 0xff00000401600000:0xff000004115fffff (len 0x10000000) access 0x90000003 id 27 base 0xff000003b1600000: Cannot allocate memory
[1764237799.740155094] compute13:rank21.Fock: reg_mr failed: 0xff00000512600000:0xff000005225fffff (len 0x10000000) access 0x90000003 id 29 base 0xff000004c2600000: Cannot allocate memory
[1764237799.773583793] compute13:rank21.Fock: reg_mr failed 10 times in a row.
[1764237799.775381498] compute14:rank25.Fock: reg_mr failed: 0xff000003e1600000:0xff000003f15fffff (len 0x10000000) access 0x90000003 id 27 base 0xff000003b1600000: Cannot allocate memory
[1764237799.959142331] compute14:rank25.Fock: reg_mr failed 10 times in a row.
[1764237800.310386129] compute14:rank28.Fock: reg_mr failed: 0xff00000502600000:0xff000005125fffff (len 0x10000000) access 0x90000003 id 29 base 0xff000004c2600000: Cannot allocate memory
[1764237800.335086216] compute14:rank28.Fock: reg_mr failed 10 times in a row.
[1764237800.788495967] compute13:rank18.Fock: reg_mr failed: 0xff00000358e00000:0xff00000368dfffff (len 0x10000000) access 0x90000003 id 26 base 0xff00000328e00000: Cannot allocate memory
[1764237800.839343932] compute13:rank18.Fock: reg_mr failed 10 times in a row.
[1764237801.141548643] compute11:rank6.Fock: reg_mr failed: 0xff00000348e00000:0xff00000358dfffff (len 0x10000000) access 0x90000003 id 26 base 0xff00000328e00000: Cannot allocate memory
[1764237801.293382790] compute11:rank6.Fock: reg_mr failed 10 times in a row.
[1764237801.342000543] compute11:rank6.Fock: reg_mr failed: 0xff00000348e00000:0xff00000358dfffff (len 0x10000000) access 0x90000003 id 26 base 0xff00000328e00000: Cannot allocate memory
[1764237801.485512408] compute13:rank18.Fock: reg_mr failed: 0xff00000378e00000:0xff00000388dfffff (len 0x10000000) access 0x90000003 id 26 base 0xff00000328e00000: Cannot allocate memory
[1764237801.540158290] compute13:rank18.Fock: reg_mr failed 10 times in a row.
[1764237801.703379815] compute13:rank19.Fock: reg_mr failed: 0xff00000378e00000:0xff00000388dfffff (len 0x10000000) access 0x90000003 id 26 base 0xff00000328e00000: Cannot allocate memory
[1764237801.738905816] compute13:rank19.Fock: reg_mr failed 10 times in a row.
[1764237801.940425134] compute13:rank19.Fock: reg_mr failed: 0xff00000388e00000:0xff00000398dfffff (len 0x10000000) access 0x90000003 id 26 base 0xff00000328e00000: Cannot allocate memory
[1764237801.972556653] compute13:rank19.Fock: reg_mr failed 10 times in a row.
[1764237802.003759436] compute34:rank72.Fock: reg_mr failed: 0xff00000358e00000:0xff00000368dfffff (len 0x10000000) access 0x90000003 id 26 base 0xff00000328e00000: Cannot allocate memory
[1764237802.080892848] compute14:rank26.Fock: reg_mr failed: 0xff000003c1600000:0xff000003d15fffff (len 0x10000000) access 0x90000003 id 27 base 0xff000003b1600000: Cannot allocate memory
[1764237802.106597371] compute14:rank26.Fock: reg_mr failed 10 times in a row.
[1764237802.197228708] compute34:rank72.Fock: reg_mr failed 10 times in a row.
[1764237802.608634855] compute34:rank72.Fock: reg_mr failed: 0xff00000532600000:0xff0000053f75f1a7 (len 0xd15f1a8) access 0x90000003 id 29 base 0xff000004c2600000: Cannot allocate memory
[1764237802.636073584] compute34:rank72.Fock: reg_mr failed 10 times in a row.
  #Exact exchange calculation:70%; Time (s): Elapsed=156.1703, Remaining=67.
[1764237805.064590207] compute11:rank3.Fock: reg_mr failed: 0xff00000522600000:0xff000005325fffff (len 0x10000000) access 0x90000003 id 29 base 0xff000004c2600000: Cannot allocate memory
[1764237805.088468290] compute11:rank3.Fock: reg_mr failed 10 times in a row.
[1764237806.461671291] compute33:rank66.Fock: reg_mr failed: 0xff000003d1600000:0xff000003e15fffff (len 0x10000000) access 0x90000003 id 27 base 0xff000003b1600000: Cannot allocate memory
[1764237807.926739418] compute11:rank6.Fock: reg_mr failed: 0xff00000502600000:0xff000005125fffff (len 0x10000000) access 0x90000003 id 29 base 0xff000004c2600000: Cannot allocate memory
[1764237808.068090849] compute12:rank12.Fock: reg_mr failed: 0xff00000522600000:0xff000005325fffff (len 0x10000000) access 0x90000003 id 29 base 0xff000004c2600000: Cannot allocate memory
[1764237808.116437357] compute12:rank13.Fock: reg_mr failed: 0xff000003f1600000:0xff000004015fffff (len 0x10000000) access 0x90000003 id 27 base 0xff000003b1600000: Cannot allocate memory
[1764237808.120166930] compute11:rank6.Fock: reg_mr failed 10 times in a row.
  #Exact exchange calculation:73%; Time (s): Elapsed=161.3765, Remaining=60.
[1764237808.193722099] compute12:rank12.Fock: reg_mr failed 10 times in a row.
[1764237808.291694409] compute14:rank26.Fock: reg_mr failed: 0xff00000338e00000:0xff00000348dfffff (len 0x10000000) access 0x90000003 id 26 base 0xff00000328e00000: Cannot allocate memory
[1764237808.500686575] compute11:rank4.Fock: reg_mr failed: 0xff00000401600000:0xff000004115fffff (len 0x10000000) access 0x90000003 id 27 base 0xff000003b1600000: Cannot allocate memory
[1764237808.538006740] compute11:rank4.Fock: reg_mr failed 10 times in a row.
[1764237808.997497007] compute11:rank4.Fock: reg_mr failed: 0xff00000502600000:0xff000005125fffff (len 0x10000000) access 0x90000003 id 29 base 0xff000004c2600000: Cannot allocate memory
[1764237809.022413651] compute11:rank4.Fock: reg_mr failed 10 times in a row.
[1764237809.505005090] compute23:rank54.Fock: reg_mr failed: 0xff000003c1600000:0xff000003d15fffff (len 0x10000000) access 0x90000003 id 27 base 0xff000003b1600000: Cannot allocate memory
[1764237809.617248342] compute13:rank20.Fock: reg_mr failed: 0xff000004e2600000:0xff000004f25fffff (len 0x10000000) access 0x90000003 id 29 base 0xff000004c2600000: Cannot allocate memory
[1764237809.709115696] compute23:rank54.Fock: reg_mr failed 10 times in a row.
[1764237809.781543107] compute13:rank20.Fock: reg_mr failed 10 times in a row.
[1764237810.107171364] compute13:rank21.Fock: reg_mr failed: 0xff000004f2600000:0xff000005025fffff (len 0x10000000) access 0x90000003 id 29 base 0xff000004c2600000: Cannot allocate memory
[1764237810.142498151] compute13:rank21.Fock: reg_mr failed 10 times in a row.
[1764237811.154831720] compute13:rank16.Fock: reg_mr failed: 0xff000004d2600000:0xff000004e25fffff (len 0x10000000) access 0x90000003 id 29 base 0xff000004c2600000: Cannot allocate memory
[1764237811.193126821] compute14:rank28.Fock: reg_mr failed: 0xff00000532600000:0xff000005425fffff (len 0x10000000) access 0x90000003 id 29 base 0xff000004c2600000: Cannot allocate memory
[1764237811.207780686] compute13:rank16.Fock: reg_mr failed 10 times in a row.
[1764237811.223025158] compute14:rank28.Fock: reg_mr failed 10 times in a row.
[1764237811.341905306] compute13:rank17.Fock: reg_mr failed: 0xff000004f2600000:0xff000005025fffff (len 0x10000000) access 0x90000003 id 29 base 0xff000004c2600000: Cannot allocate memory
[1764237811.358206442] compute21:rank38.Fock: reg_mr failed: 0xff00000338e00000:0xff00000348dfffff (len 0x10000000) access 0x90000003 id 26 base 0xff00000328e00000: Cannot allocate memory
[1764237811.381416357] compute13:rank17.Fock: reg_mr failed 10 times in a row.
[1764237811.577414106] compute21:rank38.Fock: reg_mr failed 10 times in a row.
[1764237812.527029231] compute33:rank64.Fock: reg_mr failed: 0xff00000502600000:0xff000005125fffff (len 0x10000000) access 0x90000003 id 29 base 0xff000004c2600000: Cannot allocate memory
[1764237812.592021305] compute14:rank26.Fock: reg_mr failed: 0xff000004d2600000:0xff000004e25fffff (len 0x10000000) access 0x90000003 id 29 base 0xff000004c2600000: Cannot allocate memory
[1764237812.617554192] compute14:rank26.Fock: reg_mr failed 10 times in a row.
[1764237812.711531581] compute33:rank64.Fock: reg_mr failed 10 times in a row.
[1764237813.135098989] compute33:rank64.Fock: reg_mr failed: 0xff00000378e00000:0xff00000388dfffff (len 0x10000000) access 0x90000003 id 26 base 0xff00000328e00000: Cannot allocate memory
[1764237813.162582959] compute33:rank64.Fock: reg_mr failed 10 times in a row.
  #Exact exchange calculation:75%; Time (s): Elapsed=166.5840, Remaining=56.
[1764237815.404417927] compute14:rank25.Fock: reg_mr failed: 0xff00000512600000:0xff000005225fffff (len 0x10000000) access 0x90000003 id 29 base 0xff000004c2600000: Cannot allocate memory
[1764237815.586150888] compute14:rank25.Fock: reg_mr failed 10 times in a row.
[1764237815.621954197] compute12:rank15.Fock: reg_mr failed: 0xff00000398e00000:0xff000003a8dfffff (len 0x10000000) access 0x90000003 id 26 base 0xff00000328e00000: Cannot allocate memory
[1764237816.058567043] compute11:rank3.Fock: reg_mr failed: 0xff00000368e00000:0xff00000378dfffff (len 0x10000000) access 0x90000003 id 26 base 0xff00000328e00000: Cannot allocate memory
[1764237816.293802120] compute14:rank27.Fock: reg_mr failed: 0xff000004d2600000:0xff000004e25fffff (len 0x10000000) access 0x90000003 id 29 base 0xff000004c2600000: Cannot allocate memory
[1764237816.325197554] compute14:rank27.Fock: reg_mr failed 10 times in a row.
[1764237816.379615856] compute11:rank3.Fock: reg_mr failed: 0xff00000522600000:0xff000005325fffff (len 0x10000000) access 0x90000003 id 29 base 0xff000004c2600000: Cannot allocate memory
[1764237816.511797464] compute11:rank3.Fock: reg_mr failed 10 times in a row.
[1764237816.751117039] compute13:rank16.Fock: reg_mr failed: 0xff00000401600000:0xff000004115fffff (len 0x10000000) access 0x90000003 id 27 base 0xff000003b1600000: Cannot allocate memory
[1764237816.872166950] compute22:rank40.Fock: reg_mr failed: 0xff00000421600000:0xff000004315fffff (len 0x10000000) access 0x90000003 id 27 base 0xff000003b1600000: Cannot allocate memory
[1764237816.923518534] compute13:rank16.Fock: reg_mr failed 10 times in a row.
[1764237817.055761972] compute22:rank40.Fock: reg_mr failed 10 times in a row.
[1764237817.688913590] compute12:rank10.Fock: reg_mr failed: 0xff000003d1600000:0xff000003e15fffff (len 0x10000000) access 0x90000003 id 27 base 0xff000003b1600000: Cannot allocate memory
[1764237817.782059643] compute12:rank10.Fock: reg_mr failed 10 times in a row.
[1764237818.441737947] compute11:rank4.Fock: reg_mr failed: 0xff00000512600000:0xff000005225fffff (len 0x10000000) access 0x90000003 id 29 base 0xff000004c2600000: Cannot allocate memory
[1764237818.471769000] compute11:rank4.Fock: reg_mr failed 10 times in a row.
  #Exact exchange calculation:78%; Time (s): Elapsed=171.7892, Remaining=48.
[1764237818.759959713] compute22:rank44.Fock: reg_mr failed: 0xff00000421600000:0xff000004315fffff (len 0x10000000) access 0x90000003 id 27 base 0xff000003b1600000: Cannot allocate memory
[1764237818.786089337] compute22:rank44.Fock: reg_mr failed 10 times in a row.
[1764237819.824462136] compute31:rank56.Fock: reg_mr failed: 0xff000003e1600000:0xff000003f15fffff (len 0x10000000) access 0x90000003 id 27 base 0xff000003b1600000: Cannot allocate memory
[1764237819.996476132] compute31:rank56.Fock: reg_mr failed 10 times in a row.
[1764237820.672773254] compute14:rank28.Fock: reg_mr failed: 0xff00000522600000:0xff000005325fffff (len 0x10000000) access 0x90000003 id 29 base 0xff000004c2600000: Cannot allocate memory
[1764237820.853719672] compute14:rank28.Fock: reg_mr failed 10 times in a row.
[1764237821.022746347] compute14:rank28.Fock: reg_mr failed: 0xff00000532600000:0xff000005425fffff (len 0x10000000) access 0x90000003 id 29 base 0xff000004c2600000: Cannot allocate memory
[1764237821.046122888] compute14:rank28.Fock: reg_mr failed 10 times in a row.
[1764237821.581963612] compute33:rank64.Fock: reg_mr failed: 0xff000004d2600000:0xff000004e25fffff (len 0x10000000) access 0x90000003 id 29 base 0xff000004c2600000: Cannot allocate memory
[1764237821.762904372] compute33:rank64.Fock: reg_mr failed 10 times in a row.
[1764237821.960183774] compute14:rank27.Fock: reg_mr failed: 0xff00000522600000:0xff000005325fffff (len 0x10000000) access 0x90000003 id 29 base 0xff000004c2600000: Cannot allocate memory
[1764237821.989025267] compute14:rank27.Fock: reg_mr failed 10 times in a row.
[1764237822.370271561] compute21:rank38.Fock: reg_mr failed: 0xff00000502600000:0xff000005125fffff (len 0x10000000) access 0x90000003 id 29 base 0xff000004c2600000: Cannot allocate memory
[1764237822.500979082] compute23:rank48.Fock: reg_mr failed: 0xff00000502600000:0xff000005125fffff (len 0x10000000) access 0x90000003 id 29 base 0xff000004c2600000: Cannot allocate memory
[1764237822.576271252] compute21:rank38.Fock: reg_mr failed 10 times in a row.
[1764237822.681193296] compute23:rank48.Fock: reg_mr failed 10 times in a row.
[1764237822.800905228] compute31:rank63.Fock: reg_mr failed: 0xff00000398e00000:0xff000003a8dfffff (len 0x10000000) access 0x90000003 id 26 base 0xff00000328e00000: Cannot allocate memory
[1764237822.939454335] compute14:rank26.Fock: reg_mr failed: 0xff000003c1600000:0xff000003d15fffff (len 0x10000000) access 0x90000003 id 27 base 0xff000003b1600000: Cannot allocate memory
[1764237822.964698339] compute14:rank26.Fock: reg_mr failed 10 times in a row.
[1764237823.428696482] compute22:rank45.Fock: reg_mr failed: 0xff00000502600000:0xff000005125fffff (len 0x10000000) access 0x90000003 id 29 base 0xff000004c2600000: Cannot allocate memory
[1764237823.593444259] compute22:rank45.Fock: reg_mr failed 10 times in a row.
  #Exact exchange calculation:80%; Time (s): Elapsed=176.9909, Remaining=44.
[1764237823.807508537] compute34:rank76.Fock: reg_mr failed: 0xff000004d2600000:0xff000004e25fffff (len 0x10000000) access 0x90000003 id 29 base 0xff000004c2600000: Cannot allocate memory
[1764237823.942101655] compute22:rank45.Fock: reg_mr failed: 0xff00000522600000:0xff000005325fffff (len 0x10000000) access 0x90000003 id 29 base 0xff000004c2600000: Cannot allocate memory
[1764237823.980790854] compute34:rank76.Fock: reg_mr failed 10 times in a row.
[1764237824.178323240] compute34:rank76.Fock: reg_mr failed: 0xff000004e2600000:0xff000004f25fffff (len 0x10000000) access 0x90000003 id 29 base 0xff000004c2600000: Cannot allocate memory
[1764237824.214510940] compute34:rank76.Fock: reg_mr failed 10 times in a row.
[1764237824.706370817] compute31:rank57.Fock: reg_mr failed: 0xff00000338e00000:0xff00000348dfffff (len 0x10000000) access 0x90000003 id 26 base 0xff00000328e00000: Cannot allocate memory
[1764237824.751604370] compute31:rank57.Fock: reg_mr failed 10 times in a row.
[1764237825.005817605] compute22:rank46.Fock: reg_mr failed: 0xff00000398e00000:0xff000003a8dfffff (len 0x10000000) access 0x90000003 id 26 base 0xff00000328e00000: Cannot allocate memory
[1764237825.042712152] compute22:rank46.Fock: reg_mr failed 10 times in a row.
[1764237825.553627330] compute13:rank21.Fock: reg_mr failed: 0xff00000398e00000:0xff000003a8dfffff (len 0x10000000) access 0x90000003 id 26 base 0xff00000328e00000: Cannot allocate memory
[1764237825.750477072] compute13:rank21.Fock: reg_mr failed 10 times in a row.
[1764237825.805687595] compute31:rank60.Fock: reg_mr failed: 0xff00000502600000:0xff000005125fffff (len 0x10000000) access 0x90000003 id 29 base 0xff000004c2600000: Cannot allocate memory
[1764237825.829377843] compute31:rank60.Fock: reg_mr failed 10 times in a row.
[1764237826.510279146] compute23:rank52.Fock: reg_mr failed: 0xff000004e2600000:0xff000004f25fffff (len 0x10000000) access 0x90000003 id 29 base 0xff000004c2600000: Cannot allocate memory
[1764237826.535026227] compute23:rank52.Fock: reg_mr failed 10 times in a row.
[1764237826.716347477] compute23:rank52.Fock: reg_mr failed: 0xff000004f2600000:0xff000005025fffff (len 0x10000000) access 0x90000003 id 29 base 0xff000004c2600000: Cannot allocate memory
[1764237826.740194855] compute23:rank52.Fock: reg_mr failed 10 times in a row.
[1764237827.182388646] compute31:rank62.Fock: reg_mr failed: 0xff00000401600000:0xff000004115fffff (len 0x10000000) access 0x90000003 id 27 base 0xff000003b1600000: Cannot allocate memory
[1764237827.210737572] compute31:rank62.Fock: reg_mr failed 10 times in a row.
[1764237827.245990069] compute11:rank3.Fock: reg_mr failed: 0xff00000512600000:0xff000005225fffff (len 0x10000000) access 0x90000003 id 29 base 0xff000004c2600000: Cannot allocate memory
[1764237827.409332550] compute11:rank3.Fock: reg_mr failed 10 times in a row.
  #Exact exchange calculation:83%; Time (s): Elapsed=182.1890, Remaining=37.
[1764237829.053256068] compute34:rank76.Fock: reg_mr failed: 0xff000003e1600000:0xff000003f15fffff (len 0x10000000) access 0x90000003 id 27 base 0xff000003b1600000: Cannot allocate memory
[1764237829.161934940] compute11:rank4.Fock: reg_mr failed: 0xff000003c1600000:0xff000003d15fffff (len 0x10000000) access 0x90000003 id 27 base 0xff000003b1600000: Cannot allocate memory
[1764237829.191282030] compute11:rank4.Fock: reg_mr failed 10 times in a row.
[1764237829.245952531] compute34:rank76.Fock: reg_mr failed 10 times in a row.
[1764237829.792251978] compute23:rank55.Fock: reg_mr failed: 0xff00000512600000:0xff000005225fffff (len 0x10000000) access 0x90000003 id 29 base 0xff000004c2600000: Cannot allocate memory
[1764237829.875821572] compute34:rank76.Fock: reg_mr failed: 0xff00000421600000:0xff000004315fffff (len 0x10000000) access 0x90000003 id 27 base 0xff000003b1600000: Cannot allocate memory
[1764237829.911059626] compute34:rank76.Fock: reg_mr failed 10 times in a row.
[1764237829.988363398] compute23:rank55.Fock: reg_mr failed 10 times in a row.
[1764237830.328374921] compute14:rank28.Fock: reg_mr failed: 0xff000004d2600000:0xff000004e25fffff (len 0x10000000) access 0x90000003 id 29 base 0xff000004c2600000: Cannot allocate memory
[1764237830.367710180] compute23:rank54.Fock: reg_mr failed: 0xff000003f1600000:0xff000004015fffff (len 0x10000000) access 0x90000003 id 27 base 0xff000003b1600000: Cannot allocate memory
[1764237830.399176894] compute23:rank54.Fock: reg_mr failed 10 times in a row.
[1764237830.491357105] compute14:rank28.Fock: reg_mr failed 10 times in a row.
[1764237830.758299672] compute12:rank15.Fock: reg_mr failed: 0xff000004e2600000:0xff000004f25fffff (len 0x10000000) access 0x90000003 id 29 base 0xff000004c2600000: Cannot allocate memory
[1764237830.943327614] compute12:rank15.Fock: reg_mr failed 10 times in a row.
[1764237831.181912693] compute14:rank28.Fock: reg_mr failed: 0xff00000411600000:0xff000004215fffff (len 0x10000000) access 0x90000003 id 27 base 0xff000003b1600000: Cannot allocate memory
[1764237831.206720005] compute14:rank28.Fock: reg_mr failed 10 times in a row.
[1764237831.520049469] compute12:rank15.Fock: reg_mr failed: 0xff00000512600000:0xff000005225fffff (len 0x10000000) access 0x90000003 id 29 base 0xff000004c2600000: Cannot allocate memory
[1764237832.046161496] compute23:rank52.Fock: reg_mr failed: 0xff000004d2600000:0xff000004e25fffff (len 0x10000000) access 0x90000003 id 29 base 0xff000004c2600000: Cannot allocate memory
[1764237832.071162895] compute23:rank52.Fock: reg_mr failed 10 times in a row.
[1764237832.088234648] compute31:rank60.Fock: reg_mr failed: 0xff00000522600000:0xff000005325fffff (len 0x10000000) access 0x90000003 id 29 base 0xff000004c2600000: Cannot allocate memory
[1764237832.247676352] compute23:rank52.Fock: reg_mr failed: 0xff000004e2600000:0xff000004f25fffff (len 0x10000000) access 0x90000003 id 29 base 0xff000004c2600000: Cannot allocate memory
[1764237832.271649251] compute23:rank52.Fock: reg_mr failed 10 times in a row.
[1764237832.277721540] compute31:rank60.Fock: reg_mr failed 10 times in a row.
[1764237832.330906300] compute14:rank31.Fock: reg_mr failed: 0xff00000512600000:0xff000005225fffff (len 0x10000000) access 0x90000003 id 29 base 0xff000004c2600000: Cannot allocate memory
[1764237832.360040428] compute14:rank31.Fock: reg_mr failed 10 times in a row.
[1764237833.225299259] compute14:rank26.Fock: reg_mr failed: 0xff000004d2600000:0xff000004e25fffff (len 0x10000000) access 0x90000003 id 29 base 0xff000004c2600000: Cannot allocate memory
[1764237833.251206623] compute14:rank26.Fock: reg_mr failed 10 times in a row.
[1764237834.053938352] compute22:rank45.Fock: reg_mr failed: 0xff00000378e00000:0xff00000388dfffff (len 0x10000000) access 0x90000003 id 26 base 0xff00000328e00000: Cannot allocate memory
  #Exact exchange calculation:85%; Time (s): Elapsed=187.3837, Remaining=33.
[1764237834.216304772] compute22:rank45.Fock: reg_mr failed 10 times in a row.
[1764237834.588816208] compute34:rank73.Fock: reg_mr failed: 0xff000004e2600000:0xff000004f25fffff (len 0x10000000) access 0x90000003 id 29 base 0xff000004c2600000: Cannot allocate memory
[1764237834.753780875] compute23:rank51.Fock: reg_mr failed: 0xff00000358e00000:0xff00000368dfffff (len 0x10000000) access 0x90000003 id 26 base 0xff00000328e00000: Cannot allocate memory
[1764237834.755483989] compute34:rank73.Fock: reg_mr failed 10 times in a row.
[1764237834.827112247] compute23:rank51.Fock: reg_mr failed 10 times in a row.
[1764237835.192191516] compute23:rank51.Fock: reg_mr failed: 0xff000004f2600000:0xff000005025fffff (len 0x10000000) access 0x90000003 id 29 base 0xff000004c2600000: Cannot allocate memory
[1764237835.240558825] compute23:rank51.Fock: reg_mr failed 10 times in a row.
[1764237835.471223511] compute23:rank48.Fock: reg_mr failed: 0xff00000388e00000:0xff00000398dfffff (len 0x10000000) access 0x90000003 id 26 base 0xff00000328e00000: Cannot allocate memory
[1764237835.501747683] compute23:rank48.Fock: reg_mr failed 10 times in a row.
[1764237836.321220258] compute12:rank15.Fock: reg_mr failed: 0xff00000512600000:0xff000005225fffff (len 0x10000000) access 0x90000003 id 29 base 0xff000004c2600000: Cannot allocate memory
[1764237836.478578675] compute12:rank15.Fock: reg_mr failed 10 times in a row.
[1764237837.956586789] compute23:rank52.Fock: reg_mr failed: 0xff00000338e00000:0xff00000348dfffff (len 0x10000000) access 0x90000003 id 26 base 0xff00000328e00000: Cannot allocate memory
[1764237837.981725490] compute23:rank52.Fock: reg_mr failed 10 times in a row.
[1764237838.281631199] compute34:rank75.Fock: reg_mr failed: 0xff000004d2600000:0xff000004e25fffff (len 0x10000000) access 0x90000003 id 29 base 0xff000004c2600000: Cannot allocate memory
[1764237838.306384116] compute34:rank75.Fock: reg_mr failed 10 times in a row.
[1764237838.765096556] compute34:rank75.Fock: reg_mr failed: 0xff00000502600000:0xff000005125fffff (len 0x10000000) access 0x90000003 id 29 base 0xff000004c2600000: Cannot allocate memory
[1764237838.788018613] compute22:rank45.Fock: reg_mr failed: 0xff000004d2600000:0xff000004e25fffff (len 0x10000000) access 0x90000003 id 29 base 0xff000004c2600000: Cannot allocate memory
[1764237838.789645007] compute34:rank75.Fock: reg_mr failed 10 times in a row.
[1764237838.814583394] compute22:rank45.Fock: reg_mr failed 10 times in a row.
[1764237838.889523370] compute22:rank45.Fock: reg_mr failed: 0xff000004d2600000:0xff000004e25fffff (len 0x10000000) access 0x90000003 id 29 base 0xff000004c2600000: Cannot allocate memory
[1764237839.259540045] compute21:rank34.Fock: reg_mr failed: 0xff000004e2600000:0xff000004f25fffff (len 0x10000000) access 0x90000003 id 29 base 0xff000004c2600000: Cannot allocate memory
  #Exact exchange calculation:88%; Time (s): Elapsed=192.5772, Remaining=26.
[1764237839.681937871] compute12:rank8.Fock: reg_mr failed: 0xff00000502600000:0xff000005125fffff (len 0x10000000) access 0x90000003 id 29 base 0xff000004c2600000: Cannot allocate memory
[1764237839.714180260] compute12:rank8.Fock: reg_mr failed 10 times in a row.
[1764237842.583624659] compute33:rank65.Fock: reg_mr failed: 0xff000004f2600000:0xff000005025fffff (len 0x10000000) access 0x90000003 id 29 base 0xff000004c2600000: Cannot allocate memory
[1764237842.771096367] compute33:rank65.Fock: reg_mr failed 10 times in a row.
[1764237843.657068953] compute14:rank26.Fock: reg_mr failed: 0xff000004d2600000:0xff000004e25fffff (len 0x10000000) access 0x90000003 id 29 base 0xff000004c2600000: Cannot allocate memory
[1764237843.818088006] compute14:rank26.Fock: reg_mr failed 10 times in a row.
[1764237844.094805299] compute14:rank26.Fock: reg_mr failed: 0xff000004f2600000:0xff000005025fffff (len 0x10000000) access 0x90000003 id 29 base 0xff000004c2600000: Cannot allocate memory
[1764237844.118420084] compute14:rank26.Fock: reg_mr failed 10 times in a row.
[1764237844.197656145] compute34:rank78.Fock: reg_mr failed: 0xff00000512600000:0xff000005225fffff (len 0x10000000) access 0x90000003 id 29 base 0xff000004c2600000: Cannot allocate memory
[1764237844.236481869] compute11:rank3.Fock: reg_mr failed: 0xff000003e1600000:0xff000003f15fffff (len 0x10000000) access 0x90000003 id 27 base 0xff000003b1600000: Cannot allocate memory
[1764237844.361759561] compute34:rank78.Fock: reg_mr failed 10 times in a row.
[1764237844.363918301] compute14:rank26.Fock: reg_mr failed: 0xff00000512600000:0xff000005225fffff (len 0x10000000) access 0x90000003 id 29 base 0xff000004c2600000: Cannot allocate memory
[1764237844.387858802] compute14:rank26.Fock: reg_mr failed 10 times in a row.
[1764237844.392530872] compute11:rank3.Fock: reg_mr failed 10 times in a row.
  #Exact exchange calculation:90%; Time (s): Elapsed=197.7665, Remaining=22.
[1764237844.639790474] compute14:rank26.Fock: reg_mr failed: 0xff00000532600000:0xff000005425fffff (len 0x10000000) access 0x90000003 id 29 base 0xff000004c2600000: Cannot allocate memory
[1764237844.748324196] compute11:rank5.Fock: reg_mr failed: 0xff000004f2600000:0xff000005025fffff (len 0x10000000) access 0x90000003 id 29 base 0xff000004c2600000: Cannot allocate memory
[1764237844.827256612] compute11:rank3.Fock: reg_mr failed: 0xff00000411600000:0xff000004215fffff (len 0x10000000) access 0x90000003 id 27 base 0xff000003b1600000: Cannot allocate memory
[1764237844.859188250] compute11:rank3.Fock: reg_mr failed 10 times in a row.
[1764237844.896883213] compute11:rank5.Fock: reg_mr failed: 0xff00000398e00000:0xff000003a8dfffff (len 0x10000000) access 0x90000003 id 26 base 0xff00000328e00000: Cannot allocate memory
[1764237844.922672518] compute11:rank5.Fock: reg_mr failed 10 times in a row.
[1764237844.994248801] compute11:rank3.Fock: reg_mr failed: 0xff00000421600000:0xff000004315fffff (len 0x10000000) access 0x90000003 id 27 base 0xff000003b1600000: Cannot allocate memory
[1764237845.339144772] compute23:rank55.Fock: reg_mr failed: 0xff00000388e00000:0xff00000398dfffff (len 0x10000000) access 0x90000003 id 26 base 0xff00000328e00000: Cannot allocate memory
[1764237845.434668902] compute14:rank24.Fock: reg_mr failed: 0xff00000378e00000:0xff00000388dfffff (len 0x10000000) access 0x90000003 id 26 base 0xff00000328e00000: Cannot allocate memory
[1764237845.459989798] compute14:rank24.Fock: reg_mr failed 10 times in a row.
[1764237845.509004472] compute21:rank38.Fock: reg_mr failed: 0xff00000358e00000:0xff00000368dfffff (len 0x10000000) access 0x90000003 id 26 base 0xff00000328e00000: Cannot allocate memory
[1764237845.751144598] compute14:rank24.Fock: reg_mr failed: 0xff00000398e00000:0xff000003a8dfffff (len 0x10000000) access 0x90000003 id 26 base 0xff00000328e00000: Cannot allocate memory
[1764237845.775789600] compute14:rank24.Fock: reg_mr failed 10 times in a row.
[1764237846.038478926] compute23:rank52.Fock: reg_mr failed: 0xff000003c1600000:0xff000003d15fffff (len 0x10000000) access 0x90000003 id 27 base 0xff000003b1600000: Cannot allocate memory
  #Exact exchange calculation:93%; Time (s): Elapsed=202.9573, Remaining=15.
[1764237850.556249090] compute11:rank1.Fock: reg_mr failed: 0xff000003f1600000:0xff000004015fffff (len 0x10000000) access 0x90000003 id 27 base 0xff000003b1600000: Cannot allocate memory
[1764237850.718081321] compute11:rank1.Fock: reg_mr failed 10 times in a row.
[1764237850.836230049] compute33:rank65.Fock: reg_mr failed: 0xff00000421600000:0xff000004315fffff (len 0x10000000) access 0x90000003 id 27 base 0xff000003b1600000: Cannot allocate memory
[1764237851.021762951] compute33:rank65.Fock: reg_mr failed 10 times in a row.
[1764237851.200652476] compute14:rank24.Fock: reg_mr failed: 0xff000003c1600000:0xff000003d15fffff (len 0x10000000) access 0x90000003 id 27 base 0xff000003b1600000: Cannot allocate memory
[1764237851.554892537] compute11:rank3.Fock: reg_mr failed: 0xff00000338e00000:0xff00000348dfffff (len 0x10000000) access 0x90000003 id 26 base 0xff00000328e00000: Cannot allocate memory
[1764237851.745905827] compute23:rank52.Fock: reg_mr failed: 0xff000004d2600000:0xff000004e25fffff (len 0x10000000) access 0x90000003 id 29 base 0xff000004c2600000: Cannot allocate memory
[1764237851.905600538] compute23:rank52.Fock: reg_mr failed 10 times in a row.
[1764237853.496593956] compute12:rank15.Fock: reg_mr failed: 0xff000003f1600000:0xff000004015fffff (len 0x10000000) access 0x90000003 id 27 base 0xff000003b1600000: Cannot allocate memory
[1764237853.677239744] compute12:rank15.Fock: reg_mr failed 10 times in a row.
[1764237853.853140465] compute12:rank15.Fock: reg_mr failed: 0xff00000401600000:0xff000004115fffff (len 0x10000000) access 0x90000003 id 27 base 0xff000003b1600000: Cannot allocate memory
[1764237853.876516999] compute12:rank15.Fock: reg_mr failed 10 times in a row.
[1764237853.913094209] compute13:rank17.Fock: reg_mr failed: 0xff00000532600000:0xff000005425fffff (len 0x10000000) access 0x90000003 id 29 base 0xff000004c2600000: Cannot allocate memory
[1764237854.097047415] compute13:rank17.Fock: reg_mr failed 10 times in a row.
[1764237854.126578771] compute14:rank26.Fock: reg_mr failed: 0xff000004d2600000:0xff000004e25fffff (len 0x10000000) access 0x90000003 id 29 base 0xff000004c2600000: Cannot allocate memory
[1764237854.203874636] compute14:rank26.Fock: reg_mr failed 10 times in a row.
[1764237854.374795358] compute21:rank39.Fock: reg_mr failed: 0xff000004e2600000:0xff000004f25fffff (len 0x10000000) access 0x90000003 id 29 base 0xff000004c2600000: Cannot allocate memory
[1764237854.472883823] compute14:rank26.Fock: reg_mr failed: 0xff000004f2600000:0xff000005025fffff (len 0x10000000) access 0x90000003 id 29 base 0xff000004c2600000: Cannot allocate memory
[1764237854.539838386] compute21:rank39.Fock: reg_mr failed 10 times in a row.
[1764237854.706614589] compute14:rank26.Fock: reg_mr failed: 0xff00000512600000:0xff000005225fffff (len 0x10000000) access 0x90000003 id 29 base 0xff000004c2600000: Cannot allocate memory
  #Exact exchange calculation:95%; Time (s): Elapsed=208.1407, Remaining=11.
[1764237854.953923907] compute12:rank10.Fock: reg_mr failed: 0xff000003f1600000:0xff000004015fffff (len 0x10000000) access 0x90000003 id 27 base 0xff000003b1600000: Cannot allocate memory
[1764237855.005263972] compute12:rank10.Fock: reg_mr failed 10 times in a row.
[1764237855.111684192] compute33:rank71.Fock: reg_mr failed: 0xff00000522600000:0xff000005325fffff (len 0x10000000) access 0x90000003 id 29 base 0xff000004c2600000: Cannot allocate memory
[1764237855.142505457] compute33:rank71.Fock: reg_mr failed 10 times in a row.
[1764237855.334484139] compute12:rank9.Fock: reg_mr failed: 0xff00000532600000:0xff000005425fffff (len 0x10000000) access 0x90000003 id 29 base 0xff000004c2600000: Cannot allocate memory
[1764237855.383170235] compute12:rank9.Fock: reg_mr failed 10 times in a row.
[1764237855.885935485] compute13:rank19.Fock: reg_mr failed: 0xff000004d2600000:0xff000004e25fffff (len 0x10000000) access 0x90000003 id 29 base 0xff000004c2600000: Cannot allocate memory
[1764237855.913990741] compute13:rank19.Fock: reg_mr failed 10 times in a row.
[1764237857.883462610] compute13:rank17.Fock: reg_mr failed: 0xff000004f2600000:0xff000005025fffff (len 0x10000000) access 0x90000003 id 29 base 0xff000004c2600000: Cannot allocate memory
[1764237857.906228399] compute14:rank27.Fock: reg_mr failed: 0xff00000388e00000:0xff00000398dfffff (len 0x10000000) access 0x90000003 id 26 base 0xff00000328e00000: Cannot allocate memory
[1764237857.908055897] compute13:rank17.Fock: reg_mr failed 10 times in a row.
[1764237858.059973993] compute14:rank27.Fock: reg_mr failed 10 times in a row.
[1764237858.204264581] compute13:rank17.Fock: reg_mr failed: 0xff00000378e00000:0xff00000388dfffff (len 0x10000000) access 0x90000003 id 26 base 0xff00000328e00000: Cannot allocate memory
[1764237858.227893683] compute13:rank17.Fock: reg_mr failed 10 times in a row.
[1764237859.490864389] compute21:rank39.Fock: reg_mr failed: 0xff000004d2600000:0xff000004e25fffff (len 0x10000000) access 0x90000003 id 29 base 0xff000004c2600000: Cannot allocate memory
[1764237859.671352686] compute21:rank39.Fock: reg_mr failed 10 times in a row.
[1764237860.246739095] compute11:rank0.Fock: reg_mr failed: 0xff00000388e00000:0xff00000398dfffff (len 0x10000000) access 0x90000003 id 26 base 0xff00000328e00000: Cannot allocate memory
  #Exact exchange calculation:98%; Time (s): Elapsed=213.5275, Remaining=4.4
[1764237860.322122393] compute21:rank39.Fock: reg_mr failed: 0xff00000522600000:0xff000005325fffff (len 0x10000000) access 0x90000003 id 29 base 0xff000004c2600000: Cannot allocate memory
[1764237860.353183474] compute21:rank39.Fock: reg_mr failed 10 times in a row.
[1764237860.430701969] compute11:rank0.Fock: reg_mr failed 10 times in a row.
  #Exact exchange calculation:100%; Time (s): Elapsed=219.1735, Remaining=0.0
 Exact Exchange Energy       :  5.34408223998E+11
 Expected Exchange Energy    :  3.98942280401E-01
 Memory Consumption Report:
   Tot. No. of Allocations             :  432
   Tot. No. of Deallocations           :  432
   Remaining Memory (B)                :  0
   Memory occupation:
     Peak Value (MB)                   :  5329.716
     for the array                     : displ_res
     in the routine                    : null
     Memory Peak of process            : 5402.156 MB
 Walltime since initialization         :  00:03:49.200369320
 Max No. of dictionaries used          :  595 #( 241 still in use)
 Number of dictionary folders allocated:  1
