[0] MPI startup(): ===== GPU topology on compute11 =====
[0] MPI startup(): NUMA nodes     : 2
[0] MPI startup(): GPUs           : 4
[0] MPI startup(): Stacks (Tiles) : 8
[0] MPI startup(): Hierarchy mode : flat
[0] MPI startup(): Backend        : level zero
[0] MPI startup(): Device name    : Intel(R) Data Center GPU Max 1550
[0] MPI startup(): NUMA Id	GPU Id         Stacks (tiles)                 Ranks on this NUMA
[0] MPI startup(): 0      	0,1            (0,1)(2,3)                     0,1,2,3
[0] MPI startup(): 1      	2,3            (4,5)(6,7)                     4,5,6,7
[0] MPI startup(): ===== GPU pinning on compute11 =====
[0] MPI startup(): Rank	 Pin stack (tile)
[0] MPI startup(): 0	 {0}
[0] MPI startup(): 1	 {1}
[0] MPI startup(): 2	 {2}
[0] MPI startup(): 3	 {3}
[0] MPI startup(): 4	 {4}
[0] MPI startup(): 5	 {5}
[0] MPI startup(): 6	 {6}
[0] MPI startup(): 7	 {7}
[0] MPI startup(): Intel(R) MPI Library, Version 2021.16  Build 20250513 (id: a7c135c)
[0] MPI startup(): Copyright (C) 2003-2025 Intel Corporation.  All rights reserved.
[0] MPI startup(): library kind: release
[0] MPI startup(): libfabric version: 2.1.0-impi
[0] MPI startup(): libfabric provider: psm3
[0] MPI startup(): File "/install/software/oneAPI/2025.2/mpi/2021.16/opt/mpi/etc/tuning_spr_shm-ofi_psm3_200_x1.dat" not found
[0] MPI startup(): File "/install/software/oneAPI/2025.2/mpi/2021.16/opt/mpi/etc/tuning_spr_shm-ofi_psm3_200.dat" not found
[0] MPI startup(): File "/install/software/oneAPI/2025.2/mpi/2021.16/opt/mpi/etc/tuning_spr_shm-ofi_psm3.dat" not found
[0] MPI startup(): Load tuning file: "/install/software/oneAPI/2025.2/mpi/2021.16/opt/mpi/etc/tuning_spr_shm-ofi.dat"
[0] MPI startup(): Number of NICs:  1 
[0] MPI startup(): ===== NIC pinning on compute11 =====
[0] MPI startup(): Rank    Thread id  Pin nic
[0] MPI startup(): 0       0          autoselect_one:mlx5_0;mlx5_1
[0] MPI startup(): 1       0          autoselect_one:mlx5_0;mlx5_1
[0] MPI startup(): 2       0          autoselect_one:mlx5_0;mlx5_1
[0] MPI startup(): 3       0          autoselect_one:mlx5_0;mlx5_1
[0] MPI startup(): 4       0          autoselect_one:mlx5_0;mlx5_1
[0] MPI startup(): 5       0          autoselect_one:mlx5_0;mlx5_1
[0] MPI startup(): 6       0          autoselect_one:mlx5_0;mlx5_1
[0] MPI startup(): 7       0          autoselect_one:mlx5_0;mlx5_1
[0] MPI startup(): ===== CPU pinning =====
[0] MPI startup(): Rank    Pid      Node name  Pin cpu
[0] MPI startup(): 0       204169   compute11  {0-13,112-125}
[0] MPI startup(): 1       204170   compute11  {14-27,126-139}
[0] MPI startup(): 2       204171   compute11  {28-41,140-153}
[0] MPI startup(): 3       204172   compute11  {42-55,154-167}
[0] MPI startup(): 4       204173   compute11  {56-69,168-181}
[0] MPI startup(): 5       204174   compute11  {70-83,182-195}
[0] MPI startup(): 6       204175   compute11  {84-97,196-209}
[0] MPI startup(): 7       204176   compute11  {98-111,210-223}
[0] MPI startup(): 8       101137   compute12  {0-13,112-125}
[0] MPI startup(): 9       101138   compute12  {14-27,126-139}
[0] MPI startup(): 10      101139   compute12  {28-41,140-153}
[0] MPI startup(): 11      101140   compute12  {42-55,154-167}
[0] MPI startup(): 12      101141   compute12  {56-69,168-181}
[0] MPI startup(): 13      101142   compute12  {70-83,182-195}
[0] MPI startup(): 14      101143   compute12  {84-97,196-209}
[0] MPI startup(): 15      101144   compute12  {98-111,210-223}
[0] MPI startup(): 16      195851   compute13  {0-13,112-125}
[0] MPI startup(): 17      195852   compute13  {14-27,126-139}
[0] MPI startup(): 18      195853   compute13  {28-41,140-153}
[0] MPI startup(): 19      195854   compute13  {42-55,154-167}
[0] MPI startup(): 20      195855   compute13  {56-69,168-181}
[0] MPI startup(): 21      195856   compute13  {70-83,182-195}
[0] MPI startup(): 22      195857   compute13  {84-97,196-209}
[0] MPI startup(): 23      195858   compute13  {98-111,210-223}
[0] MPI startup(): 24      105956   compute14  {0-13,112-125}
[0] MPI startup(): 25      105957   compute14  {14-27,126-139}
[0] MPI startup(): 26      105958   compute14  {28-41,140-153}
[0] MPI startup(): 27      105959   compute14  {42-55,154-167}
[0] MPI startup(): 28      105960   compute14  {56-69,168-181}
[0] MPI startup(): 29      105961   compute14  {70-83,182-195}
[0] MPI startup(): 30      105962   compute14  {84-97,196-209}
[0] MPI startup(): 31      105963   compute14  {98-111,210-223}
[0] MPI startup(): 32      187003   compute21  {0-13,112-125}
[0] MPI startup(): 33      187004   compute21  {14-27,126-139}
[0] MPI startup(): 34      187005   compute21  {28-41,140-153}
[0] MPI startup(): 35      187006   compute21  {42-55,154-167}
[0] MPI startup(): 36      187007   compute21  {56-69,168-181}
[0] MPI startup(): 37      187008   compute21  {70-83,182-195}
[0] MPI startup(): 38      187009   compute21  {84-97,196-209}
[0] MPI startup(): 39      187010   compute21  {98-111,210-223}
[0] MPI startup(): 40      197388   compute22  {0-13,112-125}
[0] MPI startup(): 41      197389   compute22  {14-27,126-139}
[0] MPI startup(): 42      197390   compute22  {28-41,140-153}
[0] MPI startup(): 43      197391   compute22  {42-55,154-167}
[0] MPI startup(): 44      197392   compute22  {56-69,168-181}
[0] MPI startup(): 45      197393   compute22  {70-83,182-195}
[0] MPI startup(): 46      197394   compute22  {84-97,196-209}
[0] MPI startup(): 47      197395   compute22  {98-111,210-223}
[0] MPI startup(): 48      49686    compute23  {0-13,112-125}
[0] MPI startup(): 49      49687    compute23  {14-27,126-139}
[0] MPI startup(): 50      49688    compute23  {28-41,140-153}
[0] MPI startup(): 51      49689    compute23  {42-55,154-167}
[0] MPI startup(): 52      49690    compute23  {56-69,168-181}
[0] MPI startup(): 53      49691    compute23  {70-83,182-195}
[0] MPI startup(): 54      49692    compute23  {84-97,196-209}
[0] MPI startup(): 55      49693    compute23  {98-111,210-223}
[0] MPI startup(): 56      142044   compute31  {0-13,112-125}
[0] MPI startup(): 57      142045   compute31  {14-27,126-139}
[0] MPI startup(): 58      142046   compute31  {28-41,140-153}
[0] MPI startup(): 59      142047   compute31  {42-55,154-167}
[0] MPI startup(): 60      142048   compute31  {56-69,168-181}
[0] MPI startup(): 61      142049   compute31  {70-83,182-195}
[0] MPI startup(): 62      142050   compute31  {84-97,196-209}
[0] MPI startup(): 63      142051   compute31  {98-111,210-223}
[0] MPI startup(): I_MPI_ROOT=/install/software/oneAPI/2025.2/mpi/2021.16
[0] MPI startup(): ONEAPI_ROOT=/install/software/oneAPI/2025.2
[0] MPI startup(): I_MPI_MPIRUN=mpirun
[0] MPI startup(): I_MPI_BIND_WIN_ALLOCATE=localalloc
[0] MPI startup(): I_MPI_HYDRA_TOPOLIB=ipl2
[0] MPI startup(): I_MPI_HYDRA_BOOTSTRAP=slurm
[0] MPI startup(): I_MPI_OFFLOAD_DOMAIN_SIZE=1
[0] MPI startup(): I_MPI_OFFLOAD_CELL=tile
[0] MPI startup(): I_MPI_RETURN_WIN_MEM_NUMA=0
[0] MPI startup(): I_MPI_INTERNAL_MEM_POLICY=default
[0] MPI startup(): I_MPI_OFFLOAD_TOPOLIB=level_zero
[0] MPI startup(): I_MPI_OFFLOAD=1
[0] MPI startup(): I_MPI_OFFLOAD_CBWR=0
[0] MPI startup(): I_MPI_OFFLOAD_PIPELINE=0
[0] MPI startup(): I_MPI_OFFLOAD_FAST_MEMCPY_COLL=1
[0] MPI startup(): I_MPI_OFFLOAD_RDMA=1
[0] MPI startup(): I_MPI_OFFLOAD_RDMA_THRESHOLD=0
[0] MPI startup(): I_MPI_INFO_GPU_ID_LOCAL_MAP=0,0,1,1,2,2,3,3
[0] MPI startup(): I_MPI_INFO_GPU_TILE_ID_LOCAL_MAP=0,1,2,3,4,5,6,7
[0] MPI startup(): I_MPI_OFI_PROVIDER=psm3
[0] MPI startup(): I_MPI_DEBUG=5
---
 Reference Paper             : The Journal of Chemical Physics 137, 134108 (2012)
 Version Number              : PSolver 1.10
 Timestamp of this run       : 2025-11-27 01:37:41.479
 Root process Hostname       : compute11
  #------------------------------------------------------------------- Kernel Initialization
 Poisson Kernel Initialization:
    #---------------------------------------------------------------------- Input parameters
   setup:
  #------------------------------------------------------------------- Kernel Initialization
 Poisson Kernel Initialization:
    #---------------------------------------------------------------------- Input parameters
   setup:
     accel                             : ONEMATH # Material Acceleration
  #------------------------------------------------------------------- Kernel Initialization
 Poisson Kernel Initialization:
    #---------------------------------------------------------------------- Input parameters
   setup:
     accel                             : ONEMATH # Material Acceleration
  #------------------------------------------------------------------- Kernel Initialization
 Poisson Kernel Initialization:
    #---------------------------------------------------------------------- Input parameters
   setup:
     accel                             : ONEMATH # Material Acceleration
     use_gpu_direct                    : Yes #    Force (or not) the usage of GPUdirect communication, if available
  #------------------------------------------------------------------- Kernel Initialization
 Poisson Kernel Initialization:
    #---------------------------------------------------------------------- Input parameters
   setup:
     accel                             : ONEMATH # Material Acceleration
     use_gpu_direct                    : Yes #    Force (or not) the usage of GPUdirect communication, if available
     verbose                           : Yes #    Verbosity switch
     keep_gpu_memory                   : Yes #    Do not deallocate GPU memory at each call of the (G)PS routine
  #------------------------------------------------------------------- Kernel Initialization
 Poisson Kernel Initialization:
    #---------------------------------------------------------------------- Input parameters
   setup:
     accel                             : ONEMATH # Material Acceleration
     use_gpu_direct                    : Yes #    Force (or not) the usage of GPUdirect communication, if available
     verbose                           : Yes #    Verbosity switch
     keep_gpu_memory                   : Yes #    Do not deallocate GPU memory at each call of the (G)PS routine
     taskgroup_size                    : 0 #      Size of the taskgroups of the Poisson Solver
  #------------------------------------------------------------------- Kernel Initialization
 Poisson Kernel Initialization:
    #---------------------------------------------------------------------- Input parameters
   setup:
     accel                             : ONEMATH # Material Acceleration
     use_gpu_direct                    : Yes #    Force (or not) the usage of GPUdirect communication, if available
     verbose                           : Yes #    Verbosity switch
     keep_gpu_memory                   : Yes #    Do not deallocate GPU memory at each call of the (G)PS routine
     taskgroup_size                    : 0 #      Size of the taskgroups of the Poisson Solver
     global_data                       : No #     Charge density and Electrostatic potential are given by global arrays
     output                            : none #   Quantities to be plotted after the main solver routine
   kernel:
  #------------------------------------------------------------------- Kernel Initialization
 Poisson Kernel Initialization:
    #---------------------------------------------------------------------- Input parameters
   setup:
     accel                             : ONEMATH # Material Acceleration
     use_gpu_direct                    : Yes #    Force (or not) the usage of GPUdirect communication, if available
     verbose                           : Yes #    Verbosity switch
  #------------------------------------------------------------------- Kernel Initialization
 Poisson Kernel Initialization:
    #---------------------------------------------------------------------- Input parameters
   setup:
     use_gpu_direct                    : Yes #    Force (or not) the usage of GPUdirect communication, if available
     verbose                           : Yes #    Verbosity switch
     keep_gpu_memory                   : Yes #    Do not deallocate GPU memory at each call of the (G)PS routine
     taskgroup_size                    : 0 #      Size of the taskgroups of the Poisson Solver
     global_data                       : No #     Charge density and Electrostatic potential are given by global arrays
     output                            : none #   Quantities to be plotted after the main solver routine
   kernel:
     screening                         : 0 #      Mu screening parameter
  #------------------------------------------------------------------- Kernel Initialization
 Poisson Kernel Initialization:
    #---------------------------------------------------------------------- Input parameters
   setup:
     accel                             : ONEMATH # Material Acceleration
  #------------------------------------------------------------------- Kernel Initialization
 Poisson Kernel Initialization:
    #---------------------------------------------------------------------- Input parameters
   setup:
     accel                             : ONEMATH # Material Acceleration
     use_gpu_direct                    : Yes #    Force (or not) the usage of GPUdirect communication, if available
     verbose                           : Yes #    Verbosity switch
     keep_gpu_memory                   : Yes #    Do not deallocate GPU memory at each call of the (G)PS routine
  #------------------------------------------------------------------- Kernel Initialization
 Poisson Kernel Initialization:
    #---------------------------------------------------------------------- Input parameters
   setup:
     accel                             : ONEMATH # Material Acceleration
     use_gpu_direct                    : Yes #    Force (or not) the usage of GPUdirect communication, if available
  #------------------------------------------------------------------- Kernel Initialization
 Poisson Kernel Initialization:
    #---------------------------------------------------------------------- Input parameters
   setup:
     accel                             : ONEMATH # Material Acceleration
     use_gpu_direct                    : Yes #    Force (or not) the usage of GPUdirect communication, if available
     verbose                           : Yes #    Verbosity switch
     keep_gpu_memory                   : Yes #    Do not deallocate GPU memory at each call of the (G)PS routine
     taskgroup_size                    : 0 #      Size of the taskgroups of the Poisson Solver
     global_data                       : No #     Charge density and Electrostatic potential are given by global arrays
     output                            : none #   Quantities to be plotted after the main solver routine
   kernel:
  #------------------------------------------------------------------- Kernel Initialization
 Poisson Kernel Initialization:
    #---------------------------------------------------------------------- Input parameters
   setup:
     accel                             : ONEMATH # Material Acceleration
     use_gpu_direct                    : Yes #    Force (or not) the usage of GPUdirect communication, if available
     verbose                           : Yes #    Verbosity switch
  #------------------------------------------------------------------- Kernel Initialization
 Poisson Kernel Initialization:
    #---------------------------------------------------------------------- Input parameters
   setup:
     accel                             : ONEMATH # Material Acceleration
  #------------------------------------------------------------------- Kernel Initialization
 Poisson Kernel Initialization:
    #---------------------------------------------------------------------- Input parameters
   setup:
     accel                             : ONEMATH # Material Acceleration
     use_gpu_direct                    : Yes #    Force (or not) the usage of GPUdirect communication, if available
     verbose                           : Yes #    Verbosity switch
  #------------------------------------------------------------------- Kernel Initialization
 Poisson Kernel Initialization:
    #---------------------------------------------------------------------- Input parameters
   setup:
  #------------------------------------------------------------------- Kernel Initialization
 Poisson Kernel Initialization:
    #---------------------------------------------------------------------- Input parameters
   setup:
     accel                             : ONEMATH # Material Acceleration
     use_gpu_direct                    : Yes #    Force (or not) the usage of GPUdirect communication, if available
     verbose                           : Yes #    Verbosity switch
  #------------------------------------------------------------------- Kernel Initialization
 Poisson Kernel Initialization:
    #---------------------------------------------------------------------- Input parameters
   setup:
     accel                             : ONEMATH # Material Acceleration
     use_gpu_direct                    : Yes #    Force (or not) the usage of GPUdirect communication, if available
     verbose                           : Yes #    Verbosity switch
     use_gpu_direct                    : Yes #    Force (or not) the usage of GPUdirect communication, if available
     verbose                           : Yes #    Verbosity switch
     keep_gpu_memory                   : Yes #    Do not deallocate GPU memory at each call of the (G)PS routine
     taskgroup_size                    : 0 #      Size of the taskgroups of the Poisson Solver
     global_data                       : No #     Charge density and Electrostatic potential are given by global arrays
     output                            : none #   Quantities to be plotted after the main solver routine
   kernel:
     screening                         : 0 #      Mu screening parameter
     isf_order                         : 16 #     Order of the Interpolating Scaling Function family
  #------------------------------------------------------------------- Kernel Initialization
 Poisson Kernel Initialization:
    #---------------------------------------------------------------------- Input parameters
   setup:
     accel                             : ONEMATH # Material Acceleration
     use_gpu_direct                    : Yes #    Force (or not) the usage of GPUdirect communication, if available
     verbose                           : Yes #    Verbosity switch
  #------------------------------------------------------------------- Kernel Initialization
 Poisson Kernel Initialization:
    #---------------------------------------------------------------------- Input parameters
   setup:
  #------------------------------------------------------------------- Kernel Initialization
 Poisson Kernel Initialization:
    #---------------------------------------------------------------------- Input parameters
   setup:
     accel                             : ONEMATH # Material Acceleration
     use_gpu_direct                    : Yes #    Force (or not) the usage of GPUdirect communication, if available
     verbose                           : Yes #    Verbosity switch
     keep_gpu_memory                   : Yes #    Do not deallocate GPU memory at each call of the (G)PS routine
     taskgroup_size                    : 0 #      Size of the taskgroups of the Poisson Solver
  #------------------------------------------------------------------- Kernel Initialization
 Poisson Kernel Initialization:
    #---------------------------------------------------------------------- Input parameters
   setup:
     accel                             : ONEMATH # Material Acceleration
     use_gpu_direct                    : Yes #    Force (or not) the usage of GPUdirect communication, if available
     verbose                           : Yes #    Verbosity switch
     keep_gpu_memory                   : Yes #    Do not deallocate GPU memory at each call of the (G)PS routine
     taskgroup_size                    : 0 #      Size of the taskgroups of the Poisson Solver
  #------------------------------------------------------------------- Kernel Initialization
 Poisson Kernel Initialization:
    #---------------------------------------------------------------------- Input parameters
   setup:
     accel                             : ONEMATH # Material Acceleration
  #------------------------------------------------------------------- Kernel Initialization
 Poisson Kernel Initialization:
    #---------------------------------------------------------------------- Input parameters
   setup:
     accel                             : ONEMATH # Material Acceleration
     use_gpu_direct                    : Yes #    Force (or not) the usage of GPUdirect communication, if available
     verbose                           : Yes #    Verbosity switch
     keep_gpu_memory                   : Yes #    Do not deallocate GPU memory at each call of the (G)PS routine
     taskgroup_size                    : 0 #      Size of the taskgroups of the Poisson Solver
  #------------------------------------------------------------------- Kernel Initialization
 Poisson Kernel Initialization:
    #---------------------------------------------------------------------- Input parameters
   setup:
     accel                             : ONEMATH # Material Acceleration
     use_gpu_direct                    : Yes #    Force (or not) the usage of GPUdirect communication, if available
     verbose                           : Yes #    Verbosity switch
     keep_gpu_memory                   : Yes #    Do not deallocate GPU memory at each call of the (G)PS routine
     taskgroup_size                    : 0 #      Size of the taskgroups of the Poisson Solver
     global_data                       : No #     Charge density and Electrostatic potential are given by global arrays
     verbose                           : Yes #    Verbosity switch
     keep_gpu_memory                   : Yes #    Do not deallocate GPU memory at each call of the (G)PS routine
     taskgroup_size                    : 0 #      Size of the taskgroups of the Poisson Solver
     global_data                       : No #     Charge density and Electrostatic potential are given by global arrays
  #------------------------------------------------------------------- Kernel Initialization
 Poisson Kernel Initialization:
    #---------------------------------------------------------------------- Input parameters
   setup:
     accel                             : ONEMATH # Material Acceleration
     use_gpu_direct                    : Yes #    Force (or not) the usage of GPUdirect communication, if available
     verbose                           : Yes #    Verbosity switch
     keep_gpu_memory                   : Yes #    Do not deallocate GPU memory at each call of the (G)PS routine
     taskgroup_size                    : 0 #      Size of the taskgroups of the Poisson Solver
  #------------------------------------------------------------------- Kernel Initialization
 Poisson Kernel Initialization:
    #---------------------------------------------------------------------- Input parameters
   setup:
     accel                             : ONEMATH # Material Acceleration
  #------------------------------------------------------------------- Kernel Initialization
 Poisson Kernel Initialization:
    #---------------------------------------------------------------------- Input parameters
   setup:
     accel                             : ONEMATH # Material Acceleration
     use_gpu_direct                    : Yes #    Force (or not) the usage of GPUdirect communication, if available
     verbose                           : Yes #    Verbosity switch
     keep_gpu_memory                   : Yes #    Do not deallocate GPU memory at each call of the (G)PS routine
     taskgroup_size                    : 0 #      Size of the taskgroups of the Poisson Solver
     global_data                       : No #     Charge density and Electrostatic potential are given by global arrays
  #------------------------------------------------------------------- Kernel Initialization
 Poisson Kernel Initialization:
    #---------------------------------------------------------------------- Input parameters
   setup:
     accel                             : ONEMATH # Material Acceleration
     use_gpu_direct                    : Yes #    Force (or not) the usage of GPUdirect communication, if available
     verbose                           : Yes #    Verbosity switch
     keep_gpu_memory                   : Yes #    Do not deallocate GPU memory at each call of the (G)PS routine
  #------------------------------------------------------------------- Kernel Initialization
 Poisson Kernel Initialization:
    #---------------------------------------------------------------------- Input parameters
   setup:
     accel                             : ONEMATH # Material Acceleration
     use_gpu_direct                    : Yes #    Force (or not) the usage of GPUdirect communication, if available
     verbose                           : Yes #    Verbosity switch
     keep_gpu_memory                   : Yes #    Do not deallocate GPU memory at each call of the (G)PS routine
  #------------------------------------------------------------------- Kernel Initialization
 Poisson Kernel Initialization:
    #---------------------------------------------------------------------- Input parameters
   setup:
     accel                             : ONEMATH # Material Acceleration
     use_gpu_direct                    : Yes #    Force (or not) the usage of GPUdirect communication, if available
     verbose                           : Yes #    Verbosity switch
     keep_gpu_memory                   : Yes #    Do not deallocate GPU memory at each call of the (G)PS routine
     taskgroup_size                    : 0 #      Size of the taskgroups of the Poisson Solver
     global_data                       : No #     Charge density and Electrostatic potential are given by global arrays
  #------------------------------------------------------------------- Kernel Initialization
 Poisson Kernel Initialization:
    #---------------------------------------------------------------------- Input parameters
   setup:
     accel                             : ONEMATH # Material Acceleration
     use_gpu_direct                    : Yes #    Force (or not) the usage of GPUdirect communication, if available
     verbose                           : Yes #    Verbosity switch
     keep_gpu_memory                   : Yes #    Do not deallocate GPU memory at each call of the (G)PS routine
     taskgroup_size                    : 0 #      Size of the taskgroups of the Poisson Solver
     global_data                       : No #     Charge density and Electrostatic potential are given by global arrays
     output                            : none #   Quantities to be plotted after the main solver routine
     taskgroup_size                    : 0 #      Size of the taskgroups of the Poisson Solver
     global_data                       : No #     Charge density and Electrostatic potential are given by global arrays
     output                            : none #   Quantities to be plotted after the main solver routine
   kernel:
     screening                         : 0 #      Mu screening parameter
     isf_order                         : 16 #     Order of the Interpolating Scaling Function family
     stress_tensor                     : Yes #    Triggers the calculation of the stress tensor
   environment:
     cavity                            : none #   Type of the cavity
     fd_order                          : 16 #     Order of the Finite-difference derivatives for the GPS solver
  #------------------------------------------------------------------- Kernel Initialization
 Poisson Kernel Initialization:
    #---------------------------------------------------------------------- Input parameters
   setup:
     accel                             : ONEMATH # Material Acceleration
     use_gpu_direct                    : Yes #    Force (or not) the usage of GPUdirect communication, if available
     verbose                           : Yes #    Verbosity switch
     keep_gpu_memory                   : Yes #    Do not deallocate GPU memory at each call of the (G)PS routine
     taskgroup_size                    : 0 #      Size of the taskgroups of the Poisson Solver
     global_data                       : No #     Charge density and Electrostatic potential are given by global arrays
  #------------------------------------------------------------------- Kernel Initialization
 Poisson Kernel Initialization:
    #---------------------------------------------------------------------- Input parameters
   setup:
     accel                             : ONEMATH # Material Acceleration
     use_gpu_direct                    : Yes #    Force (or not) the usage of GPUdirect communication, if available
  #------------------------------------------------------------------- Kernel Initialization
 Poisson Kernel Initialization:
    #---------------------------------------------------------------------- Input parameters
   setup:
     accel                             : ONEMATH # Material Acceleration
     use_gpu_direct                    : Yes #    Force (or not) the usage of GPUdirect communication, if available
     verbose                           : Yes #    Verbosity switch
     keep_gpu_memory                   : Yes #    Do not deallocate GPU memory at each call of the (G)PS routine
     taskgroup_size                    : 0 #      Size of the taskgroups of the Poisson Solver
     global_data                       : No #     Charge density and Electrostatic potential are given by global arrays
     output                            : none #   Quantities to be plotted after the main solver routine
   kernel:
  #------------------------------------------------------------------- Kernel Initialization
 Poisson Kernel Initialization:
    #---------------------------------------------------------------------- Input parameters
   setup:
     accel                             : ONEMATH # Material Acceleration
     use_gpu_direct                    : Yes #    Force (or not) the usage of GPUdirect communication, if available
     verbose                           : Yes #    Verbosity switch
     keep_gpu_memory                   : Yes #    Do not deallocate GPU memory at each call of the (G)PS routine
     taskgroup_size                    : 0 #      Size of the taskgroups of the Poisson Solver
  #------------------------------------------------------------------- Kernel Initialization
 Poisson Kernel Initialization:
    #---------------------------------------------------------------------- Input parameters
   setup:
     accel                             : ONEMATH # Material Acceleration
     use_gpu_direct                    : Yes #    Force (or not) the usage of GPUdirect communication, if available
     verbose                           : Yes #    Verbosity switch
  #------------------------------------------------------------------- Kernel Initialization
 Poisson Kernel Initialization:
    #---------------------------------------------------------------------- Input parameters
   setup:
     accel                             : ONEMATH # Material Acceleration
     use_gpu_direct                    : Yes #    Force (or not) the usage of GPUdirect communication, if available
     verbose                           : Yes #    Verbosity switch
     keep_gpu_memory                   : Yes #    Do not deallocate GPU memory at each call of the (G)PS routine
     taskgroup_size                    : 0 #      Size of the taskgroups of the Poisson Solver
  #------------------------------------------------------------------- Kernel Initialization
 Poisson Kernel Initialization:
    #---------------------------------------------------------------------- Input parameters
   setup:
     accel                             : ONEMATH # Material Acceleration
     use_gpu_direct                    : Yes #    Force (or not) the usage of GPUdirect communication, if available
     verbose                           : Yes #    Verbosity switch
     keep_gpu_memory                   : Yes #    Do not deallocate GPU memory at each call of the (G)PS routine
     global_data                       : No #     Charge density and Electrostatic potential are given by global arrays
     output                            : none #   Quantities to be plotted after the main solver routine
   kernel:
     screening                         : 0 #      Mu screening parameter
     isf_order                         : 16 #     Order of the Interpolating Scaling Function family
     stress_tensor                     : Yes #    Triggers the calculation of the stress tensor
   environment:
     cavity                            : none #   Type of the cavity
     fd_order                          : 16 #     Order of the Finite-difference derivatives for the GPS solver
     itermax                           : 200 #    Maximum number of iterations of the GPS outer loop
  #------------------------------------------------------------------- Kernel Initialization
 Poisson Kernel Initialization:
    #---------------------------------------------------------------------- Input parameters
   setup:
     accel                             : ONEMATH # Material Acceleration
     use_gpu_direct                    : Yes #    Force (or not) the usage of GPUdirect communication, if available
     verbose                           : Yes #    Verbosity switch
     keep_gpu_memory                   : Yes #    Do not deallocate GPU memory at each call of the (G)PS routine
     taskgroup_size                    : 0 #      Size of the taskgroups of the Poisson Solver
     global_data                       : No #     Charge density and Electrostatic potential are given by global arrays
  #------------------------------------------------------------------- Kernel Initialization
 Poisson Kernel Initialization:
    #---------------------------------------------------------------------- Input parameters
   setup:
     accel                             : ONEMATH # Material Acceleration
     use_gpu_direct                    : Yes #    Force (or not) the usage of GPUdirect communication, if available
     verbose                           : Yes #    Verbosity switch
  #------------------------------------------------------------------- Kernel Initialization
 Poisson Kernel Initialization:
    #---------------------------------------------------------------------- Input parameters
   setup:
     accel                             : ONEMATH # Material Acceleration
     use_gpu_direct                    : Yes #    Force (or not) the usage of GPUdirect communication, if available
     verbose                           : Yes #    Verbosity switch
     keep_gpu_memory                   : Yes #    Do not deallocate GPU memory at each call of the (G)PS routine
     taskgroup_size                    : 0 #      Size of the taskgroups of the Poisson Solver
     global_data                       : No #     Charge density and Electrostatic potential are given by global arrays
     output                            : none #   Quantities to be plotted after the main solver routine
   kernel:
  #------------------------------------------------------------------- Kernel Initialization
 Poisson Kernel Initialization:
    #---------------------------------------------------------------------- Input parameters
   setup:
     accel                             : ONEMATH # Material Acceleration
     use_gpu_direct                    : Yes #    Force (or not) the usage of GPUdirect communication, if available
     verbose                           : Yes #    Verbosity switch
     keep_gpu_memory                   : Yes #    Do not deallocate GPU memory at each call of the (G)PS routine
     taskgroup_size                    : 0 #      Size of the taskgroups of the Poisson Solver
  #------------------------------------------------------------------- Kernel Initialization
 Poisson Kernel Initialization:
    #---------------------------------------------------------------------- Input parameters
   setup:
     accel                             : ONEMATH # Material Acceleration
     use_gpu_direct                    : Yes #    Force (or not) the usage of GPUdirect communication, if available
     verbose                           : Yes #    Verbosity switch
     keep_gpu_memory                   : Yes #    Do not deallocate GPU memory at each call of the (G)PS routine
     taskgroup_size                    : 0 #      Size of the taskgroups of the Poisson Solver
  #------------------------------------------------------------------- Kernel Initialization
 Poisson Kernel Initialization:
    #---------------------------------------------------------------------- Input parameters
   setup:
     accel                             : ONEMATH # Material Acceleration
     use_gpu_direct                    : Yes #    Force (or not) the usage of GPUdirect communication, if available
     verbose                           : Yes #    Verbosity switch
     keep_gpu_memory                   : Yes #    Do not deallocate GPU memory at each call of the (G)PS routine
  #------------------------------------------------------------------- Kernel Initialization
 Poisson Kernel Initialization:
    #---------------------------------------------------------------------- Input parameters
   setup:
     accel                             : ONEMATH # Material Acceleration
     use_gpu_direct                    : Yes #    Force (or not) the usage of GPUdirect communication, if available
     verbose                           : Yes #    Verbosity switch
     screening                         : 0 #      Mu screening parameter
     isf_order                         : 16 #     Order of the Interpolating Scaling Function family
     stress_tensor                     : Yes #    Triggers the calculation of the stress tensor
   environment:
     cavity                            : none #   Type of the cavity
     fd_order                          : 16 #     Order of the Finite-difference derivatives for the GPS solver
     itermax                           : 200 #    Maximum number of iterations of the GPS outer loop
     minres                            : 1.e-8 #  Convergence threshold of the loop
     pb_method                         : none #   Defines the method for the Poisson Boltzmann Equation
   MPI tasks                           :  1
  #------------------------------------------------------------------- Kernel Initialization
 Poisson Kernel Initialization:
    #---------------------------------------------------------------------- Input parameters
   setup:
     accel                             : ONEMATH # Material Acceleration
     use_gpu_direct                    : Yes #    Force (or not) the usage of GPUdirect communication, if available
     verbose                           : Yes #    Verbosity switch
     keep_gpu_memory                   : Yes #    Do not deallocate GPU memory at each call of the (G)PS routine
     taskgroup_size                    : 0 #      Size of the taskgroups of the Poisson Solver
     global_data                       : No #     Charge density and Electrostatic potential are given by global arrays
     output                            : none #   Quantities to be plotted after the main solver routine
   kernel:
  #------------------------------------------------------------------- Kernel Initialization
 Poisson Kernel Initialization:
    #---------------------------------------------------------------------- Input parameters
   setup:
     accel                             : ONEMATH # Material Acceleration
     use_gpu_direct                    : Yes #    Force (or not) the usage of GPUdirect communication, if available
     verbose                           : Yes #    Verbosity switch
     keep_gpu_memory                   : Yes #    Do not deallocate GPU memory at each call of the (G)PS routine
  #------------------------------------------------------------------- Kernel Initialization
 Poisson Kernel Initialization:
    #---------------------------------------------------------------------- Input parameters
   setup:
     accel                             : ONEMATH # Material Acceleration
     use_gpu_direct                    : Yes #    Force (or not) the usage of GPUdirect communication, if available
     verbose                           : Yes #    Verbosity switch
     keep_gpu_memory                   : Yes #    Do not deallocate GPU memory at each call of the (G)PS routine
     taskgroup_size                    : 0 #      Size of the taskgroups of the Poisson Solver
     global_data                       : No #     Charge density and Electrostatic potential are given by global arrays
     output                            : none #   Quantities to be plotted after the main solver routine
   kernel:
     accel                             : ONEMATH # Material Acceleration
     use_gpu_direct                    : Yes #    Force (or not) the usage of GPUdirect communication, if available
     verbose                           : Yes #    Verbosity switch
     keep_gpu_memory                   : Yes #    Do not deallocate GPU memory at each call of the (G)PS routine
     taskgroup_size                    : 0 #      Size of the taskgroups of the Poisson Solver
     global_data                       : No #     Charge density and Electrostatic potential are given by global arrays
  #------------------------------------------------------------------- Kernel Initialization
 Poisson Kernel Initialization:
    #---------------------------------------------------------------------- Input parameters
   setup:
     accel                             : ONEMATH # Material Acceleration
     use_gpu_direct                    : Yes #    Force (or not) the usage of GPUdirect communication, if available
     verbose                           : Yes #    Verbosity switch
     keep_gpu_memory                   : Yes #    Do not deallocate GPU memory at each call of the (G)PS routine
     accel                             : ONEMATH # Material Acceleration
     use_gpu_direct                    : Yes #    Force (or not) the usage of GPUdirect communication, if available
     verbose                           : Yes #    Verbosity switch
     keep_gpu_memory                   : Yes #    Do not deallocate GPU memory at each call of the (G)PS routine
     taskgroup_size                    : 0 #      Size of the taskgroups of the Poisson Solver
     global_data                       : No #     Charge density and Electrostatic potential are given by global arrays
     output                            : none #   Quantities to be plotted after the main solver routine
  #------------------------------------------------------------------- Kernel Initialization
 Poisson Kernel Initialization:
    #---------------------------------------------------------------------- Input parameters
   setup:
     accel                             : ONEMATH # Material Acceleration
     use_gpu_direct                    : Yes #    Force (or not) the usage of GPUdirect communication, if available
     verbose                           : Yes #    Verbosity switch
     isf_order                         : 16 #     Order of the Interpolating Scaling Function family
     stress_tensor                     : Yes #    Triggers the calculation of the stress tensor
   environment:
     cavity                            : none #   Type of the cavity
     fd_order                          : 16 #     Order of the Finite-difference derivatives for the GPS solver
     itermax                           : 200 #    Maximum number of iterations of the GPS outer loop
     minres                            : 1.e-8 #  Convergence threshold of the loop
     pb_method                         : none #   Defines the method for the Poisson Boltzmann Equation
   MPI tasks                           :  1
   OpenMP threads per MPI task         :  28
  #------------------------------------------------------------------- Kernel Initialization
 Poisson Kernel Initialization:
    #---------------------------------------------------------------------- Input parameters
   setup:
     accel                             : ONEMATH # Material Acceleration
     use_gpu_direct                    : Yes #    Force (or not) the usage of GPUdirect communication, if available
     verbose                           : Yes #    Verbosity switch
     keep_gpu_memory                   : Yes #    Do not deallocate GPU memory at each call of the (G)PS routine
     taskgroup_size                    : 0 #      Size of the taskgroups of the Poisson Solver
     global_data                       : No #     Charge density and Electrostatic potential are given by global arrays
     output                            : none #   Quantities to be plotted after the main solver routine
   kernel:
  #------------------------------------------------------------------- Kernel Initialization
 Poisson Kernel Initialization:
    #---------------------------------------------------------------------- Input parameters
   setup:
     accel                             : ONEMATH # Material Acceleration
     use_gpu_direct                    : Yes #    Force (or not) the usage of GPUdirect communication, if available
     verbose                           : Yes #    Verbosity switch
     keep_gpu_memory                   : Yes #    Do not deallocate GPU memory at each call of the (G)PS routine
  #------------------------------------------------------------------- Kernel Initialization
 Poisson Kernel Initialization:
    #---------------------------------------------------------------------- Input parameters
   setup:
     accel                             : ONEMATH # Material Acceleration
     use_gpu_direct                    : Yes #    Force (or not) the usage of GPUdirect communication, if available
     verbose                           : Yes #    Verbosity switch
     keep_gpu_memory                   : Yes #    Do not deallocate GPU memory at each call of the (G)PS routine
     taskgroup_size                    : 0 #      Size of the taskgroups of the Poisson Solver
     global_data                       : No #     Charge density and Electrostatic potential are given by global arrays
     output                            : none #   Quantities to be plotted after the main solver routine
   kernel:
     screening                         : 0 #      Mu screening parameter
     keep_gpu_memory                   : Yes #    Do not deallocate GPU memory at each call of the (G)PS routine
     taskgroup_size                    : 0 #      Size of the taskgroups of the Poisson Solver
     global_data                       : No #     Charge density and Electrostatic potential are given by global arrays
     output                            : none #   Quantities to be plotted after the main solver routine
   kernel:
     screening                         : 0 #      Mu screening parameter
  #------------------------------------------------------------------- Kernel Initialization
 Poisson Kernel Initialization:
    #---------------------------------------------------------------------- Input parameters
   setup:
     accel                             : ONEMATH # Material Acceleration
     use_gpu_direct                    : Yes #    Force (or not) the usage of GPUdirect communication, if available
     verbose                           : Yes #    Verbosity switch
     keep_gpu_memory                   : Yes #    Do not deallocate GPU memory at each call of the (G)PS routine
  #------------------------------------------------------------------- Kernel Initialization
 Poisson Kernel Initialization:
    #---------------------------------------------------------------------- Input parameters
   setup:
     accel                             : ONEMATH # Material Acceleration
     use_gpu_direct                    : Yes #    Force (or not) the usage of GPUdirect communication, if available
     verbose                           : Yes #    Verbosity switch
     keep_gpu_memory                   : Yes #    Do not deallocate GPU memory at each call of the (G)PS routine
     taskgroup_size                    : 0 #      Size of the taskgroups of the Poisson Solver
  #------------------------------------------------------------------- Kernel Initialization
 Poisson Kernel Initialization:
    #---------------------------------------------------------------------- Input parameters
   setup:
     accel                             : ONEMATH # Material Acceleration
     use_gpu_direct                    : Yes #    Force (or not) the usage of GPUdirect communication, if available
     verbose                           : Yes #    Verbosity switch
     keep_gpu_memory                   : Yes #    Do not deallocate GPU memory at each call of the (G)PS routine
     screening                         : 0 #      Mu screening parameter
     isf_order                         : 16 #     Order of the Interpolating Scaling Function family
     stress_tensor                     : Yes #    Triggers the calculation of the stress tensor
   environment:
     cavity                            : none #   Type of the cavity
     fd_order                          : 16 #     Order of the Finite-difference derivatives for the GPS solver
     itermax                           : 200 #    Maximum number of iterations of the GPS outer loop
     minres                            : 1.e-8 #  Convergence threshold of the loop
     pb_method                         : none #   Defines the method for the Poisson Boltzmann Equation
     use_gpu_direct                    : Yes #    Force (or not) the usage of GPUdirect communication, if available
     verbose                           : Yes #    Verbosity switch
     keep_gpu_memory                   : Yes #    Do not deallocate GPU memory at each call of the (G)PS routine
     taskgroup_size                    : 0 #      Size of the taskgroups of the Poisson Solver
     global_data                       : No #     Charge density and Electrostatic potential are given by global arrays
     output                            : none #   Quantities to be plotted after the main solver routine
   kernel:
  #------------------------------------------------------------------- Kernel Initialization
 Poisson Kernel Initialization:
    #---------------------------------------------------------------------- Input parameters
   setup:
     accel                             : ONEMATH # Material Acceleration
     use_gpu_direct                    : Yes #    Force (or not) the usage of GPUdirect communication, if available
     verbose                           : Yes #    Verbosity switch
     keep_gpu_memory                   : Yes #    Do not deallocate GPU memory at each call of the (G)PS routine
  #------------------------------------------------------------------- Kernel Initialization
 Poisson Kernel Initialization:
    #---------------------------------------------------------------------- Input parameters
   setup:
     accel                             : ONEMATH # Material Acceleration
     use_gpu_direct                    : Yes #    Force (or not) the usage of GPUdirect communication, if available
     verbose                           : Yes #    Verbosity switch
     keep_gpu_memory                   : Yes #    Do not deallocate GPU memory at each call of the (G)PS routine
     taskgroup_size                    : 0 #      Size of the taskgroups of the Poisson Solver
     global_data                       : No #     Charge density and Electrostatic potential are given by global arrays
     output                            : none #   Quantities to be plotted after the main solver routine
   kernel:
     screening                         : 0 #      Mu screening parameter
     isf_order                         : 16 #     Order of the Interpolating Scaling Function family
     taskgroup_size                    : 0 #      Size of the taskgroups of the Poisson Solver
     global_data                       : No #     Charge density and Electrostatic potential are given by global arrays
     output                            : none #   Quantities to be plotted after the main solver routine
  #------------------------------------------------------------------- Kernel Initialization
 Poisson Kernel Initialization:
    #---------------------------------------------------------------------- Input parameters
   setup:
     accel                             : ONEMATH # Material Acceleration
     use_gpu_direct                    : Yes #    Force (or not) the usage of GPUdirect communication, if available
     verbose                           : Yes #    Verbosity switch
     keep_gpu_memory                   : Yes #    Do not deallocate GPU memory at each call of the (G)PS routine
     taskgroup_size                    : 0 #      Size of the taskgroups of the Poisson Solver
     global_data                       : No #     Charge density and Electrostatic potential are given by global arrays
     verbose                           : Yes #    Verbosity switch
     keep_gpu_memory                   : Yes #    Do not deallocate GPU memory at each call of the (G)PS routine
     taskgroup_size                    : 0 #      Size of the taskgroups of the Poisson Solver
     global_data                       : No #     Charge density and Electrostatic potential are given by global arrays
     output                            : none #   Quantities to be plotted after the main solver routine
   kernel:
  #------------------------------------------------------------------- Kernel Initialization
 Poisson Kernel Initialization:
    #---------------------------------------------------------------------- Input parameters
   setup:
     accel                             : ONEMATH # Material Acceleration
     use_gpu_direct                    : Yes #    Force (or not) the usage of GPUdirect communication, if available
     verbose                           : Yes #    Verbosity switch
     keep_gpu_memory                   : Yes #    Do not deallocate GPU memory at each call of the (G)PS routine
     taskgroup_size                    : 0 #      Size of the taskgroups of the Poisson Solver
     global_data                       : No #     Charge density and Electrostatic potential are given by global arrays
     output                            : none #   Quantities to be plotted after the main solver routine
   kernel:
     screening                         : 0 #      Mu screening parameter
     stress_tensor                     : Yes #    Triggers the calculation of the stress tensor
   environment:
     cavity                            : none #   Type of the cavity
     fd_order                          : 16 #     Order of the Finite-difference derivatives for the GPS solver
     itermax                           : 200 #    Maximum number of iterations of the GPS outer loop
     minres                            : 1.e-8 #  Convergence threshold of the loop
     pb_method                         : none #   Defines the method for the Poisson Boltzmann Equation
     keep_gpu_memory                   : Yes #    Do not deallocate GPU memory at each call of the (G)PS routine
     taskgroup_size                    : 0 #      Size of the taskgroups of the Poisson Solver
     global_data                       : No #     Charge density and Electrostatic potential are given by global arrays
     output                            : none #   Quantities to be plotted after the main solver routine
   kernel:
  #------------------------------------------------------------------- Kernel Initialization
 Poisson Kernel Initialization:
    #---------------------------------------------------------------------- Input parameters
   setup:
     accel                             : ONEMATH # Material Acceleration
     use_gpu_direct                    : Yes #    Force (or not) the usage of GPUdirect communication, if available
     verbose                           : Yes #    Verbosity switch
     keep_gpu_memory                   : Yes #    Do not deallocate GPU memory at each call of the (G)PS routine
     taskgroup_size                    : 0 #      Size of the taskgroups of the Poisson Solver
     global_data                       : No #     Charge density and Electrostatic potential are given by global arrays
     output                            : none #   Quantities to be plotted after the main solver routine
     use_gpu_direct                    : Yes #    Force (or not) the usage of GPUdirect communication, if available
     verbose                           : Yes #    Verbosity switch
     keep_gpu_memory                   : Yes #    Do not deallocate GPU memory at each call of the (G)PS routine
     taskgroup_size                    : 0 #      Size of the taskgroups of the Poisson Solver
     global_data                       : No #     Charge density and Electrostatic potential are given by global arrays
     output                            : none #   Quantities to be plotted after the main solver routine
   kernel:
     screening                         : 0 #      Mu screening parameter
     isf_order                         : 16 #     Order of the Interpolating Scaling Function family
     stress_tensor                     : Yes #    Triggers the calculation of the stress tensor
   environment:
     cavity                            : none #   Type of the cavity
     keep_gpu_memory                   : Yes #    Do not deallocate GPU memory at each call of the (G)PS routine
     taskgroup_size                    : 0 #      Size of the taskgroups of the Poisson Solver
     global_data                       : No #     Charge density and Electrostatic potential are given by global arrays
     output                            : none #   Quantities to be plotted after the main solver routine
   kernel:
     screening                         : 0 #      Mu screening parameter
     isf_order                         : 16 #     Order of the Interpolating Scaling Function family
     stress_tensor                     : Yes #    Triggers the calculation of the stress tensor
   environment:
     cavity                            : none #   Type of the cavity
     accel                             : ONEMATH # Material Acceleration
     use_gpu_direct                    : Yes #    Force (or not) the usage of GPUdirect communication, if available
     verbose                           : Yes #    Verbosity switch
     keep_gpu_memory                   : Yes #    Do not deallocate GPU memory at each call of the (G)PS routine
     taskgroup_size                    : 0 #      Size of the taskgroups of the Poisson Solver
     global_data                       : No #     Charge density and Electrostatic potential are given by global arrays
     output                            : none #   Quantities to be plotted after the main solver routine
     keep_gpu_memory                   : Yes #    Do not deallocate GPU memory at each call of the (G)PS routine
     taskgroup_size                    : 0 #      Size of the taskgroups of the Poisson Solver
     global_data                       : No #     Charge density and Electrostatic potential are given by global arrays
     output                            : none #   Quantities to be plotted after the main solver routine
   kernel:
     screening                         : 0 #      Mu screening parameter
     isf_order                         : 16 #     Order of the Interpolating Scaling Function family
     stress_tensor                     : Yes #    Triggers the calculation of the stress tensor
   environment:
     keep_gpu_memory                   : Yes #    Do not deallocate GPU memory at each call of the (G)PS routine
     taskgroup_size                    : 0 #      Size of the taskgroups of the Poisson Solver
     global_data                       : No #     Charge density and Electrostatic potential are given by global arrays
     output                            : none #   Quantities to be plotted after the main solver routine
   kernel:
     screening                         : 0 #      Mu screening parameter
     isf_order                         : 16 #     Order of the Interpolating Scaling Function family
     stress_tensor                     : Yes #    Triggers the calculation of the stress tensor
   environment:
     cavity                            : none #   Type of the cavity
     fd_order                          : 16 #     Order of the Finite-difference derivatives for the GPS solver
     itermax                           : 200 #    Maximum number of iterations of the GPS outer loop
     itermax                           : 200 #    Maximum number of iterations of the GPS outer loop
     minres                            : 1.e-8 #  Convergence threshold of the loop
     pb_method                         : none #   Defines the method for the Poisson Boltzmann Equation
   MPI tasks                           :  1
   OpenMP threads per MPI task         :  28
   Poisson Solver GPU Enumerator:
     BACKEND                           :  4
     Attributes:
       DEVICE                          :  0
       MODEL                           :  2
     keep_gpu_memory                   : Yes #    Do not deallocate GPU memory at each call of the (G)PS routine
     taskgroup_size                    : 0 #      Size of the taskgroups of the Poisson Solver
     global_data                       : No #     Charge density and Electrostatic potential are given by global arrays
     output                            : none #   Quantities to be plotted after the main solver routine
   kernel:
     screening                         : 0 #      Mu screening parameter
     accel                             : ONEMATH # Material Acceleration
     use_gpu_direct                    : Yes #    Force (or not) the usage of GPUdirect communication, if available
     verbose                           : Yes #    Verbosity switch
     keep_gpu_memory                   : Yes #    Do not deallocate GPU memory at each call of the (G)PS routine
     taskgroup_size                    : 0 #      Size of the taskgroups of the Poisson Solver
     global_data                       : No #     Charge density and Electrostatic potential are given by global arrays
     output                            : none #   Quantities to be plotted after the main solver routine
   kernel:
     screening                         : 0 #      Mu screening parameter
     global_data                       : No #     Charge density and Electrostatic potential are given by global arrays
     output                            : none #   Quantities to be plotted after the main solver routine
   kernel:
     screening                         : 0 #      Mu screening parameter
     isf_order                         : 16 #     Order of the Interpolating Scaling Function family
     stress_tensor                     : Yes #    Triggers the calculation of the stress tensor
   environment:
     cavity                            : none #   Type of the cavity
     fd_order                          : 16 #     Order of the Finite-difference derivatives for the GPS solver
     global_data                       : No #     Charge density and Electrostatic potential are given by global arrays
     output                            : none #   Quantities to be plotted after the main solver routine
   kernel:
     screening                         : 0 #      Mu screening parameter
     isf_order                         : 16 #     Order of the Interpolating Scaling Function family
     stress_tensor                     : Yes #    Triggers the calculation of the stress tensor
   environment:
     cavity                            : none #   Type of the cavity
     fd_order                          : 16 #     Order of the Finite-difference derivatives for the GPS solver
     itermax                           : 200 #    Maximum number of iterations of the GPS outer loop
     use_gpu_direct                    : Yes #    Force (or not) the usage of GPUdirect communication, if available
     verbose                           : Yes #    Verbosity switch
     keep_gpu_memory                   : Yes #    Do not deallocate GPU memory at each call of the (G)PS routine
     taskgroup_size                    : 0 #      Size of the taskgroups of the Poisson Solver
     global_data                       : No #     Charge density and Electrostatic potential are given by global arrays
     output                            : none #   Quantities to be plotted after the main solver routine
   kernel:
     screening                         : 0 #      Mu screening parameter
     isf_order                         : 16 #     Order of the Interpolating Scaling Function family
     stress_tensor                     : Yes #    Triggers the calculation of the stress tensor
   environment:
     global_data                       : No #     Charge density and Electrostatic potential are given by global arrays
     output                            : none #   Quantities to be plotted after the main solver routine
   kernel:
     screening                         : 0 #      Mu screening parameter
     isf_order                         : 16 #     Order of the Interpolating Scaling Function family
     stress_tensor                     : Yes #    Triggers the calculation of the stress tensor
   environment:
     cavity                            : none #   Type of the cavity
     output                            : none #   Quantities to be plotted after the main solver routine
   kernel:
     screening                         : 0 #      Mu screening parameter
     isf_order                         : 16 #     Order of the Interpolating Scaling Function family
     stress_tensor                     : Yes #    Triggers the calculation of the stress tensor
   environment:
     cavity                            : none #   Type of the cavity
     fd_order                          : 16 #     Order of the Finite-difference derivatives for the GPS solver
     itermax                           : 200 #    Maximum number of iterations of the GPS outer loop
     minres                            : 1.e-8 #  Convergence threshold of the loop
     pb_method                         : none #   Defines the method for the Poisson Boltzmann Equation
   MPI tasks                           :  1
   OpenMP threads per MPI task         :  28
   Poisson Solver GPU Enumerator:
     BACKEND                           :  4
     Attributes:
       DEVICE                          :  0
       MODEL                           :  2
     global_data                       : No #     Charge density and Electrostatic potential are given by global arrays
     output                            : none #   Quantities to be plotted after the main solver routine
   kernel:
     screening                         : 0 #      Mu screening parameter
     isf_order                         : 16 #     Order of the Interpolating Scaling Function family
     stress_tensor                     : Yes #    Triggers the calculation of the stress tensor
   environment:
     cavity                            : none #   Type of the cavity
     fd_order                          : 16 #     Order of the Finite-difference derivatives for the GPS solver
     use_gpu_direct                    : Yes #    Force (or not) the usage of GPUdirect communication, if available
     verbose                           : Yes #    Verbosity switch
     keep_gpu_memory                   : Yes #    Do not deallocate GPU memory at each call of the (G)PS routine
     taskgroup_size                    : 0 #      Size of the taskgroups of the Poisson Solver
     global_data                       : No #     Charge density and Electrostatic potential are given by global arrays
     output                            : none #   Quantities to be plotted after the main solver routine
   kernel:
     screening                         : 0 #      Mu screening parameter
     output                            : none #   Quantities to be plotted after the main solver routine
   kernel:
     screening                         : 0 #      Mu screening parameter
     isf_order                         : 16 #     Order of the Interpolating Scaling Function family
     stress_tensor                     : Yes #    Triggers the calculation of the stress tensor
   environment:
     cavity                            : none #   Type of the cavity
     fd_order                          : 16 #     Order of the Finite-difference derivatives for the GPS solver
     itermax                           : 200 #    Maximum number of iterations of the GPS outer loop
     taskgroup_size                    : 0 #      Size of the taskgroups of the Poisson Solver
     global_data                       : No #     Charge density and Electrostatic potential are given by global arrays
     output                            : none #   Quantities to be plotted after the main solver routine
   kernel:
     screening                         : 0 #      Mu screening parameter
     isf_order                         : 16 #     Order of the Interpolating Scaling Function family
     stress_tensor                     : Yes #    Triggers the calculation of the stress tensor
   environment:
     cavity                            : none #   Type of the cavity
     fd_order                          : 16 #     Order of the Finite-difference derivatives for the GPS solver
     taskgroup_size                    : 0 #      Size of the taskgroups of the Poisson Solver
     global_data                       : No #     Charge density and Electrostatic potential are given by global arrays
     output                            : none #   Quantities to be plotted after the main solver routine
   kernel:
     screening                         : 0 #      Mu screening parameter
     isf_order                         : 16 #     Order of the Interpolating Scaling Function family
     stress_tensor                     : Yes #    Triggers the calculation of the stress tensor
   environment:
     cavity                            : none #   Type of the cavity
     fd_order                          : 16 #     Order of the Finite-difference derivatives for the GPS solver
     output                            : none #   Quantities to be plotted after the main solver routine
   kernel:
     screening                         : 0 #      Mu screening parameter
     isf_order                         : 16 #     Order of the Interpolating Scaling Function family
     stress_tensor                     : Yes #    Triggers the calculation of the stress tensor
   environment:
     cavity                            : none #   Type of the cavity
   kernel:
     screening                         : 0 #      Mu screening parameter
     isf_order                         : 16 #     Order of the Interpolating Scaling Function family
     stress_tensor                     : Yes #    Triggers the calculation of the stress tensor
   environment:
     cavity                            : none #   Type of the cavity
     fd_order                          : 16 #     Order of the Finite-difference derivatives for the GPS solver
     itermax                           : 200 #    Maximum number of iterations of the GPS outer loop
     minres                            : 1.e-8 #  Convergence threshold of the loop
   OpenMP threads per MPI task         :  28
   Poisson Solver GPU Enumerator:
     BACKEND                           :  4
     Attributes:
       DEVICE                          :  0
       MODEL                           :  2
     output                            : none #   Quantities to be plotted after the main solver routine
   kernel:
     screening                         : 0 #      Mu screening parameter
     isf_order                         : 16 #     Order of the Interpolating Scaling Function family
     stress_tensor                     : Yes #    Triggers the calculation of the stress tensor
   environment:
     cavity                            : none #   Type of the cavity
     fd_order                          : 16 #     Order of the Finite-difference derivatives for the GPS solver
     itermax                           : 200 #    Maximum number of iterations of the GPS outer loop
     minres                            : 1.e-8 #  Convergence threshold of the loop
     verbose                           : Yes #    Verbosity switch
     keep_gpu_memory                   : Yes #    Do not deallocate GPU memory at each call of the (G)PS routine
     taskgroup_size                    : 0 #      Size of the taskgroups of the Poisson Solver
     global_data                       : No #     Charge density and Electrostatic potential are given by global arrays
     output                            : none #   Quantities to be plotted after the main solver routine
   kernel:
     screening                         : 0 #      Mu screening parameter
     screening                         : 0 #      Mu screening parameter
     isf_order                         : 16 #     Order of the Interpolating Scaling Function family
     stress_tensor                     : Yes #    Triggers the calculation of the stress tensor
   environment:
     cavity                            : none #   Type of the cavity
     fd_order                          : 16 #     Order of the Finite-difference derivatives for the GPS solver
     itermax                           : 200 #    Maximum number of iterations of the GPS outer loop
     global_data                       : No #     Charge density and Electrostatic potential are given by global arrays
     output                            : none #   Quantities to be plotted after the main solver routine
   kernel:
     screening                         : 0 #      Mu screening parameter
     isf_order                         : 16 #     Order of the Interpolating Scaling Function family
     stress_tensor                     : Yes #    Triggers the calculation of the stress tensor
   environment:
     cavity                            : none #   Type of the cavity
     fd_order                          : 16 #     Order of the Finite-difference derivatives for the GPS solver
     itermax                           : 200 #    Maximum number of iterations of the GPS outer loop
     keep_gpu_memory                   : Yes #    Do not deallocate GPU memory at each call of the (G)PS routine
     taskgroup_size                    : 0 #      Size of the taskgroups of the Poisson Solver
     global_data                       : No #     Charge density and Electrostatic potential are given by global arrays
     output                            : none #   Quantities to be plotted after the main solver routine
   kernel:
     screening                         : 0 #      Mu screening parameter
     isf_order                         : 16 #     Order of the Interpolating Scaling Function family
     stress_tensor                     : Yes #    Triggers the calculation of the stress tensor
   environment:
     cavity                            : none #   Type of the cavity
     global_data                       : No #     Charge density and Electrostatic potential are given by global arrays
     output                            : none #   Quantities to be plotted after the main solver routine
   kernel:
     screening                         : 0 #      Mu screening parameter
     isf_order                         : 16 #     Order of the Interpolating Scaling Function family
     stress_tensor                     : Yes #    Triggers the calculation of the stress tensor
   environment:
     cavity                            : none #   Type of the cavity
     taskgroup_size                    : 0 #      Size of the taskgroups of the Poisson Solver
     global_data                       : No #     Charge density and Electrostatic potential are given by global arrays
     output                            : none #   Quantities to be plotted after the main solver routine
   kernel:
     screening                         : 0 #      Mu screening parameter
     isf_order                         : 16 #     Order of the Interpolating Scaling Function family
     stress_tensor                     : Yes #    Triggers the calculation of the stress tensor
   Poisson Solver GPU Enumerator:
     BACKEND                           :  4
     Attributes:
       DEVICE                          :  0
       MODEL                           :  2
     screening                         : 0 #      Mu screening parameter
     isf_order                         : 16 #     Order of the Interpolating Scaling Function family
     stress_tensor                     : Yes #    Triggers the calculation of the stress tensor
   environment:
     cavity                            : none #   Type of the cavity
     fd_order                          : 16 #     Order of the Finite-difference derivatives for the GPS solver
     itermax                           : 200 #    Maximum number of iterations of the GPS outer loop
     minres                            : 1.e-8 #  Convergence threshold of the loop
     pb_method                         : none #   Defines the method for the Poisson Boltzmann Equation
     keep_gpu_memory                   : Yes #    Do not deallocate GPU memory at each call of the (G)PS routine
     taskgroup_size                    : 0 #      Size of the taskgroups of the Poisson Solver
     global_data                       : No #     Charge density and Electrostatic potential are given by global arrays
     output                            : none #   Quantities to be plotted after the main solver routine
   kernel:
     screening                         : 0 #      Mu screening parameter
     isf_order                         : 16 #     Order of the Interpolating Scaling Function family
     screening                         : 0 #      Mu screening parameter
     isf_order                         : 16 #     Order of the Interpolating Scaling Function family
     stress_tensor                     : Yes #    Triggers the calculation of the stress tensor
   environment:
     cavity                            : none #   Type of the cavity
     fd_order                          : 16 #     Order of the Finite-difference derivatives for the GPS solver
     global_data                       : No #     Charge density and Electrostatic potential are given by global arrays
     output                            : none #   Quantities to be plotted after the main solver routine
   kernel:
     screening                         : 0 #      Mu screening parameter
     isf_order                         : 16 #     Order of the Interpolating Scaling Function family
     stress_tensor                     : Yes #    Triggers the calculation of the stress tensor
   environment:
     cavity                            : none #   Type of the cavity
     fd_order                          : 16 #     Order of the Finite-difference derivatives for the GPS solver
     itermax                           : 200 #    Maximum number of iterations of the GPS outer loop
     minres                            : 1.e-8 #  Convergence threshold of the loop
     global_data                       : No #     Charge density and Electrostatic potential are given by global arrays
     output                            : none #   Quantities to be plotted after the main solver routine
   kernel:
     screening                         : 0 #      Mu screening parameter
     taskgroup_size                    : 0 #      Size of the taskgroups of the Poisson Solver
     global_data                       : No #     Charge density and Electrostatic potential are given by global arrays
     output                            : none #   Quantities to be plotted after the main solver routine
   kernel:
     screening                         : 0 #      Mu screening parameter
     isf_order                         : 16 #     Order of the Interpolating Scaling Function family
     stress_tensor                     : Yes #    Triggers the calculation of the stress tensor
     keep_gpu_memory                   : Yes #    Do not deallocate GPU memory at each call of the (G)PS routine
     taskgroup_size                    : 0 #      Size of the taskgroups of the Poisson Solver
     global_data                       : No #     Charge density and Electrostatic potential are given by global arrays
     output                            : none #   Quantities to be plotted after the main solver routine
   kernel:
     screening                         : 0 #      Mu screening parameter
     isf_order                         : 16 #     Order of the Interpolating Scaling Function family
   MPI tasks                           :  1
   OpenMP threads per MPI task         :  28
   Poisson Solver GPU Enumerator:
     BACKEND                           :  4
     Attributes:
       DEVICE                          :  0
       MODEL                           :  2
     screening                         : 0 #      Mu screening parameter
     isf_order                         : 16 #     Order of the Interpolating Scaling Function family
     stress_tensor                     : Yes #    Triggers the calculation of the stress tensor
   environment:
     cavity                            : none #   Type of the cavity
     fd_order                          : 16 #     Order of the Finite-difference derivatives for the GPS solver
     itermax                           : 200 #    Maximum number of iterations of the GPS outer loop
     minres                            : 1.e-8 #  Convergence threshold of the loop
     pb_method                         : none #   Defines the method for the Poisson Boltzmann Equation
   MPI tasks                           :  1
   OpenMP threads per MPI task         :  28
     taskgroup_size                    : 0 #      Size of the taskgroups of the Poisson Solver
     global_data                       : No #     Charge density and Electrostatic potential are given by global arrays
     output                            : none #   Quantities to be plotted after the main solver routine
   kernel:
     screening                         : 0 #      Mu screening parameter
     isf_order                         : 16 #     Order of the Interpolating Scaling Function family
     stress_tensor                     : Yes #    Triggers the calculation of the stress tensor
     screening                         : 0 #      Mu screening parameter
     isf_order                         : 16 #     Order of the Interpolating Scaling Function family
     stress_tensor                     : Yes #    Triggers the calculation of the stress tensor
   environment:
     cavity                            : none #   Type of the cavity
     fd_order                          : 16 #     Order of the Finite-difference derivatives for the GPS solver
     output                            : none #   Quantities to be plotted after the main solver routine
   kernel:
     screening                         : 0 #      Mu screening parameter
     isf_order                         : 16 #     Order of the Interpolating Scaling Function family
     stress_tensor                     : Yes #    Triggers the calculation of the stress tensor
   environment:
     cavity                            : none #   Type of the cavity
     fd_order                          : 16 #     Order of the Finite-difference derivatives for the GPS solver
     itermax                           : 200 #    Maximum number of iterations of the GPS outer loop
     minres                            : 1.e-8 #  Convergence threshold of the loop
     pb_method                         : none #   Defines the method for the Poisson Boltzmann Equation
     taskgroup_size                    : 0 #      Size of the taskgroups of the Poisson Solver
     global_data                       : No #     Charge density and Electrostatic potential are given by global arrays
     output                            : none #   Quantities to be plotted after the main solver routine
   kernel:
     screening                         : 0 #      Mu screening parameter
     isf_order                         : 16 #     Order of the Interpolating Scaling Function family
     stress_tensor                     : Yes #    Triggers the calculation of the stress tensor
   environment:
     cavity                            : none #   Type of the cavity
     fd_order                          : 16 #     Order of the Finite-difference derivatives for the GPS solver
   kernel:
     screening                         : 0 #      Mu screening parameter
     isf_order                         : 16 #     Order of the Interpolating Scaling Function family
     stress_tensor                     : Yes #    Triggers the calculation of the stress tensor
   environment:
     cavity                            : none #   Type of the cavity
     fd_order                          : 16 #     Order of the Finite-difference derivatives for the GPS solver
     itermax                           : 200 #    Maximum number of iterations of the GPS outer loop
     minres                            : 1.e-8 #  Convergence threshold of the loop
     pb_method                         : none #   Defines the method for the Poisson Boltzmann Equation
     keep_gpu_memory                   : Yes #    Do not deallocate GPU memory at each call of the (G)PS routine
     taskgroup_size                    : 0 #      Size of the taskgroups of the Poisson Solver
     global_data                       : No #     Charge density and Electrostatic potential are given by global arrays
     output                            : none #   Quantities to be plotted after the main solver routine
   kernel:
     screening                         : 0 #      Mu screening parameter
     isf_order                         : 16 #     Order of the Interpolating Scaling Function family
     stress_tensor                     : Yes #    Triggers the calculation of the stress tensor
   environment:
     cavity                            : none #   Type of the cavity
   MPI tasks                           :  1
   OpenMP threads per MPI task         :  28
   Poisson Solver GPU Enumerator:
     BACKEND                           :  4
     Attributes:
       DEVICE                          :  0
       MODEL                           :  2
     screening                         : 0 #      Mu screening parameter
     isf_order                         : 16 #     Order of the Interpolating Scaling Function family
     stress_tensor                     : Yes #    Triggers the calculation of the stress tensor
   environment:
     cavity                            : none #   Type of the cavity
     fd_order                          : 16 #     Order of the Finite-difference derivatives for the GPS solver
     itermax                           : 200 #    Maximum number of iterations of the GPS outer loop
     minres                            : 1.e-8 #  Convergence threshold of the loop
     pb_method                         : none #   Defines the method for the Poisson Boltzmann Equation
     taskgroup_size                    : 0 #      Size of the taskgroups of the Poisson Solver
     global_data                       : No #     Charge density and Electrostatic potential are given by global arrays
     output                            : none #   Quantities to be plotted after the main solver routine
   kernel:
     screening                         : 0 #      Mu screening parameter
     isf_order                         : 16 #     Order of the Interpolating Scaling Function family
     stress_tensor                     : Yes #    Triggers the calculation of the stress tensor
   environment:
     isf_order                         : 16 #     Order of the Interpolating Scaling Function family
     stress_tensor                     : Yes #    Triggers the calculation of the stress tensor
     isf_order                         : 16 #     Order of the Interpolating Scaling Function family
     stress_tensor                     : Yes #    Triggers the calculation of the stress tensor
   environment:
     cavity                            : none #   Type of the cavity
     fd_order                          : 16 #     Order of the Finite-difference derivatives for the GPS solver
     itermax                           : 200 #    Maximum number of iterations of the GPS outer loop
     minres                            : 1.e-8 #  Convergence threshold of the loop
     pb_method                         : none #   Defines the method for the Poisson Boltzmann Equation
   MPI tasks                           :  1
   OpenMP threads per MPI task         :  28
   Poisson Solver GPU Enumerator:
     BACKEND                           :  4
     taskgroup_size                    : 0 #      Size of the taskgroups of the Poisson Solver
     global_data                       : No #     Charge density and Electrostatic potential are given by global arrays
     output                            : none #   Quantities to be plotted after the main solver routine
   kernel:
     screening                         : 0 #      Mu screening parameter
     isf_order                         : 16 #     Order of the Interpolating Scaling Function family
     stress_tensor                     : Yes #    Triggers the calculation of the stress tensor
   environment:
     cavity                            : none #   Type of the cavity
     fd_order                          : 16 #     Order of the Finite-difference derivatives for the GPS solver
     global_data                       : No #     Charge density and Electrostatic potential are given by global arrays
     output                            : none #   Quantities to be plotted after the main solver routine
   kernel:
     screening                         : 0 #      Mu screening parameter
     isf_order                         : 16 #     Order of the Interpolating Scaling Function family
     stress_tensor                     : Yes #    Triggers the calculation of the stress tensor
   environment:
     cavity                            : none #   Type of the cavity
     fd_order                          : 16 #     Order of the Finite-difference derivatives for the GPS solver
     taskgroup_size                    : 0 #      Size of the taskgroups of the Poisson Solver
     global_data                       : No #     Charge density and Electrostatic potential are given by global arrays
     output                            : none #   Quantities to be plotted after the main solver routine
   kernel:
     screening                         : 0 #      Mu screening parameter
     isf_order                         : 16 #     Order of the Interpolating Scaling Function family
     stress_tensor                     : Yes #    Triggers the calculation of the stress tensor
   environment:
     cavity                            : none #   Type of the cavity
     output                            : none #   Quantities to be plotted after the main solver routine
   kernel:
     screening                         : 0 #      Mu screening parameter
     isf_order                         : 16 #     Order of the Interpolating Scaling Function family
     stress_tensor                     : Yes #    Triggers the calculation of the stress tensor
   environment:
     screening                         : 0 #      Mu screening parameter
     isf_order                         : 16 #     Order of the Interpolating Scaling Function family
     stress_tensor                     : Yes #    Triggers the calculation of the stress tensor
   environment:
     cavity                            : none #   Type of the cavity
     fd_order                          : 16 #     Order of the Finite-difference derivatives for the GPS solver
     itermax                           : 200 #    Maximum number of iterations of the GPS outer loop
     minres                            : 1.e-8 #  Convergence threshold of the loop
     pb_method                         : none #   Defines the method for the Poisson Boltzmann Equation
     taskgroup_size                    : 0 #      Size of the taskgroups of the Poisson Solver
     global_data                       : No #     Charge density and Electrostatic potential are given by global arrays
     output                            : none #   Quantities to be plotted after the main solver routine
   kernel:
     screening                         : 0 #      Mu screening parameter
     isf_order                         : 16 #     Order of the Interpolating Scaling Function family
     stress_tensor                     : Yes #    Triggers the calculation of the stress tensor
   environment:
     stress_tensor                     : Yes #    Triggers the calculation of the stress tensor
   environment:
     cavity                            : none #   Type of the cavity
     fd_order                          : 16 #     Order of the Finite-difference derivatives for the GPS solver
     itermax                           : 200 #    Maximum number of iterations of the GPS outer loop
     minres                            : 1.e-8 #  Convergence threshold of the loop
     pb_method                         : none #   Defines the method for the Poisson Boltzmann Equation
   MPI tasks                           :  1
   OpenMP threads per MPI task         :  28
   Poisson Solver GPU Enumerator:
     BACKEND                           :  4
     Attributes:
       DEVICE                          :  0
       MODEL                           :  2
   kernel:
     screening                         : 0 #      Mu screening parameter
     output                            : none #   Quantities to be plotted after the main solver routine
   kernel:
     screening                         : 0 #      Mu screening parameter
     isf_order                         : 16 #     Order of the Interpolating Scaling Function family
     stress_tensor                     : Yes #    Triggers the calculation of the stress tensor
   environment:
     cavity                            : none #   Type of the cavity
     fd_order                          : 16 #     Order of the Finite-difference derivatives for the GPS solver
     itermax                           : 200 #    Maximum number of iterations of the GPS outer loop
     screening                         : 0 #      Mu screening parameter
     isf_order                         : 16 #     Order of the Interpolating Scaling Function family
     stress_tensor                     : Yes #    Triggers the calculation of the stress tensor
   environment:
     cavity                            : none #   Type of the cavity
     fd_order                          : 16 #     Order of the Finite-difference derivatives for the GPS solver
     itermax                           : 200 #    Maximum number of iterations of the GPS outer loop
     minres                            : 1.e-8 #  Convergence threshold of the loop
     pb_method                         : none #   Defines the method for the Poisson Boltzmann Equation
     isf_order                         : 16 #     Order of the Interpolating Scaling Function family
     stress_tensor                     : Yes #    Triggers the calculation of the stress tensor
   environment:
     cavity                            : none #   Type of the cavity
     fd_order                          : 16 #     Order of the Finite-difference derivatives for the GPS solver
     itermax                           : 200 #    Maximum number of iterations of the GPS outer loop
     minres                            : 1.e-8 #  Convergence threshold of the loop
     cavity                            : none #   Type of the cavity
     fd_order                          : 16 #     Order of the Finite-difference derivatives for the GPS solver
     isf_order                         : 16 #     Order of the Interpolating Scaling Function family
     stress_tensor                     : Yes #    Triggers the calculation of the stress tensor
   environment:
     cavity                            : none #   Type of the cavity
     fd_order                          : 16 #     Order of the Finite-difference derivatives for the GPS solver
     itermax                           : 200 #    Maximum number of iterations of the GPS outer loop
     minres                            : 1.e-8 #  Convergence threshold of the loop
     pb_method                         : none #   Defines the method for the Poisson Boltzmann Equation
   MPI tasks                           :  1
   kernel:
     screening                         : 0 #      Mu screening parameter
     isf_order                         : 16 #     Order of the Interpolating Scaling Function family
     stress_tensor                     : Yes #    Triggers the calculation of the stress tensor
   environment:
     fd_order                          : 16 #     Order of the Finite-difference derivatives for the GPS solver
     itermax                           : 200 #    Maximum number of iterations of the GPS outer loop
     minres                            : 1.e-8 #  Convergence threshold of the loop
     pb_method                         : none #   Defines the method for the Poisson Boltzmann Equation
   MPI tasks                           :  1
   OpenMP threads per MPI task         :  28
   Poisson Solver GPU Enumerator:
     BACKEND                           :  4
     Attributes:
       DEVICE                          :  0
       MODEL                           :  2
     fd_order                          : 16 #     Order of the Finite-difference derivatives for the GPS solver
     itermax                           : 200 #    Maximum number of iterations of the GPS outer loop
     minres                            : 1.e-8 #  Convergence threshold of the loop
     pb_method                         : none #   Defines the method for the Poisson Boltzmann Equation
   MPI tasks                           :  1
   OpenMP threads per MPI task         :  28
   Poisson Solver GPU Enumerator:
   kernel:
     screening                         : 0 #      Mu screening parameter
     isf_order                         : 16 #     Order of the Interpolating Scaling Function family
     stress_tensor                     : Yes #    Triggers the calculation of the stress tensor
   environment:
     cavity                            : none #   Type of the cavity
     fd_order                          : 16 #     Order of the Finite-difference derivatives for the GPS solver
     itermax                           : 200 #    Maximum number of iterations of the GPS outer loop
     minres                            : 1.e-8 #  Convergence threshold of the loop
     cavity                            : none #   Type of the cavity
     fd_order                          : 16 #     Order of the Finite-difference derivatives for the GPS solver
     itermax                           : 200 #    Maximum number of iterations of the GPS outer loop
     minres                            : 1.e-8 #  Convergence threshold of the loop
     pb_method                         : none #   Defines the method for the Poisson Boltzmann Equation
   MPI tasks                           :  1
   OpenMP threads per MPI task         :  28
     minres                            : 1.e-8 #  Convergence threshold of the loop
     pb_method                         : none #   Defines the method for the Poisson Boltzmann Equation
   MPI tasks                           :  1
   OpenMP threads per MPI task         :  28
   Poisson Solver GPU Enumerator:
     BACKEND                           :  4
     Attributes:
       DEVICE                          :  0
     itermax                           : 200 #    Maximum number of iterations of the GPS outer loop
     minres                            : 1.e-8 #  Convergence threshold of the loop
     pb_method                         : none #   Defines the method for the Poisson Boltzmann Equation
   MPI tasks                           :  1
   OpenMP threads per MPI task         :  28
     itermax                           : 200 #    Maximum number of iterations of the GPS outer loop
     minres                            : 1.e-8 #  Convergence threshold of the loop
     pb_method                         : none #   Defines the method for the Poisson Boltzmann Equation
   MPI tasks                           :  1
   OpenMP threads per MPI task         :  28
     isf_order                         : 16 #     Order of the Interpolating Scaling Function family
     stress_tensor                     : Yes #    Triggers the calculation of the stress tensor
   environment:
     cavity                            : none #   Type of the cavity
     fd_order                          : 16 #     Order of the Finite-difference derivatives for the GPS solver
     itermax                           : 200 #    Maximum number of iterations of the GPS outer loop
     minres                            : 1.e-8 #  Convergence threshold of the loop
     pb_method                         : none #   Defines the method for the Poisson Boltzmann Equation
   MPI tasks                           :  1
   OpenMP threads per MPI task         :  28
   Poisson Solver GPU Enumerator:
     BACKEND                           :  4
     Attributes:
       DEVICE                          :  0
       MODEL                           :  2
     minres                            : 1.e-8 #  Convergence threshold of the loop
     pb_method                         : none #   Defines the method for the Poisson Boltzmann Equation
   MPI tasks                           :  1
   OpenMP threads per MPI task         :  28
   Poisson Solver GPU Enumerator:
     BACKEND                           :  4
     Attributes:
       DEVICE                          :  0
       MODEL                           :  2
     cavity                            : none #   Type of the cavity
     fd_order                          : 16 #     Order of the Finite-difference derivatives for the GPS solver
     itermax                           : 200 #    Maximum number of iterations of the GPS outer loop
     minres                            : 1.e-8 #  Convergence threshold of the loop
     fd_order                          : 16 #     Order of the Finite-difference derivatives for the GPS solver
     itermax                           : 200 #    Maximum number of iterations of the GPS outer loop
     minres                            : 1.e-8 #  Convergence threshold of the loop
     pb_method                         : none #   Defines the method for the Poisson Boltzmann Equation
   MPI tasks                           :  1
   OpenMP threads per MPI task         :  28
   Poisson Solver GPU Enumerator:
     minres                            : 1.e-8 #  Convergence threshold of the loop
     pb_method                         : none #   Defines the method for the Poisson Boltzmann Equation
   MPI tasks                           :  1
   OpenMP threads per MPI task         :  28
   Poisson Solver GPU Enumerator:
     BACKEND                           :  4
     Attributes:
   Poisson Solver GPU Enumerator:
     BACKEND                           :  4
     Attributes:
       DEVICE                          :  0
       MODEL                           :  2
     pb_method                         : none #   Defines the method for the Poisson Boltzmann Equation
   MPI tasks                           :  1
   OpenMP threads per MPI task         :  28
   Poisson Solver GPU Enumerator:
     isf_order                         : 16 #     Order of the Interpolating Scaling Function family
     stress_tensor                     : Yes #    Triggers the calculation of the stress tensor
   environment:
     cavity                            : none #   Type of the cavity
     fd_order                          : 16 #     Order of the Finite-difference derivatives for the GPS solver
     minres                            : 1.e-8 #  Convergence threshold of the loop
     pb_method                         : none #   Defines the method for the Poisson Boltzmann Equation
   MPI tasks                           :  1
   OpenMP threads per MPI task         :  28
   Poisson Solver GPU Enumerator:
     BACKEND                           :  4
     Attributes:
       DEVICE                          :  0
       MODEL                           :  2
     itermax                           : 200 #    Maximum number of iterations of the GPS outer loop
     minres                            : 1.e-8 #  Convergence threshold of the loop
     pb_method                         : none #   Defines the method for the Poisson Boltzmann Equation
   MPI tasks                           :  1
   OpenMP threads per MPI task         :  28
   Poisson Solver GPU Enumerator:
     BACKEND                           :  4
     Attributes:
       DEVICE                          :  0
     itermax                           : 200 #    Maximum number of iterations of the GPS outer loop
     minres                            : 1.e-8 #  Convergence threshold of the loop
     pb_method                         : none #   Defines the method for the Poisson Boltzmann Equation
   MPI tasks                           :  1
     fd_order                          : 16 #     Order of the Finite-difference derivatives for the GPS solver
     itermax                           : 200 #    Maximum number of iterations of the GPS outer loop
     minres                            : 1.e-8 #  Convergence threshold of the loop
     pb_method                         : none #   Defines the method for the Poisson Boltzmann Equation
   MPI tasks                           :  1
   OpenMP threads per MPI task         :  28
   Poisson Solver GPU Enumerator:
     BACKEND                           :  4
     Attributes:
   environment:
     cavity                            : none #   Type of the cavity
     fd_order                          : 16 #     Order of the Finite-difference derivatives for the GPS solver
     itermax                           : 200 #    Maximum number of iterations of the GPS outer loop
     minres                            : 1.e-8 #  Convergence threshold of the loop
     pb_method                         : none #   Defines the method for the Poisson Boltzmann Equation
     output                            : none #   Quantities to be plotted after the main solver routine
   kernel:
     screening                         : 0 #      Mu screening parameter
     isf_order                         : 16 #     Order of the Interpolating Scaling Function family
     stress_tensor                     : Yes #    Triggers the calculation of the stress tensor
     isf_order                         : 16 #     Order of the Interpolating Scaling Function family
     stress_tensor                     : Yes #    Triggers the calculation of the stress tensor
   environment:
     cavity                            : none #   Type of the cavity
     fd_order                          : 16 #     Order of the Finite-difference derivatives for the GPS solver
     minres                            : 1.e-8 #  Convergence threshold of the loop
     pb_method                         : none #   Defines the method for the Poisson Boltzmann Equation
   MPI tasks                           :  1
   OpenMP threads per MPI task         :  28
   Poisson Solver GPU Enumerator:
     BACKEND                           :  4
     Attributes:
       DEVICE                          :  0
       MODEL                           :  2
     minres                            : 1.e-8 #  Convergence threshold of the loop
     pb_method                         : none #   Defines the method for the Poisson Boltzmann Equation
   MPI tasks                           :  1
   OpenMP threads per MPI task         :  28
   Poisson Solver GPU Enumerator:
     BACKEND                           :  4
     Attributes:
       DEVICE                          :  0
       MODEL                           :  2
     fd_order                          : 16 #     Order of the Finite-difference derivatives for the GPS solver
     itermax                           : 200 #    Maximum number of iterations of the GPS outer loop
     minres                            : 1.e-8 #  Convergence threshold of the loop
     pb_method                         : none #   Defines the method for the Poisson Boltzmann Equation
     fd_order                          : 16 #     Order of the Finite-difference derivatives for the GPS solver
     itermax                           : 200 #    Maximum number of iterations of the GPS outer loop
     minres                            : 1.e-8 #  Convergence threshold of the loop
     pb_method                         : none #   Defines the method for the Poisson Boltzmann Equation
   MPI tasks                           :  1
   OpenMP threads per MPI task         :  28
   Poisson Solver GPU Enumerator:
     BACKEND                           :  4
     Attributes:
       DEVICE                          :  0
       MODEL                           :  2
     stress_tensor                     : Yes #    Triggers the calculation of the stress tensor
   environment:
     cavity                            : none #   Type of the cavity
     fd_order                          : 16 #     Order of the Finite-difference derivatives for the GPS solver
     itermax                           : 200 #    Maximum number of iterations of the GPS outer loop
     minres                            : 1.e-8 #  Convergence threshold of the loop
   MPI tasks                           :  1
   OpenMP threads per MPI task         :  28
   Poisson Solver GPU Enumerator:
     BACKEND                           :  4
     Attributes:
     stress_tensor                     : Yes #    Triggers the calculation of the stress tensor
   environment:
     cavity                            : none #   Type of the cavity
     fd_order                          : 16 #     Order of the Finite-difference derivatives for the GPS solver
     itermax                           : 200 #    Maximum number of iterations of the GPS outer loop
     itermax                           : 200 #    Maximum number of iterations of the GPS outer loop
     minres                            : 1.e-8 #  Convergence threshold of the loop
     pb_method                         : none #   Defines the method for the Poisson Boltzmann Equation
   MPI tasks                           :  1
   OpenMP threads per MPI task         :  28
   Poisson Solver GPU Enumerator:
     BACKEND                           :  4
     Attributes:
       DEVICE                          :  0
       MODEL                           :  2
     pb_method                         : none #   Defines the method for the Poisson Boltzmann Equation
   MPI tasks                           :  1
   OpenMP threads per MPI task         :  28
   Poisson Solver GPU Enumerator:
     BACKEND                           :  4
     Attributes:
       DEVICE                          :  0
       MODEL                           :  2
     isf_order                         : 16 #     Order of the Interpolating Scaling Function family
     stress_tensor                     : Yes #    Triggers the calculation of the stress tensor
   environment:
     cavity                            : none #   Type of the cavity
   environment:
     cavity                            : none #   Type of the cavity
     fd_order                          : 16 #     Order of the Finite-difference derivatives for the GPS solver
     itermax                           : 200 #    Maximum number of iterations of the GPS outer loop
     minres                            : 1.e-8 #  Convergence threshold of the loop
     pb_method                         : none #   Defines the method for the Poisson Boltzmann Equation
   MPI tasks                           :  1
   OpenMP threads per MPI task         :  28
     fd_order                          : 16 #     Order of the Finite-difference derivatives for the GPS solver
     itermax                           : 200 #    Maximum number of iterations of the GPS outer loop
     minres                            : 1.e-8 #  Convergence threshold of the loop
   MPI tasks                           :  1
   OpenMP threads per MPI task         :  28
   Poisson Solver GPU Enumerator:
   environment:
     cavity                            : none #   Type of the cavity
     fd_order                          : 16 #     Order of the Finite-difference derivatives for the GPS solver
     itermax                           : 200 #    Maximum number of iterations of the GPS outer loop
     minres                            : 1.e-8 #  Convergence threshold of the loop
     itermax                           : 200 #    Maximum number of iterations of the GPS outer loop
     minres                            : 1.e-8 #  Convergence threshold of the loop
     pb_method                         : none #   Defines the method for the Poisson Boltzmann Equation
   MPI tasks                           :  1
   OpenMP threads per MPI task         :  28
   Poisson Solver GPU Enumerator:
     BACKEND                           :  4
     Attributes:
       DEVICE                          :  0
       MODEL                           :  2
   MPI tasks                           :  1
   OpenMP threads per MPI task         :  28
   Poisson Solver GPU Enumerator:
     BACKEND                           :  4
     Attributes:
       DEVICE                          :  0
       MODEL                           :  2
     itermax                           : 200 #    Maximum number of iterations of the GPS outer loop
     minres                            : 1.e-8 #  Convergence threshold of the loop
     pb_method                         : none #   Defines the method for the Poisson Boltzmann Equation
   MPI tasks                           :  1
   OpenMP threads per MPI task         :  28
   Poisson Solver GPU Enumerator:
     BACKEND                           :  4
     Attributes:
       DEVICE                          :  0
       MODEL                           :  2
     fd_order                          : 16 #     Order of the Finite-difference derivatives for the GPS solver
     itermax                           : 200 #    Maximum number of iterations of the GPS outer loop
     minres                            : 1.e-8 #  Convergence threshold of the loop
     pb_method                         : none #   Defines the method for the Poisson Boltzmann Equation
   MPI tasks                           :  1
   OpenMP threads per MPI task         :  28
   MPI tasks                           :  1
   OpenMP threads per MPI task         :  28
   Poisson Solver GPU Enumerator:
     BACKEND                           :  4
     Attributes:
       DEVICE                          :  0
       MODEL                           :  2
     cavity                            : none #   Type of the cavity
     fd_order                          : 16 #     Order of the Finite-difference derivatives for the GPS solver
     itermax                           : 200 #    Maximum number of iterations of the GPS outer loop
     minres                            : 1.e-8 #  Convergence threshold of the loop
   environment:
     cavity                            : none #   Type of the cavity
     fd_order                          : 16 #     Order of the Finite-difference derivatives for the GPS solver
     itermax                           : 200 #    Maximum number of iterations of the GPS outer loop
     minres                            : 1.e-8 #  Convergence threshold of the loop
     Attributes:
       DEVICE                          :  0
       MODEL                           :  2
     itermax                           : 200 #    Maximum number of iterations of the GPS outer loop
     minres                            : 1.e-8 #  Convergence threshold of the loop
     pb_method                         : none #   Defines the method for the Poisson Boltzmann Equation
   MPI tasks                           :  1
   OpenMP threads per MPI task         :  28
     itermax                           : 200 #    Maximum number of iterations of the GPS outer loop
     minres                            : 1.e-8 #  Convergence threshold of the loop
     pb_method                         : none #   Defines the method for the Poisson Boltzmann Equation
   MPI tasks                           :  1
   OpenMP threads per MPI task         :  28
   Poisson Solver GPU Enumerator:
     BACKEND                           :  4
     Attributes:
       DEVICE                          :  0
     pb_method                         : none #   Defines the method for the Poisson Boltzmann Equation
   MPI tasks                           :  1
   OpenMP threads per MPI task         :  28
   Poisson Solver GPU Enumerator:
     BACKEND                           :  4
     Attributes:
       DEVICE                          :  0
       MODEL                           :  2
   OpenMP threads per MPI task         :  28
   Poisson Solver GPU Enumerator:
     BACKEND                           :  4
     Attributes:
       DEVICE                          :  0
       MODEL                           :  2
     cavity                            : none #   Type of the cavity
     fd_order                          : 16 #     Order of the Finite-difference derivatives for the GPS solver
     itermax                           : 200 #    Maximum number of iterations of the GPS outer loop
     minres                            : 1.e-8 #  Convergence threshold of the loop
     pb_method                         : none #   Defines the method for the Poisson Boltzmann Equation
     isf_order                         : 16 #     Order of the Interpolating Scaling Function family
     stress_tensor                     : Yes #    Triggers the calculation of the stress tensor
   environment:
     cavity                            : none #   Type of the cavity
     minres                            : 1.e-8 #  Convergence threshold of the loop
     pb_method                         : none #   Defines the method for the Poisson Boltzmann Equation
   MPI tasks                           :  1
   MPI tasks                           :  1
   OpenMP threads per MPI task         :  28
   Poisson Solver GPU Enumerator:
     BACKEND                           :  4
     Attributes:
       DEVICE                          :  0
       MODEL                           :  2
       MODEL                           :  2
   Poisson Solver GPU Enumerator:
     BACKEND                           :  4
     Attributes:
       DEVICE                          :  0
       MODEL                           :  2
     cavity                            : none #   Type of the cavity
     fd_order                          : 16 #     Order of the Finite-difference derivatives for the GPS solver
     itermax                           : 200 #    Maximum number of iterations of the GPS outer loop
     minres                            : 1.e-8 #  Convergence threshold of the loop
   MPI tasks                           :  1
   OpenMP threads per MPI task         :  28
     BACKEND                           :  4
     Attributes:
       DEVICE                          :  0
       MODEL                           :  2
     pb_method                         : none #   Defines the method for the Poisson Boltzmann Equation
   MPI tasks                           :  1
   OpenMP threads per MPI task         :  28
   Poisson Solver GPU Enumerator:
     BACKEND                           :  4
     Attributes:
       DEVICE                          :  0
       MODEL                           :  2
       DEVICE                          :  0
       MODEL                           :  2
     BACKEND                           :  4
     Attributes:
       DEVICE                          :  0
       MODEL                           :  2
     itermax                           : 200 #    Maximum number of iterations of the GPS outer loop
     minres                            : 1.e-8 #  Convergence threshold of the loop
     pb_method                         : none #   Defines the method for the Poisson Boltzmann Equation
   Poisson Solver GPU Enumerator:
       MODEL                           :  2
     pb_method                         : none #   Defines the method for the Poisson Boltzmann Equation
   MPI tasks                           :  1
   OpenMP threads per MPI task         :  28
     BACKEND                           :  4
     Attributes:
       DEVICE                          :  0
       MODEL                           :  2
     pb_method                         : none #   Defines the method for the Poisson Boltzmann Equation
   MPI tasks                           :  1
   OpenMP threads per MPI task         :  28
   Poisson Solver GPU Enumerator:
     BACKEND                           :  4
     Attributes:
       DEVICE                          :  0
       MODEL                           :  2
   environment:
     cavity                            : none #   Type of the cavity
     fd_order                          : 16 #     Order of the Finite-difference derivatives for the GPS solver
     itermax                           : 200 #    Maximum number of iterations of the GPS outer loop
     minres                            : 1.e-8 #  Convergence threshold of the loop
     pb_method                         : none #   Defines the method for the Poisson Boltzmann Equation
     BACKEND                           :  4
     Attributes:
       DEVICE                          :  0
       MODEL                           :  2
     fd_order                          : 16 #     Order of the Finite-difference derivatives for the GPS solver
   OpenMP threads per MPI task         :  28
   Poisson Solver GPU Enumerator:
     BACKEND                           :  4
     Attributes:
       DEVICE                          :  0
       MODEL                           :  2
       DEVICE                          :  0
       MODEL                           :  2
   MPI tasks                           :  1
   OpenMP threads per MPI task         :  28
   Poisson Solver GPU Enumerator:
     BACKEND                           :  4
     Attributes:
       DEVICE                          :  0
       MODEL                           :  2
       DEVICE                          :  0
       MODEL                           :  2
     itermax                           : 200 #    Maximum number of iterations of the GPS outer loop
     minres                            : 1.e-8 #  Convergence threshold of the loop
     pb_method                         : none #   Defines the method for the Poisson Boltzmann Equation
   MPI tasks                           :  1
   OpenMP threads per MPI task         :  28
     itermax                           : 200 #    Maximum number of iterations of the GPS outer loop
   MPI tasks                           :  1
   OpenMP threads per MPI task         :  28
   Poisson Solver GPU Enumerator:
     BACKEND                           :  4
     Attributes:
       DEVICE                          :  0
       MODEL                           :  2
     pb_method                         : none #   Defines the method for the Poisson Boltzmann Equation
   MPI tasks                           :  1
   OpenMP threads per MPI task         :  28
   Poisson Solver GPU Enumerator:
     BACKEND                           :  4
     Attributes:
   Poisson Solver GPU Enumerator:
     BACKEND                           :  4
     Attributes:
       DEVICE                          :  0
       MODEL                           :  2
     minres                            : 1.e-8 #  Convergence threshold of the loop
     pb_method                         : none #   Defines the method for the Poisson Boltzmann Equation
   MPI tasks                           :  1
     minres                            : 1.e-8 #  Convergence threshold of the loop
     fd_order                          : 16 #     Order of the Finite-difference derivatives for the GPS solver
     itermax                           : 200 #    Maximum number of iterations of the GPS outer loop
     minres                            : 1.e-8 #  Convergence threshold of the loop
     pb_method                         : none #   Defines the method for the Poisson Boltzmann Equation
       MODEL                           :  2
     pb_method                         : none #   Defines the method for the Poisson Boltzmann Equation
   MPI tasks                           :  1
   OpenMP threads per MPI task         :  28
   Poisson Solver GPU Enumerator:
     BACKEND                           :  4
     Attributes:
       DEVICE                          :  0
     BACKEND                           :  4
     Attributes:
       DEVICE                          :  0
       MODEL                           :  2
     pb_method                         : none #   Defines the method for the Poisson Boltzmann Equation
   MPI tasks                           :  1
   OpenMP threads per MPI task         :  28
     pb_method                         : none #   Defines the method for the Poisson Boltzmann Equation
   MPI tasks                           :  1
   OpenMP threads per MPI task         :  28
   Poisson Solver GPU Enumerator:
     BACKEND                           :  4
     Attributes:
       DEVICE                          :  0
       MODEL                           :  2
     itermax                           : 200 #    Maximum number of iterations of the GPS outer loop
     pb_method                         : none #   Defines the method for the Poisson Boltzmann Equation
   MPI tasks                           :  1
   OpenMP threads per MPI task         :  28
   MPI tasks                           :  1
   OpenMP threads per MPI task         :  28
   OpenMP threads per MPI task         :  28
       DEVICE                          :  0
       MODEL                           :  2
     minres                            : 1.e-8 #  Convergence threshold of the loop
     pb_method                         : none #   Defines the method for the Poisson Boltzmann Equation
   MPI tasks                           :  1
   OpenMP threads per MPI task         :  28
   Poisson Solver GPU Enumerator:
     BACKEND                           :  4
   Poisson Solver GPU Enumerator:
     BACKEND                           :  4
     Attributes:
   Poisson Solver GPU Enumerator:
     BACKEND                           :  4
     Attributes:
       MODEL                           :  2
     pb_method                         : none #   Defines the method for the Poisson Boltzmann Equation
     pb_method                         : none #   Defines the method for the Poisson Boltzmann Equation
   MPI tasks                           :  1
   OpenMP threads per MPI task         :  28
   Poisson Solver GPU Enumerator:
     BACKEND                           :  4
     Attributes:
       DEVICE                          :  0
       DEVICE                          :  0
       MODEL                           :  2
   MPI tasks                           :  1
   OpenMP threads per MPI task         :  28
   MPI tasks                           :  1
   OpenMP threads per MPI task         :  28
   MPI tasks                           :  1
   OpenMP threads per MPI task         :  28
   Poisson Solver GPU Enumerator:
     BACKEND                           :  4
     Attributes:
   Poisson Solver GPU Enumerator:
     BACKEND                           :  4
     Attributes:
       DEVICE                          :  0
       MODEL                           :  2
   Poisson Solver GPU Enumerator:
     BACKEND                           :  4
     Attributes:
   MPI tasks                           :  1
   OpenMP threads per MPI task         :  28
   Poisson Solver GPU Enumerator:
     BACKEND                           :  4
     Attributes:
       DEVICE                          :  0
   Poisson Solver GPU Enumerator:
     BACKEND                           :  4
     Attributes:
       DEVICE                          :  0
       MODEL                           :  2
       DEVICE                          :  0
       MODEL                           :  2
   Poisson Solver GPU Enumerator:
     BACKEND                           :  4
     Attributes:
       DEVICE                          :  0
       MODEL                           :  2
       DEVICE                          :  0
       MODEL                           :  2
   OpenMP threads per MPI task         :  28
   Poisson Solver GPU Enumerator:
     BACKEND                           :  4
     Attributes:
       DEVICE                          :  0
       MODEL                           :  2
   Poisson Solver GPU Enumerator:
     BACKEND                           :  4
     Attributes:
       DEVICE                          :  0
       MODEL                           :  2
   Poisson Solver GPU Enumerator:
     BACKEND                           :  4
     Attributes:
       DEVICE                          :  0
       MODEL                           :  2
   Poisson Solver GPU Enumerator:
     BACKEND                           :  4
     Attributes:
       DEVICE                          :  0
       MODEL                           :  2
     Attributes:
       DEVICE                          :  0
       MODEL                           :  2
   Poisson Solver GPU Enumerator:
     BACKEND                           :  4
     Attributes:
       DEVICE                          :  0
       MODEL                           :  2
       MODEL                           :  2
   Poisson Solver GPU Enumerator:
     BACKEND                           :  4
     Attributes:
       DEVICE                          :  0
       MODEL                           :  2
       DEVICE                          :  0
       MODEL                           :  2
       MODEL                           :  2
   Poisson Solver GPU Enumerator:
     BACKEND                           :  4
     Attributes:
       DEVICE                          :  0
       MODEL                           :  2
  #------------------------------------------------------------------- Kernel Initialization
 Poisson Kernel Initialization:
    #---------------------------------------------------------------------- Input parameters
   setup:
     accel                   : ONEMATH #          Material Acceleration
     use_gpu_direct          : Yes #              Force (or not) the usage of GPUdirect communication, if available
     verbose                 : Yes #              Verbosity switch
     keep_gpu_memory         : Yes #              Do not deallocate GPU memory at each call of the (G)PS routine
     taskgroup_size          : 0 #                Size of the taskgroups of the Poisson Solver
     global_data             : No #               Charge density and Electrostatic potential are given by global arrays
     output                  : none #             Quantities to be plotted after the main solver routine
   kernel:
     screening               : 0 #                Mu screening parameter
     isf_order               : 16 #               Order of the Interpolating Scaling Function family
     stress_tensor           : Yes #              Triggers the calculation of the stress tensor
   environment:
     cavity                  : none #             Type of the cavity
     fd_order                : 16 #               Order of the Finite-difference derivatives for the GPS solver
     itermax                 : 200 #              Maximum number of iterations of the GPS outer loop
     minres                  : 1.e-8 #            Convergence threshold of the loop
     pb_method               : none #             Defines the method for the Poisson Boltzmann Equation
   MPI tasks                 :  1
   OpenMP threads per MPI task:  28
   Poisson Solver GPU Enumerator:
     BACKEND                 :  4
     Attributes:
       DEVICE                :  0
       MODEL                 :  2
 Poisson Kernel Creation:
   Boundary Conditions       : Free
   Memory Requirements per MPI task:
     Density (MB)            :  194.66
     Kernel (MB)             :  196.66
     Full Grid Arrays (MB)   :  181.94
   Kernel Copied on GPU      :  Yes
 Orbital repartition:
 -  [ 15,  15,  15,  15,  15,  15,  15,  15,  15,  15,  15,  15,  15,  14,  14,  14,  14, 
      14,  14,  14,  14,  14,  14,  14,  14,  14,  14,  14,  14,  14,  14,  14,  14,  14, 
      14,  14,  14,  14,  14,  14,  14,  14,  14,  14,  14,  14,  14,  14,  14,  14,  14, 
      14,  14,  14,  14,  14,  14,  14,  14,  14,  14,  14,  14,  14]
  #Exact exchange calculation:2%; Time (s): Elapsed=4.6006, Remaining=2.25E+02
  #Exact exchange calculation:5%; Time (s): Elapsed=12.8867, Remaining=2.45E+02
  #Exact exchange calculation:8%; Time (s): Elapsed=21.2384, Remaining=2.44E+02
  #Exact exchange calculation:11%; Time (s): Elapsed=31.5471, Remaining=2.55E+02
[1764236303.717365988] compute23:rank50.Fock: reg_mr failed: 0xff000005bd000000:0xff000005ccffffff (len 0x10000000) access 0x90000003 id 29 base 0xff0000056d000000: Cannot allocate memory
[1764236303.891075874] compute23:rank50.Fock: reg_mr failed 10 times in a row.
[1764236304.120420311] compute21:rank34.Fock: reg_mr failed: 0xff000005ad000000:0xff000005bcffffff (len 0x10000000) access 0x90000003 id 29 base 0xff0000056d000000: Cannot allocate memory
[1764236304.340086256] compute21:rank34.Fock: reg_mr failed 10 times in a row.
[1764236304.551965623] compute23:rank50.Fock: reg_mr failed: 0xff000003fd200000:0xff0000040d1fffff (len 0x10000000) access 0x90000003 id 26 base 0xff0000036d200000: Cannot allocate memory
[1764236304.614792318] compute23:rank50.Fock: reg_mr failed 10 times in a row.
[1764236304.647539929] compute21:rank34.Fock: reg_mr failed: 0xff000005bd000000:0xff000005ccffffff (len 0x10000000) access 0x90000003 id 29 base 0xff0000056d000000: Cannot allocate memory
[1764236304.695355689] compute21:rank34.Fock: reg_mr failed 10 times in a row.
  #Exact exchange calculation:14%; Time (s): Elapsed=40.2058, Remaining=2.47E+02
[1764236307.177961829] compute11:rank2.Fock: reg_mr failed: 0xff0000037d200000:0xff0000038d1fffff (len 0x10000000) access 0x90000003 id 26 base 0xff0000036d200000: Cannot allocate memory
[1764236307.349389245] compute11:rank2.Fock: reg_mr failed 10 times in a row.
[1764236310.962892392] compute14:rank26.Fock: reg_mr failed: 0xff00000457c00000:0xff00000467bfffff (len 0x10000000) access 0x90000003 id 27 base 0xff00000417c00000: Cannot allocate memory
[1764236311.081421873] compute21:rank36.Fock: reg_mr failed: 0xff0000058d000000:0xff0000059cffffff (len 0x10000000) access 0x90000003 id 29 base 0xff0000056d000000: Cannot allocate memory
[1764236311.162330179] compute14:rank26.Fock: reg_mr failed 10 times in a row.
[1764236311.230515196] compute21:rank36.Fock: reg_mr failed 10 times in a row.
[1764236311.673909361] compute22:rank43.Fock: reg_mr failed: 0xff00000427c00000:0xff00000437bfffff (len 0x10000000) access 0x90000003 id 27 base 0xff00000417c00000: Cannot allocate memory
[1764236311.686704234] compute14:rank26.Fock: reg_mr failed: 0xff00000477c00000:0xff00000487bfffff (len 0x10000000) access 0x90000003 id 27 base 0xff00000417c00000: Cannot allocate memory
[1764236311.703037832] compute23:rank51.Fock: reg_mr failed: 0xff00000457c00000:0xff00000467bfffff (len 0x10000000) access 0x90000003 id 27 base 0xff00000417c00000: Cannot allocate memory
[1764236311.729584376] compute14:rank26.Fock: reg_mr failed 10 times in a row.
[1764236311.751046005] compute23:rank50.Fock: reg_mr failed: 0xff00000477c00000:0xff00000487bfffff (len 0x10000000) access 0x90000003 id 27 base 0xff00000417c00000: Cannot allocate memory
[1764236311.872711916] compute23:rank51.Fock: reg_mr failed 10 times in a row.
[1764236311.878629753] compute22:rank43.Fock: reg_mr failed 10 times in a row.
[1764236312.045132504] compute21:rank33.Fock: reg_mr failed: 0xff000005cd000000:0xff000005dcffffff (len 0x10000000) access 0x90000003 id 29 base 0xff0000056d000000: Cannot allocate memory
[1764236312.096831343] compute14:rank25.Fock: reg_mr failed: 0xff00000497c00000:0xff000004a7bfffff (len 0x10000000) access 0x90000003 id 27 base 0xff00000417c00000: Cannot allocate memory
[1764236312.144037714] compute14:rank25.Fock: reg_mr failed 10 times in a row.
[1764236312.208412159] compute21:rank35.Fock: reg_mr failed: 0xff000005cd000000:0xff000005dcffffff (len 0x10000000) access 0x90000003 id 29 base 0xff0000056d000000: Cannot allocate memory
[1764236312.219984123] compute22:rank41.Fock: reg_mr failed: 0xff00000487c00000:0xff00000497bfffff (len 0x10000000) access 0x90000003 id 27 base 0xff00000417c00000: Cannot allocate memory
[1764236312.259285710] compute22:rank41.Fock: reg_mr failed 10 times in a row.
[1764236312.260511473] compute21:rank35.Fock: reg_mr failed 10 times in a row.
[1764236313.028314120] compute23:rank49.Fock: reg_mr failed: 0xff00000447c00000:0xff00000457bfffff (len 0x10000000) access 0x90000003 id 27 base 0xff00000417c00000: Cannot allocate memory
[1764236313.057974307] compute23:rank49.Fock: reg_mr failed 10 times in a row.
[1764236313.796854927] compute23:rank49.Fock: reg_mr failed: 0xff00000497c00000:0xff000004a7bfffff (len 0x10000000) access 0x90000003 id 27 base 0xff00000417c00000: Cannot allocate memory
[1764236313.820858104] compute23:rank49.Fock: reg_mr failed 10 times in a row.
  #Exact exchange calculation:17%; Time (s): Elapsed=49.5298, Remaining=2.42E+02
[1764236317.721753905] compute11:rank3.Fock: reg_mr failed: 0xff0000057d000000:0xff0000058cffffff (len 0x10000000) access 0x90000003 id 29 base 0xff0000056d000000: Cannot allocate memory
[1764236317.901067046] compute11:rank3.Fock: reg_mr failed 10 times in a row.
[1764236318.662117080] compute14:rank28.Fock: reg_mr failed: 0xff0000057d000000:0xff0000058cffffff (len 0x10000000) access 0x90000003 id 29 base 0xff0000056d000000: Cannot allocate memory
[1764236318.845751465] compute14:rank28.Fock: reg_mr failed 10 times in a row.
[1764236319.335646881] compute21:rank33.Fock: reg_mr failed: 0xff0000037d200000:0xff0000038d1fffff (len 0x10000000) access 0x90000003 id 26 base 0xff0000036d200000: Cannot allocate memory
[1764236319.520042066] compute21:rank33.Fock: reg_mr failed 10 times in a row.
[1764236320.097220722] compute21:rank32.Fock: reg_mr failed: 0xff000005ed000000:0xff000005fcffffff (len 0x10000000) access 0x90000003 id 29 base 0xff0000056d000000: Cannot allocate memory
[1764236320.163616631] compute21:rank32.Fock: reg_mr failed 10 times in a row.
[1764236321.187320501] compute22:rank42.Fock: reg_mr failed: 0xff000003ed200000:0xff000003fd1fffff (len 0x10000000) access 0x90000003 id 26 base 0xff0000036d200000: Cannot allocate memory
[1764236321.349794475] compute22:rank42.Fock: reg_mr failed 10 times in a row.
[1764236321.563471584] compute22:rank42.Fock: reg_mr failed: 0xff000003fd200000:0xff0000040d1fffff (len 0x10000000) access 0x90000003 id 26 base 0xff0000036d200000: Cannot allocate memory
  #Exact exchange calculation:20%; Time (s): Elapsed=58.5208, Remaining=2.34E+02
[1764236326.550004460] compute11:rank5.Fock: reg_mr failed: 0xff0000059d000000:0xff000005acffffff (len 0x10000000) access 0x90000003 id 29 base 0xff0000056d000000: Cannot allocate memory
[1764236326.744013128] compute11:rank5.Fock: reg_mr failed 10 times in a row.
[1764236327.818062521] compute22:rank41.Fock: reg_mr failed: 0xff000005ed000000:0xff000005fcffffff (len 0x10000000) access 0x90000003 id 29 base 0xff0000056d000000: Cannot allocate memory
[1764236328.002968748] compute22:rank41.Fock: reg_mr failed 10 times in a row.
[1764236328.040711644] compute21:rank38.Fock: reg_mr failed: 0xff000005cd000000:0xff000005dcffffff (len 0x10000000) access 0x90000003 id 29 base 0xff0000056d000000: Cannot allocate memory
[1764236328.251127226] compute21:rank38.Fock: reg_mr failed 10 times in a row.
[1764236328.359225982] compute23:rank49.Fock: reg_mr failed: 0xff00000457c00000:0xff00000467bfffff (len 0x10000000) access 0x90000003 id 27 base 0xff00000417c00000: Cannot allocate memory
[1764236328.431593097] compute21:rank35.Fock: reg_mr failed: 0xff000004a7c00000:0xff000004b7bfffff (len 0x10000000) access 0x90000003 id 27 base 0xff00000417c00000: Cannot allocate memory
[1764236328.468731502] compute21:rank35.Fock: reg_mr failed 10 times in a row.
[1764236328.552437684] compute23:rank49.Fock: reg_mr failed 10 times in a row.
[1764236328.563840251] compute21:rank34.Fock: reg_mr failed: 0xff00000487c00000:0xff00000497bfffff (len 0x10000000) access 0x90000003 id 27 base 0xff00000417c00000: Cannot allocate memory
[1764236328.594262574] compute21:rank34.Fock: reg_mr failed 10 times in a row.
[1764236328.901035049] compute21:rank34.Fock: reg_mr failed: 0xff000005dd000000:0xff000005ecffffff (len 0x10000000) access 0x90000003 id 29 base 0xff0000056d000000: Cannot allocate memory
[1764236328.930615056] compute21:rank34.Fock: reg_mr failed 10 times in a row.
[1764236329.830185538] compute23:rank54.Fock: reg_mr failed: 0xff000005fd000000:0xff0000060c33338f (len 0xf333390) access 0x90000003 id 29 base 0xff0000056d000000: Cannot allocate memory
[1764236329.857967338] compute23:rank54.Fock: reg_mr failed 10 times in a row.
[1764236331.246317769] compute23:rank52.Fock: reg_mr failed: 0xff000005ed000000:0xff000005fcffffff (len 0x10000000) access 0x90000003 id 29 base 0xff0000056d000000: Cannot allocate memory
[1764236331.270154413] compute23:rank52.Fock: reg_mr failed 10 times in a row.
[1764236332.909121070] compute12:rank9.Fock: reg_mr failed: 0xff0000057d000000:0xff0000058cffffff (len 0x10000000) access 0x90000003 id 29 base 0xff0000056d000000: Cannot allocate memory
[1764236333.105061417] compute12:rank9.Fock: reg_mr failed 10 times in a row.
  #Exact exchange calculation:23%; Time (s): Elapsed=67.4257, Remaining=2.26E+02
[1764236334.431993254] compute14:rank31.Fock: reg_mr failed: 0xff0000037d200000:0xff0000038d1fffff (len 0x10000000) access 0x90000003 id 26 base 0xff0000036d200000: Cannot allocate memory
[1764236334.535056033] compute14:rank30.Fock: reg_mr failed: 0xff0000037d200000:0xff0000038d1fffff (len 0x10000000) access 0x90000003 id 26 base 0xff0000036d200000: Cannot allocate memory
[1764236334.552060680] compute22:rank41.Fock: reg_mr failed: 0xff000005bd000000:0xff000005ccffffff (len 0x10000000) access 0x90000003 id 29 base 0xff0000056d000000: Cannot allocate memory
[1764236334.617209094] compute14:rank31.Fock: reg_mr failed 10 times in a row.
[1764236334.625386544] compute11:rank5.Fock: reg_mr failed: 0xff0000057d000000:0xff0000058cffffff (len 0x10000000) access 0x90000003 id 29 base 0xff0000056d000000: Cannot allocate memory
[1764236334.715698212] compute22:rank41.Fock: reg_mr failed 10 times in a row.
[1764236334.820521291] compute11:rank5.Fock: reg_mr failed 10 times in a row.
[1764236335.010066195] compute22:rank41.Fock: reg_mr failed: 0xff000003fd200000:0xff0000040d1fffff (len 0x10000000) access 0x90000003 id 26 base 0xff0000036d200000: Cannot allocate memory
[1764236335.045858819] compute21:rank36.Fock: reg_mr failed: 0xff000005bd000000:0xff000005ccffffff (len 0x10000000) access 0x90000003 id 29 base 0xff0000056d000000: Cannot allocate memory
[1764236335.046891564] compute22:rank41.Fock: reg_mr failed 10 times in a row.
[1764236335.192832129] compute11:rank6.Fock: reg_mr failed: 0xff00000467c00000:0xff00000477bfffff (len 0x10000000) access 0x90000003 id 27 base 0xff00000417c00000: Cannot allocate memory
[1764236335.238498649] compute11:rank6.Fock: reg_mr failed 10 times in a row.
[1764236335.480536373] compute11:rank0.Fock: reg_mr failed: 0xff00000497c00000:0xff000004a7bfffff (len 0x10000000) access 0x90000003 id 27 base 0xff00000417c00000: Cannot allocate memory
[1764236335.505210074] compute11:rank0.Fock: reg_mr failed 10 times in a row.
[1764236336.708124176] compute21:rank34.Fock: reg_mr failed: 0xff000005cd000000:0xff000005dcffffff (len 0x10000000) access 0x90000003 id 29 base 0xff0000056d000000: Cannot allocate memory
[1764236336.821950597] compute21:rank34.Fock: reg_mr failed 10 times in a row.
[1764236342.529570606] compute12:rank10.Fock: reg_mr failed: 0xff000005ed000000:0xff000005fcffffff (len 0x10000000) access 0x90000003 id 29 base 0xff0000056d000000: Cannot allocate memory
  #Exact exchange calculation:26%; Time (s): Elapsed=75.8012, Remaining=2.16E+02
[1764236342.707212099] compute14:rank30.Fock: reg_mr failed: 0xff00000447c00000:0xff00000457bfffff (len 0x10000000) access 0x90000003 id 27 base 0xff00000417c00000: Cannot allocate memory
[1764236342.730729649] compute12:rank10.Fock: reg_mr failed 10 times in a row.
[1764236342.859358133] compute14:rank30.Fock: reg_mr failed 10 times in a row.
[1764236342.874437905] compute21:rank37.Fock: reg_mr failed: 0xff00000427c00000:0xff00000437bfffff (len 0x10000000) access 0x90000003 id 27 base 0xff00000417c00000: Cannot allocate memory
[1764236342.929626577] compute14:rank30.Fock: reg_mr failed: 0xff00000447c00000:0xff00000457bfffff (len 0x10000000) access 0x90000003 id 27 base 0xff00000417c00000: Cannot allocate memory
[1764236343.039967965] compute11:rank5.Fock: reg_mr failed: 0xff0000058d000000:0xff0000059cffffff (len 0x10000000) access 0x90000003 id 29 base 0xff0000056d000000: Cannot allocate memory
[1764236343.058372599] compute21:rank37.Fock: reg_mr failed 10 times in a row.
[1764236343.222413975] compute11:rank5.Fock: reg_mr failed 10 times in a row.
[1764236343.277533318] compute21:rank36.Fock: reg_mr failed: 0xff00000477c00000:0xff00000487bfffff (len 0x10000000) access 0x90000003 id 27 base 0xff00000417c00000: Cannot allocate memory
[1764236343.343640769] compute21:rank36.Fock: reg_mr failed 10 times in a row.
[1764236343.601116222] compute21:rank37.Fock: reg_mr failed: 0xff0000059d000000:0xff000005acffffff (len 0x10000000) access 0x90000003 id 29 base 0xff0000056d000000: Cannot allocate memory
[1764236343.667317240] compute21:rank37.Fock: reg_mr failed 10 times in a row.
[1764236344.001021519] compute21:rank34.Fock: reg_mr failed: 0xff00000427c00000:0xff00000437bfffff (len 0x10000000) access 0x90000003 id 27 base 0xff00000417c00000: Cannot allocate memory
[1764236344.003764150] compute21:rank36.Fock: reg_mr failed: 0xff000005fd000000:0xff0000060c33338f (len 0xf333390) access 0x90000003 id 29 base 0xff0000056d000000: Cannot allocate memory
[1764236344.041782300] compute21:rank38.Fock: reg_mr failed: 0xff000005ed000000:0xff000005fcffffff (len 0x10000000) access 0x90000003 id 29 base 0xff0000056d000000: Cannot allocate memory
[1764236344.066842694] compute21:rank36.Fock: reg_mr failed 10 times in a row.
[1764236344.108148808] compute21:rank38.Fock: reg_mr failed 10 times in a row.
[1764236344.121022602] compute21:rank39.Fock: reg_mr failed: 0xff00000477c00000:0xff00000487bfffff (len 0x10000000) access 0x90000003 id 27 base 0xff00000417c00000: Cannot allocate memory
[1764236344.183353312] compute21:rank39.Fock: reg_mr failed 10 times in a row.
[1764236344.601235925] compute21:rank35.Fock: reg_mr failed: 0xff0000058d000000:0xff0000059cffffff (len 0x10000000) access 0x90000003 id 29 base 0xff0000056d000000: Cannot allocate memory
[1764236344.641569305] compute21:rank35.Fock: reg_mr failed 10 times in a row.
[1764236344.738017259] compute11:rank3.Fock: reg_mr failed: 0xff000003ad200000:0xff000003bd1fffff (len 0x10000000) access 0x90000003 id 26 base 0xff0000036d200000: Cannot allocate memory
[1764236344.762199133] compute11:rank3.Fock: reg_mr failed 10 times in a row.
[1764236350.632944219] compute12:rank8.Fock: reg_mr failed: 0xff00000467c00000:0xff00000477bfffff (len 0x10000000) access 0x90000003 id 27 base 0xff00000417c00000: Cannot allocate memory
[1764236350.793399487] compute12:rank10.Fock: reg_mr failed: 0xff00000427c00000:0xff00000437bfffff (len 0x10000000) access 0x90000003 id 27 base 0xff00000417c00000: Cannot allocate memory
[1764236350.844079488] compute12:rank8.Fock: reg_mr failed 10 times in a row.
[1764236350.865278600] compute12:rank10.Fock: reg_mr failed 10 times in a row.
  #Exact exchange calculation:29%; Time (s): Elapsed=84.2178, Remaining=2.06E+02
[1764236351.376715520] compute12:rank10.Fock: reg_mr failed: 0xff00000447c00000:0xff00000457bfffff (len 0x10000000) access 0x90000003 id 27 base 0xff00000417c00000: Cannot allocate memory
[1764236351.435510713] compute12:rank10.Fock: reg_mr failed 10 times in a row.
[1764236351.675610056] compute11:rank6.Fock: reg_mr failed: 0xff00000427c00000:0xff00000437bfffff (len 0x10000000) access 0x90000003 id 27 base 0xff00000417c00000: Cannot allocate memory
[1764236351.895013482] compute21:rank35.Fock: reg_mr failed: 0xff0000037d200000:0xff0000038d1fffff (len 0x10000000) access 0x90000003 id 26 base 0xff0000036d200000: Cannot allocate memory
[1764236351.899851582] compute11:rank6.Fock: reg_mr failed 10 times in a row.
[1764236352.054947733] compute21:rank35.Fock: reg_mr failed 10 times in a row.
[1764236352.063595009] compute21:rank38.Fock: reg_mr failed: 0xff000003ed200000:0xff000003fd1fffff (len 0x10000000) access 0x90000003 id 26 base 0xff0000036d200000: Cannot allocate memory
[1764236352.105528748] compute21:rank38.Fock: reg_mr failed 10 times in a row.
[1764236352.327005271] compute21:rank35.Fock: reg_mr failed: 0xff0000038d200000:0xff0000039d1fffff (len 0x10000000) access 0x90000003 id 26 base 0xff0000036d200000: Cannot allocate memory
[1764236352.372770769] compute21:rank35.Fock: reg_mr failed 10 times in a row.
[1764236352.608151275] compute21:rank35.Fock: reg_mr failed: 0xff0000059d000000:0xff000005acffffff (len 0x10000000) access 0x90000003 id 29 base 0xff0000056d000000: Cannot allocate memory
[1764236352.664514237] compute21:rank35.Fock: reg_mr failed 10 times in a row.
[1764236352.866564198] compute11:rank6.Fock: reg_mr failed: 0xff00000467c00000:0xff00000477bfffff (len 0x10000000) access 0x90000003 id 27 base 0xff00000417c00000: Cannot allocate memory
[1764236352.915241578] compute11:rank6.Fock: reg_mr failed 10 times in a row.
[1764236353.227809994] compute21:rank35.Fock: reg_mr failed: 0xff000005cd000000:0xff000005dcffffff (len 0x10000000) access 0x90000003 id 29 base 0xff0000056d000000: Cannot allocate memory
[1764236353.262564019] compute21:rank35.Fock: reg_mr failed 10 times in a row.
[1764236358.893322351] compute21:rank37.Fock: reg_mr failed: 0xff00000427c00000:0xff00000437bfffff (len 0x10000000) access 0x90000003 id 27 base 0xff00000417c00000: Cannot allocate memory
[1764236359.063081823] compute21:rank37.Fock: reg_mr failed 10 times in a row.
  #Exact exchange calculation:32%; Time (s): Elapsed=92.4711, Remaining=1.97E+02
[1764236359.491926177] compute12:rank12.Fock: reg_mr failed: 0xff0000057d000000:0xff0000058cffffff (len 0x10000000) access 0x90000003 id 29 base 0xff0000056d000000: Cannot allocate memory
[1764236359.681023925] compute12:rank12.Fock: reg_mr failed 10 times in a row.
[1764236359.900172011] compute12:rank12.Fock: reg_mr failed: 0xff0000058d000000:0xff0000059cffffff (len 0x10000000) access 0x90000003 id 29 base 0xff0000056d000000: Cannot allocate memory
[1764236359.929480282] compute12:rank12.Fock: reg_mr failed 10 times in a row.
[1764236360.228207194] compute21:rank34.Fock: reg_mr failed: 0xff000005ad000000:0xff000005bcffffff (len 0x10000000) access 0x90000003 id 29 base 0xff0000056d000000: Cannot allocate memory
[1764236360.259042608] compute21:rank34.Fock: reg_mr failed 10 times in a row.
[1764236363.353958400] compute11:rank3.Fock: reg_mr failed: 0xff000003fd200000:0xff0000040d1fffff (len 0x10000000) access 0x90000003 id 26 base 0xff0000036d200000: Cannot allocate memory
[1764236363.519818283] compute11:rank3.Fock: reg_mr failed 10 times in a row.
[1764236366.679442902] compute12:rank9.Fock: reg_mr failed: 0xff00000427c00000:0xff00000437bfffff (len 0x10000000) access 0x90000003 id 27 base 0xff00000417c00000: Cannot allocate memory
[1764236366.842776640] compute12:rank9.Fock: reg_mr failed 10 times in a row.
  #Exact exchange calculation:36%; Time (s): Elapsed=100.7206, Remaining=1.79E+02
[1764236367.799093077] compute12:rank10.Fock: reg_mr failed: 0xff00000447c00000:0xff00000457bfffff (len 0x10000000) access 0x90000003 id 27 base 0xff00000417c00000: Cannot allocate memory
[1764236367.825960887] compute11:rank7.Fock: reg_mr failed: 0xff00000437c00000:0xff00000447bfffff (len 0x10000000) access 0x90000003 id 27 base 0xff00000417c00000: Cannot allocate memory
[1764236367.842101029] compute12:rank10.Fock: reg_mr failed 10 times in a row.
[1764236367.877871210] compute11:rank7.Fock: reg_mr failed 10 times in a row.
[1764236368.062713451] compute12:rank10.Fock: reg_mr failed: 0xff00000457c00000:0xff00000467bfffff (len 0x10000000) access 0x90000003 id 27 base 0xff00000417c00000: Cannot allocate memory
[1764236368.106847021] compute12:rank10.Fock: reg_mr failed 10 times in a row.
[1764236368.333435893] compute11:rank6.Fock: reg_mr failed: 0xff00000427c00000:0xff00000437bfffff (len 0x10000000) access 0x90000003 id 27 base 0xff00000417c00000: Cannot allocate memory
[1764236368.675250914] compute12:rank10.Fock: reg_mr failed: 0xff00000497c00000:0xff000004a7bfffff (len 0x10000000) access 0x90000003 id 27 base 0xff00000417c00000: Cannot allocate memory
[1764236368.703571326] compute12:rank10.Fock: reg_mr failed 10 times in a row.
[1764236368.968959298] compute21:rank34.Fock: reg_mr failed: 0xff000005ed000000:0xff000005fcffffff (len 0x10000000) access 0x90000003 id 29 base 0xff0000056d000000: Cannot allocate memory
[1764236369.122029548] compute21:rank34.Fock: reg_mr failed 10 times in a row.
[1764236371.539854589] compute11:rank3.Fock: reg_mr failed: 0xff0000057d000000:0xff0000058cffffff (len 0x10000000) access 0x90000003 id 29 base 0xff0000056d000000: Cannot allocate memory
[1764236371.667511991] compute11:rank3.Fock: reg_mr failed 10 times in a row.
[1764236371.944923764] compute11:rank3.Fock: reg_mr failed: 0xff0000059d000000:0xff000005acffffff (len 0x10000000) access 0x90000003 id 29 base 0xff0000056d000000: Cannot allocate memory
[1764236371.968806977] compute11:rank3.Fock: reg_mr failed 10 times in a row.
[1764236372.100953474] compute11:rank3.Fock: reg_mr failed: 0xff000005ad000000:0xff000005bcffffff (len 0x10000000) access 0x90000003 id 29 base 0xff0000056d000000: Cannot allocate memory
[1764236372.124461892] compute11:rank3.Fock: reg_mr failed 10 times in a row.
[1764236372.368309718] compute11:rank3.Fock: reg_mr failed: 0xff000005cd000000:0xff000005dcffffff (len 0x10000000) access 0x90000003 id 29 base 0xff0000056d000000: Cannot allocate memory
[1764236372.391678249] compute11:rank3.Fock: reg_mr failed 10 times in a row.
[1764236372.527573078] compute11:rank3.Fock: reg_mr failed: 0xff000005dd000000:0xff000005ecffffff (len 0x10000000) access 0x90000003 id 29 base 0xff0000056d000000: Cannot allocate memory
[1764236372.551327213] compute11:rank3.Fock: reg_mr failed 10 times in a row.
[1764236372.798726248] compute11:rank3.Fock: reg_mr failed: 0xff000005fd000000:0xff0000060cffffff (len 0x10000000) access 0x90000003 id 29 base 0xff0000056d000000: Cannot allocate memory
[1764236372.822530834] compute11:rank3.Fock: reg_mr failed 10 times in a row.
[1764236374.181635811] compute12:rank14.Fock: reg_mr failed: 0xff000005bd000000:0xff000005ccffffff (len 0x10000000) access 0x90000003 id 29 base 0xff0000056d000000: Cannot allocate memory
[1764236374.372226820] compute12:rank14.Fock: reg_mr failed 10 times in a row.
[1764236374.420233380] compute12:rank13.Fock: reg_mr failed: 0xff000005bd000000:0xff000005ccffffff (len 0x10000000) access 0x90000003 id 29 base 0xff0000056d000000: Cannot allocate memory
[1764236374.451461687] compute12:rank13.Fock: reg_mr failed 10 times in a row.
[1764236374.589205288] compute12:rank8.Fock: reg_mr failed: 0xff0000038d200000:0xff0000039d1fffff (len 0x10000000) access 0x90000003 id 26 base 0xff0000036d200000: Cannot allocate memory
[1764236374.621195372] compute12:rank8.Fock: reg_mr failed 10 times in a row.
  #Exact exchange calculation:39%; Time (s): Elapsed=108.9647, Remaining=1.70E+02
[1764236375.795681189] compute12:rank10.Fock: reg_mr failed: 0xff0000038d200000:0xff0000039d1fffff (len 0x10000000) access 0x90000003 id 26 base 0xff0000036d200000: Cannot allocate memory
[1764236377.189961727] compute11:rank5.Fock: reg_mr failed: 0xff000003ad200000:0xff000003bd1fffff (len 0x10000000) access 0x90000003 id 26 base 0xff0000036d200000: Cannot allocate memory
[1764236377.405804703] compute11:rank5.Fock: reg_mr failed 10 times in a row.
[1764236380.688916646] compute11:rank3.Fock: reg_mr failed: 0xff0000057d000000:0xff0000058cffffff (len 0x10000000) access 0x90000003 id 29 base 0xff0000056d000000: Cannot allocate memory
[1764236380.714118431] compute11:rank3.Fock: reg_mr failed 10 times in a row.
[1764236382.753822530] compute12:rank14.Fock: reg_mr failed: 0xff00000447c00000:0xff00000457bfffff (len 0x10000000) access 0x90000003 id 27 base 0xff00000417c00000: Cannot allocate memory
[1764236382.940416377] compute12:rank14.Fock: reg_mr failed 10 times in a row.
[1764236382.946690878] compute12:rank11.Fock: reg_mr failed: 0xff00000447c00000:0xff00000457bfffff (len 0x10000000) access 0x90000003 id 27 base 0xff00000417c00000: Cannot allocate memory
[1764236383.011633975] compute12:rank8.Fock: reg_mr failed: 0xff00000457c00000:0xff00000467bfffff (len 0x10000000) access 0x90000003 id 27 base 0xff00000417c00000: Cannot allocate memory
[1764236383.149577410] compute12:rank11.Fock: reg_mr failed: 0xff00000457c00000:0xff00000467bfffff (len 0x10000000) access 0x90000003 id 27 base 0xff00000417c00000: Cannot allocate memory
[1764236383.197232109] compute12:rank11.Fock: reg_mr failed 10 times in a row.
[1764236383.716954982] compute12:rank11.Fock: reg_mr failed: 0xff000005cd000000:0xff000005dcffffff (len 0x10000000) access 0x90000003 id 29 base 0xff0000056d000000: Cannot allocate memory
[1764236383.770158638] compute12:rank11.Fock: reg_mr failed 10 times in a row.
  #Exact exchange calculation:42%; Time (s): Elapsed=117.2125, Remaining=1.62E+02
[1764236384.251820205] compute12:rank15.Fock: reg_mr failed: 0xff00000427c00000:0xff00000437bfffff (len 0x10000000) access 0x90000003 id 27 base 0xff00000417c00000: Cannot allocate memory
[1764236384.283898789] compute12:rank15.Fock: reg_mr failed 10 times in a row.
[1764236384.761389011] compute11:rank5.Fock: reg_mr failed: 0xff00000437c00000:0xff00000447bfffff (len 0x10000000) access 0x90000003 id 27 base 0xff00000417c00000: Cannot allocate memory
[1764236384.971873088] compute11:rank5.Fock: reg_mr failed 10 times in a row.
[1764236385.346688330] compute11:rank6.Fock: reg_mr failed: 0xff00000457c00000:0xff00000467bfffff (len 0x10000000) access 0x90000003 id 27 base 0xff00000417c00000: Cannot allocate memory
[1764236385.403573134] compute11:rank6.Fock: reg_mr failed 10 times in a row.
[1764236385.439651647] compute12:rank12.Fock: reg_mr failed: 0xff0000057d000000:0xff0000058cffffff (len 0x10000000) access 0x90000003 id 29 base 0xff0000056d000000: Cannot allocate memory
[1764236385.476798218] compute12:rank12.Fock: reg_mr failed 10 times in a row.
[1764236385.706359054] compute12:rank12.Fock: reg_mr failed: 0xff0000058d000000:0xff0000059cffffff (len 0x10000000) access 0x90000003 id 29 base 0xff0000056d000000: Cannot allocate memory
[1764236385.731718568] compute12:rank12.Fock: reg_mr failed 10 times in a row.
[1764236386.288934833] compute22:rank44.Fock: reg_mr failed: 0xff0000059d000000:0xff000005acffffff (len 0x10000000) access 0x90000003 id 29 base 0xff0000056d000000: Cannot allocate memory
[1764236386.453593668] compute22:rank44.Fock: reg_mr failed 10 times in a row.
[1764236389.471524230] compute11:rank3.Fock: reg_mr failed: 0xff0000057d000000:0xff0000058cffffff (len 0x10000000) access 0x90000003 id 29 base 0xff0000056d000000: Cannot allocate memory
[1764236389.496837357] compute11:rank3.Fock: reg_mr failed 10 times in a row.
[1764236392.052071559] compute11:rank2.Fock: reg_mr failed: 0xff000003dd200000:0xff000003ed1fffff (len 0x10000000) access 0x90000003 id 26 base 0xff0000036d200000: Cannot allocate memory
[1764236392.198908380] compute12:rank15.Fock: reg_mr failed: 0xff000005bd000000:0xff000005ccffffff (len 0x10000000) access 0x90000003 id 29 base 0xff0000056d000000: Cannot allocate memory
[1764236392.221635987] compute11:rank2.Fock: reg_mr failed 10 times in a row.
  #Exact exchange calculation:45%; Time (s): Elapsed=125.4522, Remaining=1.53E+02
[1764236392.381549802] compute12:rank15.Fock: reg_mr failed 10 times in a row.
[1764236392.830288358] compute12:rank15.Fock: reg_mr failed: 0xff000005fd000000:0xff0000060c33338f (len 0xf333390) access 0x90000003 id 29 base 0xff0000056d000000: Cannot allocate memory
[1764236392.865640374] compute12:rank10.Fock: reg_mr failed: 0xff000003ed200000:0xff000003fd1fffff (len 0x10000000) access 0x90000003 id 26 base 0xff0000036d200000: Cannot allocate memory
[1764236392.891305527] compute12:rank10.Fock: reg_mr failed 10 times in a row.
[1764236393.883759906] compute12:rank12.Fock: reg_mr failed: 0xff0000059d000000:0xff000005acffffff (len 0x10000000) access 0x90000003 id 29 base 0xff0000056d000000: Cannot allocate memory
[1764236393.909111952] compute12:rank12.Fock: reg_mr failed 10 times in a row.
[1764236394.032745875] compute12:rank12.Fock: reg_mr failed: 0xff000005ad000000:0xff000005bcffffff (len 0x10000000) access 0x90000003 id 29 base 0xff0000056d000000: Cannot allocate memory
[1764236394.056845200] compute12:rank12.Fock: reg_mr failed 10 times in a row.
[1764236398.688855688] compute11:rank3.Fock: reg_mr failed: 0xff0000057d000000:0xff0000058cffffff (len 0x10000000) access 0x90000003 id 29 base 0xff0000056d000000: Cannot allocate memory
[1764236398.867640397] compute11:rank3.Fock: reg_mr failed 10 times in a row.
[1764236398.951202632] compute12:rank11.Fock: reg_mr failed: 0xff00000447c00000:0xff00000457bfffff (len 0x10000000) access 0x90000003 id 27 base 0xff00000417c00000: Cannot allocate memory
[1764236399.135622026] compute12:rank11.Fock: reg_mr failed 10 times in a row.
[1764236399.144454787] compute12:rank8.Fock: reg_mr failed: 0xff0000059d000000:0xff000005acffffff (len 0x10000000) access 0x90000003 id 29 base 0xff0000056d000000: Cannot allocate memory
[1764236399.186109126] compute12:rank8.Fock: reg_mr failed 10 times in a row.
[1764236399.429503250] compute11:rank3.Fock: reg_mr failed: 0xff000005bd000000:0xff000005ccffffff (len 0x10000000) access 0x90000003 id 29 base 0xff0000056d000000: Cannot allocate memory
[1764236399.467312882] compute11:rank3.Fock: reg_mr failed 10 times in a row.
[1764236399.600775781] compute12:rank11.Fock: reg_mr failed: 0xff000005bd000000:0xff000005ccffffff (len 0x10000000) access 0x90000003 id 29 base 0xff0000056d000000: Cannot allocate memory
[1764236399.612472022] compute11:rank3.Fock: reg_mr failed: 0xff000005cd000000:0xff000005dcffffff (len 0x10000000) access 0x90000003 id 29 base 0xff0000056d000000: Cannot allocate memory
[1764236399.654715142] compute12:rank11.Fock: reg_mr failed 10 times in a row.
[1764236399.753837676] compute11:rank3.Fock: reg_mr failed: 0xff000005dd000000:0xff000005ecffffff (len 0x10000000) access 0x90000003 id 29 base 0xff0000056d000000: Cannot allocate memory
[1764236399.793134321] compute11:rank3.Fock: reg_mr failed 10 times in a row.
[1764236400.066575357] compute11:rank3.Fock: reg_mr failed: 0xff000005fd000000:0xff0000060cffffff (len 0x10000000) access 0x90000003 id 29 base 0xff0000056d000000: Cannot allocate memory
[1764236400.101070677] compute11:rank3.Fock: reg_mr failed 10 times in a row.
  #Exact exchange calculation:48%; Time (s): Elapsed=133.6865, Remaining=1.45E+02
[1764236400.614925274] compute13:rank17.Fock: reg_mr failed: 0xff000005bd000000:0xff000005ccffffff (len 0x10000000) access 0x90000003 id 29 base 0xff0000056d000000: Cannot allocate memory
[1764236400.779782935] compute13:rank17.Fock: reg_mr failed 10 times in a row.
[1764236401.100148070] compute11:rank0.Fock: reg_mr failed: 0xff00000467c00000:0xff00000477bfffff (len 0x10000000) access 0x90000003 id 27 base 0xff00000417c00000: Cannot allocate memory
[1764236401.794820826] compute11:rank5.Fock: reg_mr failed: 0xff000005ad000000:0xff000005bcffffff (len 0x10000000) access 0x90000003 id 29 base 0xff0000056d000000: Cannot allocate memory
[1764236401.841495743] compute11:rank5.Fock: reg_mr failed 10 times in a row.
[1764236403.485568884] compute22:rank42.Fock: reg_mr failed: 0xff000003bd200000:0xff000003cd1fffff (len 0x10000000) access 0x90000003 id 26 base 0xff0000036d200000: Cannot allocate memory
[1764236403.682380549] compute22:rank42.Fock: reg_mr failed 10 times in a row.
[1764236404.142956139] compute21:rank39.Fock: reg_mr failed: 0xff000005fd000000:0xff0000060c33338f (len 0xf333390) access 0x90000003 id 29 base 0xff0000056d000000: Cannot allocate memory
[1764236404.302606468] compute21:rank39.Fock: reg_mr failed 10 times in a row.
[1764236405.485851773] compute21:rank37.Fock: reg_mr failed: 0xff0000057d000000:0xff0000058cffffff (len 0x10000000) access 0x90000003 id 29 base 0xff0000056d000000: Cannot allocate memory
[1764236405.511668621] compute21:rank37.Fock: reg_mr failed 10 times in a row.
[1764236406.988630734] compute12:rank11.Fock: reg_mr failed: 0xff000005ad000000:0xff000005bcffffff (len 0x10000000) access 0x90000003 id 29 base 0xff0000056d000000: Cannot allocate memory
[1764236407.191700740] compute12:rank11.Fock: reg_mr failed 10 times in a row.
[1764236407.602440705] compute12:rank8.Fock: reg_mr failed: 0xff000003cd200000:0xff000003dd1fffff (len 0x10000000) access 0x90000003 id 26 base 0xff0000036d200000: Cannot allocate memory
[1764236407.631732725] compute12:rank9.Fock: reg_mr failed: 0xff000003ad200000:0xff000003bd1fffff (len 0x10000000) access 0x90000003 id 26 base 0xff0000036d200000: Cannot allocate memory
[1764236407.649234068] compute12:rank8.Fock: reg_mr failed 10 times in a row.
[1764236407.677191017] compute12:rank9.Fock: reg_mr failed 10 times in a row.
[1764236408.394835210] compute13:rank17.Fock: reg_mr failed: 0xff0000037d200000:0xff0000038d1fffff (len 0x10000000) access 0x90000003 id 26 base 0xff0000036d200000: Cannot allocate memory
[1764236408.539852001] compute12:rank15.Fock: reg_mr failed: 0xff000005cd000000:0xff000005dcffffff (len 0x10000000) access 0x90000003 id 29 base 0xff0000056d000000: Cannot allocate memory
[1764236408.562042798] compute13:rank17.Fock: reg_mr failed 10 times in a row.
[1764236408.564175578] compute12:rank15.Fock: reg_mr failed 10 times in a row.
  #Exact exchange calculation:51%; Time (s): Elapsed=141.9176, Remaining=1.36E+02
[1764236408.708352962] compute12:rank10.Fock: reg_mr failed: 0xff000005ad000000:0xff000005bcffffff (len 0x10000000) access 0x90000003 id 29 base 0xff0000056d000000: Cannot allocate memory
[1764236408.745069340] compute12:rank10.Fock: reg_mr failed 10 times in a row.
[1764236408.855700522] compute11:rank7.Fock: reg_mr failed: 0xff0000037d200000:0xff0000038d1fffff (len 0x10000000) access 0x90000003 id 26 base 0xff0000036d200000: Cannot allocate memory
[1764236409.128482086] compute12:rank10.Fock: reg_mr failed: 0xff000003ed200000:0xff000003fd1fffff (len 0x10000000) access 0x90000003 id 26 base 0xff0000036d200000: Cannot allocate memory
[1764236409.153584319] compute12:rank10.Fock: reg_mr failed 10 times in a row.
[1764236409.241608097] compute11:rank7.Fock: reg_mr failed: 0xff0000059d000000:0xff000005acffffff (len 0x10000000) access 0x90000003 id 29 base 0xff0000056d000000: Cannot allocate memory
[1764236409.265875807] compute13:rank17.Fock: reg_mr failed: 0xff000003cd200000:0xff000003dd1fffff (len 0x10000000) access 0x90000003 id 26 base 0xff0000036d200000: Cannot allocate memory
[1764236409.292589726] compute13:rank17.Fock: reg_mr failed 10 times in a row.
[1764236409.317143004] compute11:rank7.Fock: reg_mr failed 10 times in a row.
[1764236409.838851253] compute11:rank3.Fock: reg_mr failed: 0xff0000057d000000:0xff0000058cffffff (len 0x10000000) access 0x90000003 id 29 base 0xff0000056d000000: Cannot allocate memory
[1764236410.286494269] compute11:rank6.Fock: reg_mr failed: 0xff0000038d200000:0xff0000039d1fffff (len 0x10000000) access 0x90000003 id 26 base 0xff0000036d200000: Cannot allocate memory
[1764236410.361166713] compute11:rank6.Fock: reg_mr failed 10 times in a row.
[1764236410.737840083] compute11:rank5.Fock: reg_mr failed: 0xff000003dd200000:0xff000003ed1fffff (len 0x10000000) access 0x90000003 id 26 base 0xff0000036d200000: Cannot allocate memory
[1764236410.781199261] compute11:rank5.Fock: reg_mr failed 10 times in a row.
[1764236411.079555791] compute11:rank6.Fock: reg_mr failed: 0xff000005ed000000:0xff000005fcffffff (len 0x10000000) access 0x90000003 id 29 base 0xff0000056d000000: Cannot allocate memory
[1764236411.644790337] compute22:rank40.Fock: reg_mr failed: 0xff00000427c00000:0xff00000437bfffff (len 0x10000000) access 0x90000003 id 27 base 0xff00000417c00000: Cannot allocate memory
[1764236411.859171078] compute22:rank40.Fock: reg_mr failed 10 times in a row.
[1764236413.317854798] compute13:rank16.Fock: reg_mr failed: 0xff000005bd000000:0xff000005ccffffff (len 0x10000000) access 0x90000003 id 29 base 0xff0000056d000000: Cannot allocate memory
[1764236413.752650335] compute13:rank18.Fock: reg_mr failed: 0xff0000058d000000:0xff0000059cffffff (len 0x10000000) access 0x90000003 id 29 base 0xff0000056d000000: Cannot allocate memory
[1764236413.841803450] compute13:rank16.Fock: reg_mr failed: 0xff000005fd000000:0xff0000060c33338f (len 0xf333390) access 0x90000003 id 29 base 0xff0000056d000000: Cannot allocate memory
[1764236413.894454081] compute13:rank16.Fock: reg_mr failed 10 times in a row.
[1764236413.930381413] compute13:rank18.Fock: reg_mr failed 10 times in a row.
[1764236414.280272681] compute11:rank3.Fock: reg_mr failed: 0xff0000057d000000:0xff0000058cffffff (len 0x10000000) access 0x90000003 id 29 base 0xff0000056d000000: Cannot allocate memory
[1764236414.456817089] compute11:rank3.Fock: reg_mr failed 10 times in a row.
[1764236414.663270662] compute12:rank14.Fock: reg_mr failed: 0xff000005dd000000:0xff000005ecffffff (len 0x10000000) access 0x90000003 id 29 base 0xff0000056d000000: Cannot allocate memory
[1764236414.845920079] compute12:rank14.Fock: reg_mr failed 10 times in a row.
[1764236414.872325435] compute11:rank3.Fock: reg_mr failed: 0xff000005ad000000:0xff000005bcffffff (len 0x10000000) access 0x90000003 id 29 base 0xff0000056d000000: Cannot allocate memory
[1764236414.904192904] compute11:rank3.Fock: reg_mr failed 10 times in a row.
[1764236415.054294002] compute11:rank3.Fock: reg_mr failed: 0xff000005bd000000:0xff000005ccffffff (len 0x10000000) access 0x90000003 id 29 base 0xff0000056d000000: Cannot allocate memory
[1764236415.085105145] compute11:rank3.Fock: reg_mr failed 10 times in a row.
[1764236415.235975676] compute11:rank3.Fock: reg_mr failed: 0xff000005cd000000:0xff000005dcffffff (len 0x10000000) access 0x90000003 id 29 base 0xff0000056d000000: Cannot allocate memory
[1764236415.270390337] compute11:rank3.Fock: reg_mr failed 10 times in a row.
[1764236415.462253535] compute12:rank11.Fock: reg_mr failed: 0xff00000487c00000:0xff00000497bfffff (len 0x10000000) access 0x90000003 id 27 base 0xff00000417c00000: Cannot allocate memory
[1764236415.517988845] compute12:rank11.Fock: reg_mr failed 10 times in a row.
[1764236416.623804529] compute12:rank15.Fock: reg_mr failed: 0xff00000497c00000:0xff000004a7bfffff (len 0x10000000) access 0x90000003 id 27 base 0xff00000417c00000: Cannot allocate memory
[1764236416.652561947] compute12:rank15.Fock: reg_mr failed 10 times in a row.
  #Exact exchange calculation:54%; Time (s): Elapsed=150.1467, Remaining=1.28E+02
[1764236417.250257205] compute11:rank7.Fock: reg_mr failed: 0xff00000467c00000:0xff00000477bfffff (len 0x10000000) access 0x90000003 id 27 base 0xff00000417c00000: Cannot allocate memory
[1764236417.274259355] compute11:rank7.Fock: reg_mr failed 10 times in a row.
[1764236418.139499743] compute11:rank4.Fock: reg_mr failed: 0xff00000467c00000:0xff00000477bfffff (len 0x10000000) access 0x90000003 id 27 base 0xff00000417c00000: Cannot allocate memory
[1764236418.173534505] compute11:rank4.Fock: reg_mr failed 10 times in a row.
[1764236418.456453141] compute12:rank12.Fock: reg_mr failed: 0xff00000427c00000:0xff00000437bfffff (len 0x10000000) access 0x90000003 id 27 base 0xff00000417c00000: Cannot allocate memory
[1764236418.481726608] compute12:rank12.Fock: reg_mr failed 10 times in a row.
[1764236422.326261843] compute12:rank14.Fock: reg_mr failed: 0xff000003fd200000:0xff0000040d1fffff (len 0x10000000) access 0x90000003 id 26 base 0xff0000036d200000: Cannot allocate memory
[1764236422.488748871] compute12:rank14.Fock: reg_mr failed 10 times in a row.
[1764236422.571306571] compute21:rank34.Fock: reg_mr failed: 0xff000003dd200000:0xff000003ed1fffff (len 0x10000000) access 0x90000003 id 26 base 0xff0000036d200000: Cannot allocate memory
[1764236422.738571336] compute21:rank34.Fock: reg_mr failed 10 times in a row.
[1764236423.263570052] compute11:rank3.Fock: reg_mr failed: 0xff000005ed000000:0xff000005fcffffff (len 0x10000000) access 0x90000003 id 29 base 0xff0000056d000000: Cannot allocate memory
[1764236423.407848049] compute12:rank8.Fock: reg_mr failed: 0xff0000038d200000:0xff0000039d1fffff (len 0x10000000) access 0x90000003 id 26 base 0xff0000036d200000: Cannot allocate memory
[1764236423.425795790] compute11:rank3.Fock: reg_mr failed 10 times in a row.
[1764236423.438007591] compute12:rank8.Fock: reg_mr failed 10 times in a row.
[1764236423.711927641] compute12:rank11.Fock: reg_mr failed: 0xff0000059d000000:0xff000005acffffff (len 0x10000000) access 0x90000003 id 29 base 0xff0000056d000000: Cannot allocate memory
[1764236423.753432620] compute13:rank17.Fock: reg_mr failed: 0xff0000039d200000:0xff000003ad1fffff (len 0x10000000) access 0x90000003 id 26 base 0xff0000036d200000: Cannot allocate memory
[1764236423.880211831] compute12:rank8.Fock: reg_mr failed: 0xff000005cd000000:0xff000005dcffffff (len 0x10000000) access 0x90000003 id 29 base 0xff0000056d000000: Cannot allocate memory
[1764236423.915067949] compute13:rank17.Fock: reg_mr failed 10 times in a row.
[1764236423.920198377] compute12:rank8.Fock: reg_mr failed 10 times in a row.
[1764236424.135783445] compute12:rank11.Fock: reg_mr failed: 0xff000005cd000000:0xff000005dcffffff (len 0x10000000) access 0x90000003 id 29 base 0xff0000056d000000: Cannot allocate memory
[1764236424.180430633] compute12:rank11.Fock: reg_mr failed 10 times in a row.
[1764236424.540647712] compute13:rank17.Fock: reg_mr failed: 0xff000005bd000000:0xff000005ccffffff (len 0x10000000) access 0x90000003 id 29 base 0xff0000056d000000: Cannot allocate memory
[1764236424.579688247] compute13:rank17.Fock: reg_mr failed 10 times in a row.
  #Exact exchange calculation:57%; Time (s): Elapsed=158.3836, Remaining=1.19E+02
[1764236425.213607538] compute12:rank9.Fock: reg_mr failed: 0xff000005cd000000:0xff000005dcffffff (len 0x10000000) access 0x90000003 id 29 base 0xff0000056d000000: Cannot allocate memory
[1764236425.258007782] compute12:rank9.Fock: reg_mr failed 10 times in a row.
[1764236427.671442699] compute11:rank5.Fock: reg_mr failed: 0xff000003fd200000:0xff0000040d1fffff (len 0x10000000) access 0x90000003 id 26 base 0xff0000036d200000: Cannot allocate memory
[1764236427.700931844] compute11:rank5.Fock: reg_mr failed 10 times in a row.
[1764236429.789154188] compute13:rank20.Fock: reg_mr failed: 0xff000003ad200000:0xff000003bd1fffff (len 0x10000000) access 0x90000003 id 26 base 0xff0000036d200000: Cannot allocate memory
[1764236429.955750739] compute13:rank20.Fock: reg_mr failed 10 times in a row.
[1764236431.561964162] compute23:rank54.Fock: reg_mr failed: 0xff000005fd000000:0xff0000060c33338f (len 0xf333390) access 0x90000003 id 29 base 0xff0000056d000000: Cannot allocate memory
[1764236431.604549951] compute12:rank15.Fock: reg_mr failed: 0xff00000457c00000:0xff00000467bfffff (len 0x10000000) access 0x90000003 id 27 base 0xff00000417c00000: Cannot allocate memory
[1764236431.641180013] compute11:rank3.Fock: reg_mr failed: 0xff0000057d000000:0xff0000058cffffff (len 0x10000000) access 0x90000003 id 29 base 0xff0000056d000000: Cannot allocate memory
[1764236431.709935497] compute23:rank54.Fock: reg_mr failed 10 times in a row.
[1764236431.785429223] compute12:rank15.Fock: reg_mr failed 10 times in a row.
[1764236431.794230362] compute11:rank3.Fock: reg_mr failed 10 times in a row.
[1764236432.334337503] compute11:rank3.Fock: reg_mr failed: 0xff000005bd000000:0xff000005ccffffff (len 0x10000000) access 0x90000003 id 29 base 0xff0000056d000000: Cannot allocate memory
[1764236432.615417556] compute11:rank3.Fock: reg_mr failed: 0xff000005dd000000:0xff000005ecffffff (len 0x10000000) access 0x90000003 id 29 base 0xff0000056d000000: Cannot allocate memory
[1764236432.651104555] compute11:rank3.Fock: reg_mr failed 10 times in a row.
[1764236432.907407930] compute11:rank3.Fock: reg_mr failed: 0xff000005fd000000:0xff0000060cffffff (len 0x10000000) access 0x90000003 id 29 base 0xff0000056d000000: Cannot allocate memory
[1764236432.939909183] compute11:rank3.Fock: reg_mr failed 10 times in a row.
  #Exact exchange calculation:60%; Time (s): Elapsed=166.6092, Remaining=1.11E+02
[1764236434.935590701] compute11:rank2.Fock: reg_mr failed: 0xff00000497c00000:0xff000004a7bfffff (len 0x10000000) access 0x90000003 id 27 base 0xff00000417c00000: Cannot allocate memory
[1764236434.963343038] compute11:rank2.Fock: reg_mr failed 10 times in a row.
[1764236439.072683354] compute21:rank39.Fock: reg_mr failed: 0xff0000037d200000:0xff0000038d1fffff (len 0x10000000) access 0x90000003 id 26 base 0xff0000036d200000: Cannot allocate memory
[1764236439.256836535] compute21:rank39.Fock: reg_mr failed 10 times in a row.
[1764236439.454291662] compute23:rank52.Fock: reg_mr failed: 0xff0000058d000000:0xff0000059cffffff (len 0x10000000) access 0x90000003 id 29 base 0xff0000056d000000: Cannot allocate memory
[1764236440.196623280] compute13:rank19.Fock: reg_mr failed: 0xff000005bd000000:0xff000005ccffffff (len 0x10000000) access 0x90000003 id 29 base 0xff0000056d000000: Cannot allocate memory
[1764236440.273399168] compute12:rank15.Fock: reg_mr failed: 0xff000003ed200000:0xff000003fd1fffff (len 0x10000000) access 0x90000003 id 26 base 0xff0000036d200000: Cannot allocate memory
[1764236440.395328294] compute13:rank17.Fock: reg_mr failed: 0xff0000039d200000:0xff000003ad1fffff (len 0x10000000) access 0x90000003 id 26 base 0xff0000036d200000: Cannot allocate memory
[1764236440.398259349] compute13:rank19.Fock: reg_mr failed 10 times in a row.
[1764236440.430058533] compute13:rank17.Fock: reg_mr failed 10 times in a row.
[1764236440.464635146] compute12:rank15.Fock: reg_mr failed 10 times in a row.
[1764236440.564650004] compute11:rank3.Fock: reg_mr failed: 0xff0000057d000000:0xff0000058cffffff (len 0x10000000) access 0x90000003 id 29 base 0xff0000056d000000: Cannot allocate memory
[1764236440.746279778] compute11:rank3.Fock: reg_mr failed 10 times in a row.
[1764236440.763705377] compute13:rank19.Fock: reg_mr failed: 0xff000003fd200000:0xff0000040d1fffff (len 0x10000000) access 0x90000003 id 26 base 0xff0000036d200000: Cannot allocate memory
[1764236440.797602826] compute13:rank19.Fock: reg_mr failed 10 times in a row.
[1764236441.413520265] compute11:rank3.Fock: reg_mr failed: 0xff000005cd000000:0xff000005dcffffff (len 0x10000000) access 0x90000003 id 29 base 0xff0000056d000000: Cannot allocate memory
[1764236441.553797972] compute11:rank3.Fock: reg_mr failed: 0xff000005dd000000:0xff000005ecffffff (len 0x10000000) access 0x90000003 id 29 base 0xff0000056d000000: Cannot allocate memory
[1764236441.565804764] compute11:rank7.Fock: reg_mr failed: 0xff000005ad000000:0xff000005bcffffff (len 0x10000000) access 0x90000003 id 29 base 0xff0000056d000000: Cannot allocate memory
[1764236441.578427694] compute11:rank3.Fock: reg_mr failed 10 times in a row.
[1764236441.590459154] compute11:rank7.Fock: reg_mr failed 10 times in a row.
  #Exact exchange calculation:63%; Time (s): Elapsed=174.8513, Remaining=1.03E+02
[1764236441.712057713] compute11:rank3.Fock: reg_mr failed: 0xff000005ed000000:0xff000005fcffffff (len 0x10000000) access 0x90000003 id 29 base 0xff0000056d000000: Cannot allocate memory
[1764236443.062361775] compute11:rank5.Fock: reg_mr failed: 0xff0000058d000000:0xff0000059cffffff (len 0x10000000) access 0x90000003 id 29 base 0xff0000056d000000: Cannot allocate memory
[1764236443.087043508] compute11:rank5.Fock: reg_mr failed 10 times in a row.
[1764236443.263404764] compute11:rank2.Fock: reg_mr failed: 0xff000003dd200000:0xff000003ed1fffff (len 0x10000000) access 0x90000003 id 26 base 0xff0000036d200000: Cannot allocate memory
[1764236443.294919945] compute11:rank2.Fock: reg_mr failed 10 times in a row.
[1764236446.861078092] compute22:rank40.Fock: reg_mr failed: 0xff0000057d000000:0xff0000058cffffff (len 0x10000000) access 0x90000003 id 29 base 0xff0000056d000000: Cannot allocate memory
[1764236447.039631817] compute22:rank40.Fock: reg_mr failed 10 times in a row.
[1764236448.015638983] compute23:rank52.Fock: reg_mr failed: 0xff000003cd200000:0xff000003dd1fffff (len 0x10000000) access 0x90000003 id 26 base 0xff0000036d200000: Cannot allocate memory
[1764236448.130409607] compute12:rank15.Fock: reg_mr failed: 0xff000005dd000000:0xff000005ecffffff (len 0x10000000) access 0x90000003 id 29 base 0xff0000056d000000: Cannot allocate memory
[1764236449.023621331] compute11:rank1.Fock: reg_mr failed: 0xff000005cd000000:0xff000005dcffffff (len 0x10000000) access 0x90000003 id 29 base 0xff0000056d000000: Cannot allocate memory
[1764236449.202698213] compute11:rank1.Fock: reg_mr failed 10 times in a row.
[1764236449.253123808] compute21:rank32.Fock: reg_mr failed: 0xff000005ad000000:0xff000005bcffffff (len 0x10000000) access 0x90000003 id 29 base 0xff0000056d000000: Cannot allocate memory
[1764236449.438412301] compute21:rank32.Fock: reg_mr failed 10 times in a row.
[1764236449.515766838] compute11:rank3.Fock: reg_mr failed: 0xff0000057d000000:0xff0000058cffffff (len 0x10000000) access 0x90000003 id 29 base 0xff0000056d000000: Cannot allocate memory
[1764236449.551361442] compute11:rank3.Fock: reg_mr failed 10 times in a row.
[1764236449.600821864] compute14:rank31.Fock: reg_mr failed: 0xff00000467c00000:0xff00000477bfffff (len 0x10000000) access 0x90000003 id 27 base 0xff00000417c00000: Cannot allocate memory
[1764236449.795900903] compute14:rank31.Fock: reg_mr failed 10 times in a row.
  #Exact exchange calculation:66%; Time (s): Elapsed=183.0969, Remaining=94.
[1764236451.330468799] compute13:rank18.Fock: reg_mr failed: 0xff00000427c00000:0xff00000437bfffff (len 0x10000000) access 0x90000003 id 27 base 0xff00000417c00000: Cannot allocate memory
[1764236451.825615495] compute14:rank25.Fock: reg_mr failed: 0xff00000467c00000:0xff00000477bfffff (len 0x10000000) access 0x90000003 id 27 base 0xff00000417c00000: Cannot allocate memory
[1764236451.868333254] compute14:rank25.Fock: reg_mr failed 10 times in a row.
[1764236452.352028555] compute12:rank12.Fock: reg_mr failed: 0xff00000497c00000:0xff000004a7bfffff (len 0x10000000) access 0x90000003 id 27 base 0xff00000417c00000: Cannot allocate memory
[1764236452.465010673] compute12:rank12.Fock: reg_mr failed 10 times in a row.
[1764236454.358641079] compute12:rank15.Fock: reg_mr failed: 0xff0000057d000000:0xff0000058cffffff (len 0x10000000) access 0x90000003 id 29 base 0xff0000056d000000: Cannot allocate memory
[1764236455.997517199] compute13:rank19.Fock: reg_mr failed: 0xff000003dd200000:0xff000003ed1fffff (len 0x10000000) access 0x90000003 id 26 base 0xff0000036d200000: Cannot allocate memory
[1764236456.125592374] compute13:rank19.Fock: reg_mr failed 10 times in a row.
[1764236456.653160062] compute12:rank11.Fock: reg_mr failed: 0xff000003dd200000:0xff000003ed1fffff (len 0x10000000) access 0x90000003 id 26 base 0xff0000036d200000: Cannot allocate memory
[1764236456.716812714] compute12:rank11.Fock: reg_mr failed 10 times in a row.
[1764236457.342785359] compute14:rank29.Fock: reg_mr failed: 0xff0000037d200000:0xff0000038d1fffff (len 0x10000000) access 0x90000003 id 26 base 0xff0000036d200000: Cannot allocate memory
[1764236457.527666798] compute14:rank29.Fock: reg_mr failed 10 times in a row.
  #Exact exchange calculation:69%; Time (s): Elapsed=191.3424, Remaining=86.
[1764236458.159671432] compute14:rank29.Fock: reg_mr failed: 0xff000003bd200000:0xff000003cd1fffff (len 0x10000000) access 0x90000003 id 26 base 0xff0000036d200000: Cannot allocate memory
[1764236458.190354602] compute14:rank29.Fock: reg_mr failed 10 times in a row.
[1764236458.281079459] compute11:rank7.Fock: reg_mr failed: 0xff0000058d000000:0xff0000059cffffff (len 0x10000000) access 0x90000003 id 29 base 0xff0000056d000000: Cannot allocate memory
[1764236458.441492916] compute11:rank7.Fock: reg_mr failed 10 times in a row.
[1764236459.187206667] compute13:rank23.Fock: reg_mr failed: 0xff0000059d000000:0xff000005acffffff (len 0x10000000) access 0x90000003 id 29 base 0xff0000056d000000: Cannot allocate memory
[1764236459.351818279] compute13:rank23.Fock: reg_mr failed 10 times in a row.
[1764236461.090413571] compute11:rank6.Fock: reg_mr failed: 0xff000003ed200000:0xff000003fd1fffff (len 0x10000000) access 0x90000003 id 26 base 0xff0000036d200000: Cannot allocate memory
[1764236461.889550076] compute13:rank17.Fock: reg_mr failed: 0xff00000497c00000:0xff000004a7bfffff (len 0x10000000) access 0x90000003 id 27 base 0xff00000417c00000: Cannot allocate memory
[1764236461.915775629] compute13:rank17.Fock: reg_mr failed 10 times in a row.
[1764236462.144961875] compute21:rank36.Fock: reg_mr failed: 0xff0000057d000000:0xff0000058cffffff (len 0x10000000) access 0x90000003 id 29 base 0xff0000056d000000: Cannot allocate memory
[1764236462.352177193] compute21:rank36.Fock: reg_mr failed 10 times in a row.
[1764236462.526511120] compute14:rank26.Fock: reg_mr failed: 0xff0000057d000000:0xff0000058cffffff (len 0x10000000) access 0x90000003 id 29 base 0xff0000056d000000: Cannot allocate memory
[1764236462.710313961] compute14:rank26.Fock: reg_mr failed 10 times in a row.
[1764236462.789801304] compute12:rank15.Fock: reg_mr failed: 0xff000005ed000000:0xff000005fcffffff (len 0x10000000) access 0x90000003 id 29 base 0xff0000056d000000: Cannot allocate memory
[1764236463.187930919] compute23:rank52.Fock: reg_mr failed: 0xff000005ad000000:0xff000005bcffffff (len 0x10000000) access 0x90000003 id 29 base 0xff0000056d000000: Cannot allocate memory
  #Exact exchange calculation:72%; Time (s): Elapsed=199.5912, Remaining=78.
[1764236466.786582643] compute14:rank30.Fock: reg_mr failed: 0xff00000477c00000:0xff00000487bfffff (len 0x10000000) access 0x90000003 id 27 base 0xff00000417c00000: Cannot allocate memory
[1764236466.815677611] compute14:rank30.Fock: reg_mr failed 10 times in a row.
[1764236466.855705816] compute11:rank3.Fock: reg_mr failed: 0xff0000057d000000:0xff0000058cffffff (len 0x10000000) access 0x90000003 id 29 base 0xff0000056d000000: Cannot allocate memory
[1764236467.036380564] compute11:rank3.Fock: reg_mr failed 10 times in a row.
[1764236467.458776039] compute11:rank3.Fock: reg_mr failed: 0xff000005ad000000:0xff000005bcffffff (len 0x10000000) access 0x90000003 id 29 base 0xff0000056d000000: Cannot allocate memory
[1764236467.612397865] compute11:rank3.Fock: reg_mr failed: 0xff000005bd000000:0xff000005ccffffff (len 0x10000000) access 0x90000003 id 29 base 0xff0000056d000000: Cannot allocate memory
[1764236467.860991955] compute11:rank3.Fock: reg_mr failed: 0xff000005dd000000:0xff000005ecffffff (len 0x10000000) access 0x90000003 id 29 base 0xff0000056d000000: Cannot allocate memory
[1764236467.885911016] compute11:rank3.Fock: reg_mr failed 10 times in a row.
[1764236468.037259807] compute11:rank3.Fock: reg_mr failed: 0xff000005ed000000:0xff000005fcffffff (len 0x10000000) access 0x90000003 id 29 base 0xff0000056d000000: Cannot allocate memory
[1764236468.061255775] compute11:rank3.Fock: reg_mr failed 10 times in a row.
[1764236468.240503430] compute11:rank3.Fock: reg_mr failed: 0xff000005fd000000:0xff0000060cffffff (len 0x10000000) access 0x90000003 id 29 base 0xff0000056d000000: Cannot allocate memory
[1764236469.152305322] compute23:rank50.Fock: reg_mr failed: 0xff00000447c00000:0xff00000457bfffff (len 0x10000000) access 0x90000003 id 27 base 0xff00000417c00000: Cannot allocate memory
[1764236469.341708157] compute23:rank50.Fock: reg_mr failed 10 times in a row.
[1764236469.615194886] compute12:rank14.Fock: reg_mr failed: 0xff000003dd200000:0xff000003ed1fffff (len 0x10000000) access 0x90000003 id 26 base 0xff0000036d200000: Cannot allocate memory
[1764236469.800254702] compute12:rank14.Fock: reg_mr failed 10 times in a row.
[1764236470.466144641] compute22:rank46.Fock: reg_mr failed: 0xff00000467c00000:0xff00000477bfffff (len 0x10000000) access 0x90000003 id 27 base 0xff00000417c00000: Cannot allocate memory
[1764236470.615477823] compute22:rank46.Fock: reg_mr failed 10 times in a row.
[1764236473.614867900] compute21:rank34.Fock: reg_mr failed: 0xff0000037d200000:0xff0000038d1fffff (len 0x10000000) access 0x90000003 id 26 base 0xff0000036d200000: Cannot allocate memory
[1764236473.724224211] compute13:rank21.Fock: reg_mr failed: 0xff000005cd000000:0xff000005dcffffff (len 0x10000000) access 0x90000003 id 29 base 0xff0000056d000000: Cannot allocate memory
[1764236473.779915411] compute21:rank34.Fock: reg_mr failed 10 times in a row.
[1764236473.825044324] compute31:rank56.Fock: reg_mr failed: 0xff000005bd000000:0xff000005ccffffff (len 0x10000000) access 0x90000003 id 29 base 0xff0000056d000000: Cannot allocate memory
[1764236473.890266990] compute12:rank9.Fock: reg_mr failed: 0xff000003bd200000:0xff000003cd1fffff (len 0x10000000) access 0x90000003 id 26 base 0xff0000036d200000: Cannot allocate memory
[1764236473.905855304] compute13:rank21.Fock: reg_mr failed 10 times in a row.
[1764236473.926428584] compute12:rank9.Fock: reg_mr failed 10 times in a row.
[1764236473.989028662] compute31:rank56.Fock: reg_mr failed 10 times in a row.
  #Exact exchange calculation:75%; Time (s): Elapsed=207.8483, Remaining=69.
[1764236474.982072563] compute14:rank31.Fock: reg_mr failed: 0xff000005fd000000:0xff0000060c33338f (len 0xf333390) access 0x90000003 id 29 base 0xff0000056d000000: Cannot allocate memory
[1764236475.747479736] compute11:rank3.Fock: reg_mr failed: 0xff0000057d000000:0xff0000058cffffff (len 0x10000000) access 0x90000003 id 29 base 0xff0000056d000000: Cannot allocate memory
[1764236475.906750312] compute11:rank3.Fock: reg_mr failed 10 times in a row.
[1764236476.294779643] compute11:rank5.Fock: reg_mr failed: 0xff0000037d200000:0xff0000038d1fffff (len 0x10000000) access 0x90000003 id 26 base 0xff0000036d200000: Cannot allocate memory
[1764236476.321191111] compute11:rank5.Fock: reg_mr failed 10 times in a row.
[1764236476.341049257] compute11:rank3.Fock: reg_mr failed: 0xff000005ad000000:0xff000005bcffffff (len 0x10000000) access 0x90000003 id 29 base 0xff0000056d000000: Cannot allocate memory
[1764236476.383470409] compute22:rank45.Fock: reg_mr failed: 0xff0000037d200000:0xff0000038d1fffff (len 0x10000000) access 0x90000003 id 26 base 0xff0000036d200000: Cannot allocate memory
[1764236476.563222002] compute22:rank45.Fock: reg_mr failed 10 times in a row.
[1764236476.563626854] compute14:rank25.Fock: reg_mr failed: 0xff000003ad200000:0xff000003bd1fffff (len 0x10000000) access 0x90000003 id 26 base 0xff0000036d200000: Cannot allocate memory
[1764236476.604789112] compute11:rank3.Fock: reg_mr failed: 0xff000005cd000000:0xff000005dcffffff (len 0x10000000) access 0x90000003 id 29 base 0xff0000056d000000: Cannot allocate memory
[1764236476.629391916] compute11:rank3.Fock: reg_mr failed 10 times in a row.
[1764236476.661759947] compute14:rank25.Fock: reg_mr failed 10 times in a row.
[1764236476.771234679] compute11:rank3.Fock: reg_mr failed: 0xff000005dd000000:0xff000005ecffffff (len 0x10000000) access 0x90000003 id 29 base 0xff0000056d000000: Cannot allocate memory
[1764236476.796197585] compute11:rank3.Fock: reg_mr failed 10 times in a row.
[1764236476.855865380] compute22:rank45.Fock: reg_mr failed: 0xff0000039d200000:0xff000003ad1fffff (len 0x10000000) access 0x90000003 id 26 base 0xff0000036d200000: Cannot allocate memory
[1764236476.932195167] compute11:rank3.Fock: reg_mr failed: 0xff000005ed000000:0xff000005fcffffff (len 0x10000000) access 0x90000003 id 29 base 0xff0000056d000000: Cannot allocate memory
[1764236476.956018546] compute11:rank3.Fock: reg_mr failed 10 times in a row.
[1764236477.094876186] compute11:rank3.Fock: reg_mr failed: 0xff000005fd000000:0xff0000060cffffff (len 0x10000000) access 0x90000003 id 29 base 0xff0000056d000000: Cannot allocate memory
[1764236477.119375422] compute11:rank3.Fock: reg_mr failed 10 times in a row.
[1764236478.171388776] compute14:rank28.Fock: reg_mr failed: 0xff000005bd000000:0xff000005ccffffff (len 0x10000000) access 0x90000003 id 29 base 0xff0000056d000000: Cannot allocate memory
[1764236478.195734720] compute14:rank28.Fock: reg_mr failed 10 times in a row.
[1764236478.457430505] compute22:rank44.Fock: reg_mr failed: 0xff000005bd000000:0xff000005ccffffff (len 0x10000000) access 0x90000003 id 29 base 0xff0000056d000000: Cannot allocate memory
[1764236478.489393777] compute22:rank44.Fock: reg_mr failed 10 times in a row.
[1764236478.933853487] compute22:rank44.Fock: reg_mr failed: 0xff000005ed000000:0xff000005fcffffff (len 0x10000000) access 0x90000003 id 29 base 0xff0000056d000000: Cannot allocate memory
[1764236481.055222807] compute12:rank10.Fock: reg_mr failed: 0xff00000467c00000:0xff00000477bfffff (len 0x10000000) access 0x90000003 id 27 base 0xff00000417c00000: Cannot allocate memory
[1764236481.257341056] compute12:rank10.Fock: reg_mr failed 10 times in a row.
[1764236481.464296209] compute21:rank38.Fock: reg_mr failed: 0xff000004a7c00000:0xff000004b7bfffff (len 0x10000000) access 0x90000003 id 27 base 0xff00000417c00000: Cannot allocate memory
[1764236481.503848966] compute21:rank39.Fock: reg_mr failed: 0xff00000497c00000:0xff000004a7bfffff (len 0x10000000) access 0x90000003 id 27 base 0xff00000417c00000: Cannot allocate memory
[1764236481.594465981] compute21:rank38.Fock: reg_mr failed 10 times in a row.
[1764236481.642814605] compute21:rank39.Fock: reg_mr failed 10 times in a row.
[1764236481.712556287] compute12:rank10.Fock: reg_mr failed: 0xff000005dd000000:0xff000005ecffffff (len 0x10000000) access 0x90000003 id 29 base 0xff0000056d000000: Cannot allocate memory
[1764236481.755230369] compute12:rank10.Fock: reg_mr failed 10 times in a row.
  #Exact exchange calculation:79%; Time (s): Elapsed=216.1119, Remaining=57.
[1764236483.449354123] compute13:rank20.Fock: reg_mr failed: 0xff00000437c00000:0xff00000447bfffff (len 0x10000000) access 0x90000003 id 27 base 0xff00000417c00000: Cannot allocate memory
[1764236483.632287031] compute13:rank20.Fock: reg_mr failed 10 times in a row.
[1764236484.774525657] compute11:rank3.Fock: reg_mr failed: 0xff0000057d000000:0xff0000058cffffff (len 0x10000000) access 0x90000003 id 29 base 0xff0000056d000000: Cannot allocate memory
[1764236484.955933334] compute11:rank3.Fock: reg_mr failed 10 times in a row.
[1764236485.260284606] compute11:rank3.Fock: reg_mr failed: 0xff0000059d000000:0xff000005acffffff (len 0x10000000) access 0x90000003 id 29 base 0xff0000056d000000: Cannot allocate memory
[1764236485.290359013] compute11:rank3.Fock: reg_mr failed 10 times in a row.
[1764236485.554839244] compute11:rank3.Fock: reg_mr failed: 0xff000005bd000000:0xff000005ccffffff (len 0x10000000) access 0x90000003 id 29 base 0xff0000056d000000: Cannot allocate memory
[1764236485.585630038] compute11:rank3.Fock: reg_mr failed 10 times in a row.
[1764236485.850033925] compute11:rank3.Fock: reg_mr failed: 0xff000005dd000000:0xff000005ecffffff (len 0x10000000) access 0x90000003 id 29 base 0xff0000056d000000: Cannot allocate memory
[1764236485.880417500] compute11:rank3.Fock: reg_mr failed 10 times in a row.
[1764236486.146047541] compute11:rank3.Fock: reg_mr failed: 0xff000005fd000000:0xff0000060cffffff (len 0x10000000) access 0x90000003 id 29 base 0xff0000056d000000: Cannot allocate memory
[1764236486.174603155] compute11:rank3.Fock: reg_mr failed 10 times in a row.
[1764236486.926405760] compute14:rank27.Fock: reg_mr failed: 0xff000005bd000000:0xff000005ccffffff (len 0x10000000) access 0x90000003 id 29 base 0xff0000056d000000: Cannot allocate memory
[1764236487.772683327] compute13:rank19.Fock: reg_mr failed: 0xff0000037d200000:0xff0000038d1fffff (len 0x10000000) access 0x90000003 id 26 base 0xff0000036d200000: Cannot allocate memory
[1764236487.800579987] compute13:rank19.Fock: reg_mr failed 10 times in a row.
[1764236488.958524045] compute13:rank19.Fock: reg_mr failed: 0xff000005fd000000:0xff0000060c33338f (len 0xf333390) access 0x90000003 id 29 base 0xff0000056d000000: Cannot allocate memory
[1764236489.072537815] compute13:rank23.Fock: reg_mr failed: 0xff000005ed000000:0xff000005fcffffff (len 0x10000000) access 0x90000003 id 29 base 0xff0000056d000000: Cannot allocate memory
[1764236489.137348169] compute13:rank23.Fock: reg_mr failed 10 times in a row.
[1764236489.140584265] compute13:rank19.Fock: reg_mr failed 10 times in a row.
[1764236489.830666506] compute31:rank59.Fock: reg_mr failed: 0xff0000059d000000:0xff000005acffffff (len 0x10000000) access 0x90000003 id 29 base 0xff0000056d000000: Cannot allocate memory
[1764236490.024447857] compute31:rank59.Fock: reg_mr failed 10 times in a row.
[1764236490.478737482] compute12:rank9.Fock: reg_mr failed: 0xff000003fd200000:0xff0000040d1fffff (len 0x10000000) access 0x90000003 id 26 base 0xff0000036d200000: Cannot allocate memory
[1764236490.656170538] compute12:rank9.Fock: reg_mr failed 10 times in a row.
[1764236490.897368276] compute21:rank34.Fock: reg_mr failed: 0xff000003ad200000:0xff000003bd1fffff (len 0x10000000) access 0x90000003 id 26 base 0xff0000036d200000: Cannot allocate memory
[1764236491.071614981] compute21:rank34.Fock: reg_mr failed 10 times in a row.
  #Exact exchange calculation:82%; Time (s): Elapsed=224.3872, Remaining=49.
[1764236491.653453791] compute23:rank50.Fock: reg_mr failed: 0xff000005dd000000:0xff000005ecffffff (len 0x10000000) access 0x90000003 id 29 base 0xff0000056d000000: Cannot allocate memory
[1764236491.669464504] compute13:rank20.Fock: reg_mr failed: 0xff000003cd200000:0xff000003dd1fffff (len 0x10000000) access 0x90000003 id 26 base 0xff0000036d200000: Cannot allocate memory
[1764236491.693703061] compute13:rank20.Fock: reg_mr failed 10 times in a row.
[1764236491.839473923] compute23:rank50.Fock: reg_mr failed 10 times in a row.
[1764236492.433034297] compute14:rank25.Fock: reg_mr failed: 0xff000005cd000000:0xff000005dcffffff (len 0x10000000) access 0x90000003 id 29 base 0xff0000056d000000: Cannot allocate memory
[1764236492.590170840] compute14:rank25.Fock: reg_mr failed 10 times in a row.
[1764236493.768586517] compute11:rank3.Fock: reg_mr failed: 0xff0000058d000000:0xff0000059cffffff (len 0x10000000) access 0x90000003 id 29 base 0xff0000056d000000: Cannot allocate memory
[1764236493.948182835] compute11:rank3.Fock: reg_mr failed 10 times in a row.
[1764236494.469772670] compute11:rank3.Fock: reg_mr failed: 0xff000005cd000000:0xff000005dcffffff (len 0x10000000) access 0x90000003 id 29 base 0xff0000056d000000: Cannot allocate memory
[1764236494.495992398] compute11:rank3.Fock: reg_mr failed 10 times in a row.
[1764236494.625860388] compute13:rank22.Fock: reg_mr failed: 0xff000005cd000000:0xff000005dcffffff (len 0x10000000) access 0x90000003 id 29 base 0xff0000056d000000: Cannot allocate memory
[1764236494.632400380] compute11:rank3.Fock: reg_mr failed: 0xff000005dd000000:0xff000005ecffffff (len 0x10000000) access 0x90000003 id 29 base 0xff0000056d000000: Cannot allocate memory
[1764236494.902265815] compute11:rank3.Fock: reg_mr failed: 0xff000005fd000000:0xff0000060cffffff (len 0x10000000) access 0x90000003 id 29 base 0xff0000056d000000: Cannot allocate memory
[1764236494.932039248] compute11:rank3.Fock: reg_mr failed 10 times in a row.
[1764236495.147556759] compute14:rank27.Fock: reg_mr failed: 0xff000005cd000000:0xff000005dcffffff (len 0x10000000) access 0x90000003 id 29 base 0xff0000056d000000: Cannot allocate memory
[1764236495.172160107] compute14:rank27.Fock: reg_mr failed 10 times in a row.
[1764236497.169280953] compute14:rank28.Fock: reg_mr failed: 0xff000003fd200000:0xff0000040d1fffff (len 0x10000000) access 0x90000003 id 26 base 0xff0000036d200000: Cannot allocate memory
  #Exact exchange calculation:85%; Time (s): Elapsed=232.6711, Remaining=41.
[1764236499.591039164] compute14:rank24.Fock: reg_mr failed: 0xff00000447c00000:0xff00000457bfffff (len 0x10000000) access 0x90000003 id 27 base 0xff00000417c00000: Cannot allocate memory
[1764236499.738179766] compute14:rank24.Fock: reg_mr failed 10 times in a row.
[1764236499.738802987] compute22:rank45.Fock: reg_mr failed: 0xff00000467c00000:0xff00000477bfffff (len 0x10000000) access 0x90000003 id 27 base 0xff00000417c00000: Cannot allocate memory
[1764236499.761467424] compute14:rank25.Fock: reg_mr failed: 0xff0000059d000000:0xff000005acffffff (len 0x10000000) access 0x90000003 id 29 base 0xff0000056d000000: Cannot allocate memory
[1764236499.793038032] compute14:rank25.Fock: reg_mr failed 10 times in a row.
[1764236499.919054439] compute22:rank45.Fock: reg_mr failed 10 times in a row.
[1764236501.091709025] compute22:rank43.Fock: reg_mr failed: 0xff00000467c00000:0xff00000477bfffff (len 0x10000000) access 0x90000003 id 27 base 0xff00000417c00000: Cannot allocate memory
[1764236501.116148397] compute22:rank43.Fock: reg_mr failed 10 times in a row.
[1764236501.179241678] compute14:rank26.Fock: reg_mr failed: 0xff00000437c00000:0xff00000447bfffff (len 0x10000000) access 0x90000003 id 27 base 0xff00000417c00000: Cannot allocate memory
[1764236501.204330853] compute14:rank26.Fock: reg_mr failed 10 times in a row.
[1764236501.236778580] compute22:rank44.Fock: reg_mr failed: 0xff0000058d000000:0xff0000059cffffff (len 0x10000000) access 0x90000003 id 29 base 0xff0000056d000000: Cannot allocate memory
[1764236501.267511174] compute22:rank44.Fock: reg_mr failed 10 times in a row.
[1764236501.556034487] compute22:rank43.Fock: reg_mr failed: 0xff00000497c00000:0xff000004a7bfffff (len 0x10000000) access 0x90000003 id 27 base 0xff00000417c00000: Cannot allocate memory
[1764236501.580340755] compute22:rank43.Fock: reg_mr failed 10 times in a row.
[1764236501.611206761] compute14:rank26.Fock: reg_mr failed: 0xff000005bd000000:0xff000005ccffffff (len 0x10000000) access 0x90000003 id 29 base 0xff0000056d000000: Cannot allocate memory
[1764236501.636312617] compute14:rank26.Fock: reg_mr failed 10 times in a row.
[1764236503.239537367] compute14:rank29.Fock: reg_mr failed: 0xff0000057d000000:0xff0000058cffffff (len 0x10000000) access 0x90000003 id 29 base 0xff0000056d000000: Cannot allocate memory
[1764236503.272680212] compute14:rank29.Fock: reg_mr failed 10 times in a row.
[1764236503.530054660] compute14:rank29.Fock: reg_mr failed: 0xff0000058d000000:0xff0000059cffffff (len 0x10000000) access 0x90000003 id 29 base 0xff0000056d000000: Cannot allocate memory
[1764236503.580212807] compute14:rank29.Fock: reg_mr failed 10 times in a row.
[1764236503.697046523] compute22:rank42.Fock: reg_mr failed: 0xff00000447c00000:0xff00000457bfffff (len 0x10000000) access 0x90000003 id 27 base 0xff00000417c00000: Cannot allocate memory
[1764236504.153892928] compute22:rank41.Fock: reg_mr failed: 0xff000005dd000000:0xff000005ecffffff (len 0x10000000) access 0x90000003 id 29 base 0xff0000056d000000: Cannot allocate memory
[1764236504.186177896] compute22:rank41.Fock: reg_mr failed 10 times in a row.
[1764236504.727864002] compute11:rank2.Fock: reg_mr failed: 0xff00000497c00000:0xff000004a7bfffff (len 0x10000000) access 0x90000003 id 27 base 0xff00000417c00000: Cannot allocate memory
[1764236505.642205423] compute13:rank17.Fock: reg_mr failed: 0xff000003cd200000:0xff000003dd1fffff (len 0x10000000) access 0x90000003 id 26 base 0xff0000036d200000: Cannot allocate memory
[1764236505.828450381] compute13:rank17.Fock: reg_mr failed 10 times in a row.
[1764236506.918886056] compute21:rank35.Fock: reg_mr failed: 0xff000005cd000000:0xff000005dcffffff (len 0x10000000) access 0x90000003 id 29 base 0xff0000056d000000: Cannot allocate memory
[1764236507.075488350] compute21:rank35.Fock: reg_mr failed 10 times in a row.
  #Exact exchange calculation:88%; Time (s): Elapsed=240.9624, Remaining=33.
[1764236508.425149293] compute22:rank43.Fock: reg_mr failed: 0xff0000057d000000:0xff0000058cffffff (len 0x10000000) access 0x90000003 id 29 base 0xff0000056d000000: Cannot allocate memory
[1764236508.604407189] compute22:rank43.Fock: reg_mr failed 10 times in a row.
[1764236509.540461695] compute22:rank43.Fock: reg_mr failed: 0xff000005dd000000:0xff000005ecffffff (len 0x10000000) access 0x90000003 id 29 base 0xff0000056d000000: Cannot allocate memory
[1764236509.564602407] compute22:rank43.Fock: reg_mr failed 10 times in a row.
[1764236509.742517639] compute22:rank43.Fock: reg_mr failed: 0xff000005ed000000:0xff000005fcffffff (len 0x10000000) access 0x90000003 id 29 base 0xff0000056d000000: Cannot allocate memory
[1764236509.837315911] compute11:rank3.Fock: reg_mr failed: 0xff0000057d000000:0xff0000058cffffff (len 0x10000000) access 0x90000003 id 29 base 0xff0000056d000000: Cannot allocate memory
[1764236510.004054861] compute11:rank3.Fock: reg_mr failed 10 times in a row.
[1764236510.649924067] compute11:rank3.Fock: reg_mr failed: 0xff000005cd000000:0xff000005dcffffff (len 0x10000000) access 0x90000003 id 29 base 0xff0000056d000000: Cannot allocate memory
[1764236510.790957274] compute11:rank3.Fock: reg_mr failed: 0xff000005dd000000:0xff000005ecffffff (len 0x10000000) access 0x90000003 id 29 base 0xff0000056d000000: Cannot allocate memory
[1764236510.918973224] compute14:rank27.Fock: reg_mr failed: 0xff000003cd200000:0xff000003dd1fffff (len 0x10000000) access 0x90000003 id 26 base 0xff0000036d200000: Cannot allocate memory
[1764236510.932601665] compute11:rank3.Fock: reg_mr failed: 0xff000005ed000000:0xff000005fcffffff (len 0x10000000) access 0x90000003 id 29 base 0xff0000056d000000: Cannot allocate memory
[1764236511.082410987] compute14:rank27.Fock: reg_mr failed 10 times in a row.
[1764236513.092199572] compute23:rank52.Fock: reg_mr failed: 0xff000005ed000000:0xff000005fcffffff (len 0x10000000) access 0x90000003 id 29 base 0xff0000056d000000: Cannot allocate memory
[1764236513.273050436] compute23:rank52.Fock: reg_mr failed 10 times in a row.
[1764236514.576678580] compute23:rank50.Fock: reg_mr failed: 0xff0000057d000000:0xff0000058cffffff (len 0x10000000) access 0x90000003 id 29 base 0xff0000056d000000: Cannot allocate memory
[1764236514.615487898] compute23:rank50.Fock: reg_mr failed 10 times in a row.
[1764236515.030441079] compute22:rank45.Fock: reg_mr failed: 0xff0000058d000000:0xff0000059cffffff (len 0x10000000) access 0x90000003 id 29 base 0xff0000056d000000: Cannot allocate memory
[1764236515.211489876] compute22:rank45.Fock: reg_mr failed 10 times in a row.
[1764236515.440552824] compute23:rank50.Fock: reg_mr failed: 0xff00000487c00000:0xff00000497bfffff (len 0x10000000) access 0x90000003 id 27 base 0xff00000417c00000: Cannot allocate memory
[1764236515.738672782] compute23:rank50.Fock: reg_mr failed: 0xff000005fd000000:0xff0000060c33338f (len 0xf333390) access 0x90000003 id 29 base 0xff0000056d000000: Cannot allocate memory
[1764236515.776911602] compute23:rank50.Fock: reg_mr failed 10 times in a row.
  #Exact exchange calculation:91%; Time (s): Elapsed=249.2600, Remaining=25.
[1764236516.509191626] compute14:rank26.Fock: reg_mr failed: 0xff00000447c00000:0xff00000457bfffff (len 0x10000000) access 0x90000003 id 27 base 0xff00000417c00000: Cannot allocate memory
[1764236516.687978712] compute14:rank26.Fock: reg_mr failed 10 times in a row.
[1764236516.869856726] compute22:rank44.Fock: reg_mr failed: 0xff00000427c00000:0xff00000437bfffff (len 0x10000000) access 0x90000003 id 27 base 0xff00000417c00000: Cannot allocate memory
[1764236516.898562967] compute22:rank44.Fock: reg_mr failed 10 times in a row.
[1764236516.915601710] compute22:rank43.Fock: reg_mr failed: 0xff00000427c00000:0xff00000437bfffff (len 0x10000000) access 0x90000003 id 27 base 0xff00000417c00000: Cannot allocate memory
[1764236516.940458233] compute22:rank43.Fock: reg_mr failed 10 times in a row.
[1764236518.496281491] compute14:rank27.Fock: reg_mr failed: 0xff000005bd000000:0xff000005ccffffff (len 0x10000000) access 0x90000003 id 29 base 0xff0000056d000000: Cannot allocate memory
[1764236518.520878457] compute14:rank27.Fock: reg_mr failed 10 times in a row.
[1764236519.079400082] compute11:rank3.Fock: reg_mr failed: 0xff0000037d200000:0xff0000038d1fffff (len 0x10000000) access 0x90000003 id 26 base 0xff0000036d200000: Cannot allocate memory
[1764236519.261459452] compute11:rank3.Fock: reg_mr failed 10 times in a row.
[1764236519.346893265] compute22:rank41.Fock: reg_mr failed: 0xff00000497c00000:0xff000004a7bfffff (len 0x10000000) access 0x90000003 id 27 base 0xff00000417c00000: Cannot allocate memory
[1764236519.379679762] compute22:rank41.Fock: reg_mr failed 10 times in a row.
[1764236519.478279901] compute14:rank29.Fock: reg_mr failed: 0xff0000057d000000:0xff0000058cffffff (len 0x10000000) access 0x90000003 id 29 base 0xff0000056d000000: Cannot allocate memory
[1764236519.529265947] compute14:rank29.Fock: reg_mr failed 10 times in a row.
[1764236519.726073426] compute22:rank42.Fock: reg_mr failed: 0xff000005bd000000:0xff000005ccffffff (len 0x10000000) access 0x90000003 id 29 base 0xff0000056d000000: Cannot allocate memory
[1764236519.760623454] compute22:rank42.Fock: reg_mr failed 10 times in a row.
[1764236519.993169826] compute14:rank30.Fock: reg_mr failed: 0xff000005bd000000:0xff000005ccffffff (len 0x10000000) access 0x90000003 id 29 base 0xff0000056d000000: Cannot allocate memory
[1764236520.034012451] compute14:rank30.Fock: reg_mr failed 10 times in a row.
[1764236520.475261038] compute22:rank40.Fock: reg_mr failed: 0xff00000477c00000:0xff00000487bfffff (len 0x10000000) access 0x90000003 id 27 base 0xff00000417c00000: Cannot allocate memory
[1764236520.656342327] compute22:rank40.Fock: reg_mr failed 10 times in a row.
[1764236520.879000664] compute23:rank52.Fock: reg_mr failed: 0xff0000057d000000:0xff0000058cffffff (len 0x10000000) access 0x90000003 id 29 base 0xff0000056d000000: Cannot allocate memory
[1764236521.049876477] compute23:rank52.Fock: reg_mr failed 10 times in a row.
[1764236521.464492846] compute23:rank52.Fock: reg_mr failed: 0xff000005ad000000:0xff000005bcffffff (len 0x10000000) access 0x90000003 id 29 base 0xff0000056d000000: Cannot allocate memory
[1764236521.852020067] compute23:rank52.Fock: reg_mr failed: 0xff000005dd000000:0xff000005ecffffff (len 0x10000000) access 0x90000003 id 29 base 0xff0000056d000000: Cannot allocate memory
[1764236521.877859139] compute23:rank52.Fock: reg_mr failed 10 times in a row.
[1764236522.142990872] compute23:rank52.Fock: reg_mr failed: 0xff000005fd000000:0xff0000060c33338f (len 0xf333390) access 0x90000003 id 29 base 0xff0000056d000000: Cannot allocate memory
[1764236522.181248267] compute23:rank52.Fock: reg_mr failed 10 times in a row.
[1764236522.307743999] compute21:rank37.Fock: reg_mr failed: 0xff00000487c00000:0xff00000497bfffff (len 0x10000000) access 0x90000003 id 27 base 0xff00000417c00000: Cannot allocate memory
[1764236522.487022089] compute21:rank37.Fock: reg_mr failed 10 times in a row.
[1764236522.563011422] compute14:rank24.Fock: reg_mr failed: 0xff000003bd200000:0xff000003cd1fffff (len 0x10000000) access 0x90000003 id 26 base 0xff0000036d200000: Cannot allocate memory
[1764236522.663560830] compute21:rank37.Fock: reg_mr failed: 0xff00000497c00000:0xff000004a7bfffff (len 0x10000000) access 0x90000003 id 27 base 0xff00000417c00000: Cannot allocate memory
[1764236522.686177781] compute21:rank37.Fock: reg_mr failed 10 times in a row.
[1764236522.734130768] compute22:rank46.Fock: reg_mr failed: 0xff0000037d200000:0xff0000038d1fffff (len 0x10000000) access 0x90000003 id 26 base 0xff0000036d200000: Cannot allocate memory
[1764236522.777527718] compute22:rank46.Fock: reg_mr failed 10 times in a row.
[1764236522.804788962] compute14:rank24.Fock: reg_mr failed: 0xff000003cd200000:0xff000003dd1fffff (len 0x10000000) access 0x90000003 id 26 base 0xff0000036d200000: Cannot allocate memory
[1764236522.854561221] compute22:rank45.Fock: reg_mr failed: 0xff0000037d200000:0xff0000038d1fffff (len 0x10000000) access 0x90000003 id 26 base 0xff0000036d200000: Cannot allocate memory
[1764236522.875972462] compute14:rank25.Fock: reg_mr failed: 0xff000005bd000000:0xff000005ccffffff (len 0x10000000) access 0x90000003 id 29 base 0xff0000056d000000: Cannot allocate memory
[1764236522.890793910] compute22:rank45.Fock: reg_mr failed 10 times in a row.
[1764236522.903515196] compute14:rank24.Fock: reg_mr failed 10 times in a row.
[1764236522.908051617] compute14:rank25.Fock: reg_mr failed 10 times in a row.
[1764236523.116755914] compute14:rank24.Fock: reg_mr failed: 0xff000005dd000000:0xff000005ecffffff (len 0x10000000) access 0x90000003 id 29 base 0xff0000056d000000: Cannot allocate memory
[1764236523.124622222] compute23:rank50.Fock: reg_mr failed: 0xff000005cd000000:0xff000005dcffffff (len 0x10000000) access 0x90000003 id 29 base 0xff0000056d000000: Cannot allocate memory
[1764236523.154106612] compute14:rank24.Fock: reg_mr failed 10 times in a row.
[1764236523.162116893] compute23:rank50.Fock: reg_mr failed 10 times in a row.
[1764236523.245435303] compute14:rank25.Fock: reg_mr failed: 0xff000005dd000000:0xff000005ecffffff (len 0x10000000) access 0x90000003 id 29 base 0xff0000056d000000: Cannot allocate memory
[1764236523.275295755] compute14:rank25.Fock: reg_mr failed 10 times in a row.
  #Exact exchange calculation:94%; Time (s): Elapsed=257.5518, Remaining=16.
[1764236524.800282299] compute22:rank43.Fock: reg_mr failed: 0xff000003bd200000:0xff000003cd1fffff (len 0x10000000) access 0x90000003 id 26 base 0xff0000036d200000: Cannot allocate memory
[1764236524.824532773] compute22:rank43.Fock: reg_mr failed 10 times in a row.
[1764236525.215486700] compute22:rank43.Fock: reg_mr failed: 0xff000003ed200000:0xff000003fd1fffff (len 0x10000000) access 0x90000003 id 26 base 0xff0000036d200000: Cannot allocate memory
[1764236525.240435392] compute22:rank43.Fock: reg_mr failed 10 times in a row.
[1764236525.728821914] compute14:rank27.Fock: reg_mr failed: 0xff0000037d200000:0xff0000038d1fffff (len 0x10000000) access 0x90000003 id 26 base 0xff0000036d200000: Cannot allocate memory
[1764236525.754089861] compute14:rank27.Fock: reg_mr failed 10 times in a row.
[1764236526.038887897] compute14:rank28.Fock: reg_mr failed: 0xff000005ad000000:0xff000005bcffffff (len 0x10000000) access 0x90000003 id 29 base 0xff0000056d000000: Cannot allocate memory
[1764236526.172663854] compute14:rank28.Fock: reg_mr failed: 0xff000005bd000000:0xff000005ccffffff (len 0x10000000) access 0x90000003 id 29 base 0xff0000056d000000: Cannot allocate memory
[1764236526.196536697] compute14:rank28.Fock: reg_mr failed 10 times in a row.
[1764236526.470865138] compute14:rank28.Fock: reg_mr failed: 0xff000005dd000000:0xff000005ecffffff (len 0x10000000) access 0x90000003 id 29 base 0xff0000056d000000: Cannot allocate memory
[1764236526.494875676] compute14:rank28.Fock: reg_mr failed 10 times in a row.
[1764236527.901671362] compute21:rank37.Fock: reg_mr failed: 0xff000003bd200000:0xff000003cd1fffff (len 0x10000000) access 0x90000003 id 26 base 0xff0000036d200000: Cannot allocate memory
[1764236528.020371463] compute11:rank3.Fock: reg_mr failed: 0xff0000057d000000:0xff0000058cffffff (len 0x10000000) access 0x90000003 id 29 base 0xff0000056d000000: Cannot allocate memory
[1764236528.176359698] compute11:rank3.Fock: reg_mr failed 10 times in a row.
[1764236528.369633047] compute21:rank37.Fock: reg_mr failed: 0xff000003ed200000:0xff000003fd1fffff (len 0x10000000) access 0x90000003 id 26 base 0xff0000036d200000: Cannot allocate memory
[1764236528.461484698] compute21:rank37.Fock: reg_mr failed 10 times in a row.
[1764236528.470724184] compute11:rank3.Fock: reg_mr failed: 0xff0000059d000000:0xff000005acffffff (len 0x10000000) access 0x90000003 id 29 base 0xff0000056d000000: Cannot allocate memory
[1764236528.499319195] compute11:rank3.Fock: reg_mr failed 10 times in a row.
[1764236528.887391118] compute11:rank3.Fock: reg_mr failed: 0xff000005cd000000:0xff000005dcffffff (len 0x10000000) access 0x90000003 id 29 base 0xff0000056d000000: Cannot allocate memory
[1764236528.917767090] compute11:rank3.Fock: reg_mr failed 10 times in a row.
[1764236529.110386274] compute21:rank39.Fock: reg_mr failed: 0xff0000057d000000:0xff0000058cffffff (len 0x10000000) access 0x90000003 id 29 base 0xff0000056d000000: Cannot allocate memory
[1764236529.143588065] compute21:rank39.Fock: reg_mr failed 10 times in a row.
[1764236529.183888968] compute11:rank3.Fock: reg_mr failed: 0xff000005ed000000:0xff000005fcffffff (len 0x10000000) access 0x90000003 id 29 base 0xff0000056d000000: Cannot allocate memory
[1764236529.212544377] compute11:rank3.Fock: reg_mr failed 10 times in a row.
[1764236529.223482822] compute21:rank32.Fock: reg_mr failed: 0xff0000037d200000:0xff0000038d1fffff (len 0x10000000) access 0x90000003 id 26 base 0xff0000036d200000: Cannot allocate memory
[1764236529.247942724] compute21:rank32.Fock: reg_mr failed 10 times in a row.
[1764236529.346534854] compute11:rank3.Fock: reg_mr failed: 0xff000005fd000000:0xff0000060cffffff (len 0x10000000) access 0x90000003 id 29 base 0xff0000056d000000: Cannot allocate memory
[1764236529.348420901] compute21:rank39.Fock: reg_mr failed: 0xff000003cd200000:0xff000003dd1fffff (len 0x10000000) access 0x90000003 id 26 base 0xff0000036d200000: Cannot allocate memory
[1764236529.371825790] compute21:rank39.Fock: reg_mr failed 10 times in a row.
[1764236529.579910221] compute21:rank39.Fock: reg_mr failed: 0xff0000059d000000:0xff000005acffffff (len 0x10000000) access 0x90000003 id 29 base 0xff0000056d000000: Cannot allocate memory
[1764236529.606888216] compute21:rank39.Fock: reg_mr failed 10 times in a row.
[1764236529.879093332] compute14:rank31.Fock: reg_mr failed: 0xff000005ed000000:0xff000005fcffffff (len 0x10000000) access 0x90000003 id 29 base 0xff0000056d000000: Cannot allocate memory
[1764236529.934708770] compute23:rank52.Fock: reg_mr failed: 0xff000003bd200000:0xff000003cd1fffff (len 0x10000000) access 0x90000003 id 26 base 0xff0000036d200000: Cannot allocate memory
[1764236529.939640610] compute21:rank32.Fock: reg_mr failed: 0xff000005cd000000:0xff000005dcffffff (len 0x10000000) access 0x90000003 id 29 base 0xff0000056d000000: Cannot allocate memory
[1764236529.967274191] compute21:rank32.Fock: reg_mr failed 10 times in a row.
[1764236530.042398794] compute14:rank31.Fock: reg_mr failed 10 times in a row.
[1764236530.122740625] compute23:rank52.Fock: reg_mr failed 10 times in a row.
[1764236530.171879447] compute11:rank0.Fock: reg_mr failed: 0xff0000039d200000:0xff000003ad1fffff (len 0x10000000) access 0x90000003 id 26 base 0xff0000036d200000: Cannot allocate memory
[1764236530.199145626] compute11:rank0.Fock: reg_mr failed 10 times in a row.
[1764236530.359269149] compute23:rank52.Fock: reg_mr failed: 0xff000003dd200000:0xff000003ed1fffff (len 0x10000000) access 0x90000003 id 26 base 0xff0000036d200000: Cannot allocate memory
[1764236530.405805866] compute11:rank0.Fock: reg_mr failed: 0xff0000058d000000:0xff0000059cffffff (len 0x10000000) access 0x90000003 id 29 base 0xff0000056d000000: Cannot allocate memory
[1764236530.433686511] compute11:rank0.Fock: reg_mr failed 10 times in a row.
[1764236530.603436751] compute23:rank52.Fock: reg_mr failed: 0xff000003fd200000:0xff0000040d1fffff (len 0x10000000) access 0x90000003 id 26 base 0xff0000036d200000: Cannot allocate memory
[1764236530.633092729] compute23:rank52.Fock: reg_mr failed 10 times in a row.
  #Exact exchange calculation:97%; Time (s): Elapsed=265.8256, Remaining=8.2
[1764236536.662072368] compute11:rank3.Fock: reg_mr failed: 0xff0000057d000000:0xff0000058cffffff (len 0x10000000) access 0x90000003 id 29 base 0xff0000056d000000: Cannot allocate memory
[1764236536.811276992] compute11:rank3.Fock: reg_mr failed 10 times in a row.
[1764236537.464226842] compute11:rank3.Fock: reg_mr failed: 0xff000005cd000000:0xff000005dcffffff (len 0x10000000) access 0x90000003 id 29 base 0xff0000056d000000: Cannot allocate memory
[1764236537.591149074] compute11:rank3.Fock: reg_mr failed: 0xff000005dd000000:0xff000005ecffffff (len 0x10000000) access 0x90000003 id 29 base 0xff0000056d000000: Cannot allocate memory
[1764236537.615919534] compute11:rank3.Fock: reg_mr failed 10 times in a row.
[1764236537.859681200] compute11:rank3.Fock: reg_mr failed: 0xff000005fd000000:0xff0000060cffffff (len 0x10000000) access 0x90000003 id 29 base 0xff0000056d000000: Cannot allocate memory
  #Exact exchange calculation:100%; Time (s): Elapsed=273.3251, Remaining=0.0
 Exact Exchange Energy       :  5.34408223998E+11
 Expected Exchange Energy    :  3.98942280401E-01
 Memory Consumption Report:
   Tot. No. of Allocations             :  408
   Tot. No. of Deallocations           :  408
   Remaining Memory (B)                :  0
   Memory occupation:
     Peak Value (MB)                   :  6421.373
     for the array                     : displ_res
     in the routine                    : null
     Memory Peak of process            : 6518.328 MB
 Walltime since initialization         :  00:04:48.794155042
 Max No. of dictionaries used          :  595 #( 241 still in use)
 Number of dictionary folders allocated:  1
